season,fpl_code,understat_id,first_gameweek,last_gameweek,mapped_rows
2020-21,7645,587,1,38,38
2020-21,15033,748,1,38,38
2020-21,15157,489,1,38,38
2020-21,15749,609,1,38,38
2020-21,17601,8158,14,38,26
2020-21,17745,745,1,38,38
2020-21,17761,1665,2,38,38
2020-21,17997,857,2,38,38
2020-21,18073,533,1,38,38
2020-21,18867,7712,1,38,38
2020-21,18987,1691,1,38,38
2020-21,19188,512,1,38,38
2020-21,19236,785,1,38,38
2020-21,19419,699,1,38,38
2020-21,19624,3422,1,38,38
2020-21,20066,509,1,38,38
2020-21,20310,624,1,38,38
2020-21,20452,839,1,38,38
2020-21,20467,503,1,38,38
2020-21,21205,1651,2,38,38
2020-21,27436,7711,1,38,38
2020-21,27789,614,2,38,38
2020-21,28690,2164,1,38,38
2020-21,32259,540,1,38,38
2020-21,36903,2251,3,38,36
2020-21,37096,706,1,38,38
2020-21,37339,1685,2,38,38
2020-21,37402,749,1,38,38
2020-21,37572,619,2,38,38
2020-21,37642,807,1,38,38
2020-21,37915,637,1,38,38
2020-21,38290,641,1,38,38
2020-21,38533,6849,1,38,38
2020-21,38588,9423,27,38,12
2020-21,38716,6822,8,38,31
2020-21,39155,486,1,38,38
2020-21,39487,887,2,38,38
2020-21,39790,2259,1,38,38
2020-21,40142,537,1,38,38
2020-21,40145,712,2,38,38
2020-21,40146,835,1,38,38
2020-21,40383,831,1,38,38
2020-21,40386,7704,1,38,38
2020-21,40669,528,1,38,38
2020-21,40720,3294,5,38,35
2020-21,40784,485,1,38,38
2020-21,40836,2190,1,38,38
2020-21,40845,6051,1,38,39
2020-21,41135,682,2,38,37
2020-21,41270,1676,1,38,38
2020-21,41328,681,1,38,38
2020-21,41674,1747,2,38,38
2020-21,41733,771,1,38,38
2020-21,41823,876,1,38,38
2020-21,42427,545,1,38,38
2020-21,43670,554,2,38,38
2020-21,44346,502,1,38,38
2020-21,44683,844,2,38,38
2020-21,44699,4422,2,38,38
2020-21,45268,772,1,38,38
2020-21,47247,7709,1,38,38
2020-21,47390,710,2,38,38
2020-21,47431,700,1,38,38
2020-21,49262,7235,1,38,38
2020-21,49413,530,1,38,38
2020-21,49440,1738,1,38,38
2020-21,49944,1689,1,38,38
2020-21,49957,3231,1,38,38
2020-21,50093,6843,1,38,38
2020-21,50175,501,6,38,33
2020-21,50229,1737,1,38,38
2020-21,50232,769,1,38,38
2020-21,50471,633,1,38,38
2020-21,50472,589,1,38,38
2020-21,51090,3288,1,38,38
2020-21,51927,1654,2,38,38
2020-21,51938,753,1,38,38
2020-21,51940,546,2,38,38
2020-21,54694,318,1,38,38
2020-21,54861,606,1,38,38
2020-21,55037,532,1,38,38
2020-21,55422,714,1,38,38
2020-21,55459,534,1,38,38
2020-21,55494,510,1,38,38
2020-21,55605,639,1,38,38
2020-21,55914,8816,1,38,38
2020-21,56377,6274,1,38,38
2020-21,56979,605,1,38,38
2020-21,56983,461,1,38,38
2020-21,57145,708,1,38,38
2020-21,57328,603,5,38,34
2020-21,57513,3468,1,38,38
2020-21,57531,531,1,38,38
2020-21,58376,635,1,38,38
2020-21,58498,573,2,38,38
2020-21,58621,638,2,38,38
2020-21,58786,525,1,38,38
2020-21,58822,847,1,38,38
2020-21,58845,875,1,38,38
2020-21,59735,780,1,38,38
2020-21,59859,314,2,38,38
2020-21,59940,964,1,38,38
2020-21,59949,585,1,38,38
2020-21,59966,3277,1,38,38
2020-21,60025,2249,1,38,38
2020-21,60232,804,5,38,34
2020-21,60252,775,1,38,38
2020-21,60307,239,1,38,38
2020-21,60551,669,2,38,38
2020-21,60586,1663,2,38,38
2020-21,60689,4456,2,38,38
2020-21,60706,527,1,38,38
2020-21,60914,332,1,38,38
2020-21,61366,447,2,38,38
2020-21,61558,229,2,38,37
2020-21,61600,8757,1,38,38
2020-21,61739,3304,1,38,38
2020-21,61933,6047,1,38,38
2020-21,62398,697,2,38,38
2020-21,62974,644,1,38,38
2020-21,63426,7707,1,38,38
2020-21,66242,6050,1,38,38
2020-21,66588,8716,1,38,38
2020-21,66838,6477,1,38,38
2020-21,66975,5549,1,38,38
2020-21,67089,6532,1,38,38
2020-21,68312,888,1,38,38
2020-21,68983,1652,2,38,38
2020-21,69140,1699,1,38,38
2020-21,72222,4381,1,38,38
2020-21,72681,7077,1,38,38
2020-21,73314,2361,20,38,19
2020-21,74208,1740,2,38,38
2020-21,74230,730,1,38,38
2020-21,75115,468,1,38,38
2020-21,76357,6835,1,38,38
2020-21,76359,951,2,38,38
2020-21,77777,3979,1,38,38
2020-21,78007,465,22,38,19
2020-21,78056,842,1,38,38
2020-21,78356,848,1,38,38
2020-21,78830,647,1,38,38
2020-21,78916,7382,1,38,38
2020-21,79852,4475,2,38,38
2020-21,79934,7710,1,38,38
2020-21,80146,672,1,38,38
2020-21,80179,1711,1,38,38
2020-21,80201,181,1,38,38
2020-21,80226,3600,1,38,38
2020-21,80954,2381,1,38,38
2020-21,81012,6891,1,38,38
2020-21,81183,1017,2,38,38
2020-21,81441,8729,1,38,38
2020-21,81880,966,1,38,38
2020-21,82143,8776,1,38,38
2020-21,82263,1621,1,38,38
2020-21,82403,522,1,38,38
2020-21,82514,7184,1,38,38
2020-21,82691,7706,1,38,38
2020-21,83283,790,1,38,38
2020-21,83299,6048,1,38,38
2020-21,83312,1707,2,38,38
2020-21,83314,1746,1,38,38
2020-21,83427,8286,1,38,38
2020-21,84182,2310,1,38,38
2020-21,84450,204,1,38,38
2020-21,84915,5274,1,38,38
2020-21,84939,986,1,38,38
2020-21,85242,7721,2,38,38
2020-21,85955,1389,1,38,38
2020-21,85971,453,1,38,38
2020-21,86417,757,1,38,38
2020-21,86881,1785,1,38,38
2020-21,86934,535,1,38,38
2020-21,87835,6852,1,38,38
2020-21,87873,8718,1,38,38
2020-21,88894,592,1,38,39
2020-21,88900,1735,1,38,38
2020-21,90105,1683,1,38,38
2020-21,90517,789,2,38,38
2020-21,90585,6850,1,38,38
2020-21,91047,6893,1,38,38
2020-21,91651,2254,1,38,38
2020-21,92217,482,1,38,38
2020-21,92259,6840,1,38,38
2020-21,92371,8380,1,38,38
2020-21,93100,111,1,38,38
2020-21,93264,643,1,38,38
2020-21,93284,4068,1,38,38
2020-21,94147,6851,1,38,38
2020-21,94245,1678,1,38,38
2020-21,95463,473,1,38,38
2020-21,95658,1687,2,38,38
2020-21,95715,3293,1,38,38
2020-21,96994,6827,1,38,38
2020-21,97032,833,1,38,38
2020-21,97299,586,2,38,38
2020-21,98745,492,1,38,38
2020-21,98747,5552,2,38,38
2020-21,98980,4401,1,38,39
2020-21,100649,7063,1,38,38
2020-21,101105,6834,1,38,38
2020-21,101148,766,1,38,38
2020-21,101178,843,1,38,38
2020-21,101184,508,1,38,38
2020-21,101188,1823,1,38,38
2020-21,101394,6932,22,38,17
2020-21,101537,1208,1,38,38
2020-21,101582,6817,2,38,38
2020-21,101668,755,1,38,38
2020-21,101982,978,1,38,38
2020-21,102057,4105,1,38,38
2020-21,102380,1822,1,38,38
2020-21,102826,3389,2,38,38
2020-21,103025,750,2,38,38
2020-21,103123,6144,1,38,38
2020-21,103192,935,1,38,38
2020-21,103914,6044,2,38,38
2020-21,103955,618,2,38,38
2020-21,104547,743,1,38,38
2020-21,105377,8722,1,38,38
2020-21,105666,856,6,38,33
2020-21,105717,1760,1,38,38
2020-21,106611,1653,1,38,38
2020-21,106617,822,1,38,38
2020-21,106618,853,1,38,38
2020-21,106760,1006,2,38,38
2020-21,106837,1234,1,38,38
2020-21,107265,5544,1,38,38
2020-21,107613,3491,1,38,38
2020-21,108053,8905,1,38,38
2020-21,108156,7152,2,38,38
2020-21,108416,7703,1,38,38
2020-21,108813,9251,1,38,38
2020-21,108823,645,1,38,38
2020-21,109322,558,2,38,38
2020-21,109345,6049,1,38,38
2020-21,109434,6067,6,38,33
2020-21,109528,1719,1,38,38
2020-21,109533,1245,1,38,38
2020-21,109638,9163,10,38,29
2020-21,109646,5590,5,38,34
2020-21,109745,5061,1,38,38
2020-21,110504,695,3,38,37
2020-21,110735,7699,1,38,38
2020-21,110979,838,1,38,38
2020-21,111234,741,1,38,38
2020-21,111291,5708,1,38,38
2020-21,111457,342,1,38,38
2020-21,111478,8780,1,38,38
2020-21,111773,1545,1,38,38
2020-21,111782,6962,5,38,34
2020-21,111931,3303,1,38,38
2020-21,114128,2280,1,38,38
2020-21,114243,6063,1,38,38
2020-21,114283,675,2,38,38
2020-21,115382,3621,1,38,38
2020-21,115556,660,1,38,38
2020-21,115918,6875,3,38,36
2020-21,116216,7698,1,38,38
2020-21,116535,1257,1,38,38
2020-21,116594,751,1,38,38
2020-21,116643,3420,1,38,38
2020-21,118748,1250,1,38,38
2020-21,119471,76,1,38,38
2020-21,119765,1379,1,38,38
2020-21,120250,2383,1,38,38
2020-21,121145,2379,2,38,38
2020-21,121160,6054,2,38,38
2020-21,121599,1726,1,38,38
2020-21,122074,7076,1,38,38
2020-21,122775,3696,21,38,20
2020-21,122798,1688,1,38,38
2020-21,122806,7723,2,38,38
2020-21,123354,6859,2,38,38
2020-21,124183,8992,1,38,38
2020-21,126184,579,2,38,38
2020-21,126187,688,1,38,38
2020-21,128389,773,1,38,38
2020-21,131897,2385,1,38,38
2020-21,132015,343,1,38,38
2020-21,135363,200,1,38,38
2020-21,141746,1228,2,38,38
2020-21,146426,4490,1,38,38
2020-21,146610,7705,1,38,38
2020-21,146941,2498,2,38,38
2020-21,148225,553,2,38,38
2020-21,148508,7722,2,38,38
2020-21,149484,1024,2,38,38
2020-21,149828,1682,5,38,34
2020-21,149915,2163,3,38,36
2020-21,151086,1299,1,38,38
2020-21,151119,727,1,38,38
2020-21,151589,7236,1,38,38
2020-21,152590,1828,5,38,35
2020-21,152760,484,1,38,38
2020-21,152898,9318,22,38,17
2020-21,153127,6062,1,38,38
2020-21,153133,500,1,38,38
2020-21,153256,496,1,38,38
2020-21,153366,910,1,38,38
2020-21,153673,1084,1,38,38
2020-21,153682,5596,1,38,38
2020-21,153723,7708,1,38,38
2020-21,154043,1750,1,38,38
2020-21,155197,8918,1,38,38
2020-21,155405,8719,1,38,38
2020-21,155529,8704,1,38,38
2020-21,155569,759,1,38,38
2020-21,156074,1749,1,38,38
2020-21,156689,922,2,38,38
2020-21,157668,971,1,38,38
2020-21,157882,8239,1,38,39
2020-21,158534,885,1,38,38
2020-21,159506,725,4,38,35
2020-21,159533,900,1,38,38
2020-21,160987,4764,1,38,38
2020-21,164011,9290,21,38,18
2020-21,164484,7817,2,38,38
2020-21,164511,6521,1,38,38
2020-21,164555,8965,4,38,35
2020-21,165153,65,1,38,38
2020-21,165210,6842,1,38,38
2020-21,165808,3428,1,38,38
2020-21,165809,3635,2,38,38
2020-21,166324,3683,1,38,38
2020-21,166477,6157,1,38,38
2020-21,166640,6892,1,38,38
2020-21,166989,5956,1,38,38
2020-21,167074,5973,1,38,38
2020-21,167199,2328,5,38,34
2020-21,167473,6231,1,38,38
2020-21,167522,6526,1,38,38
2020-21,167878,7714,1,38,38
2020-21,168399,7459,5,38,35
2020-21,168580,770,1,38,38
2020-21,168765,661,1,38,38
2020-21,169187,1791,1,38,38
2020-21,169359,884,2,38,38
2020-21,169432,1736,1,38,38
2020-21,169528,8940,1,38,38
2020-21,170137,101,1,38,38
2020-21,171287,987,1,38,38
2020-21,171314,8961,4,38,36
2020-21,171317,6853,1,38,38
2020-21,171771,6042,1,38,38
2020-21,171975,4476,1,38,38
2020-21,172632,762,1,38,38
2020-21,172649,7702,2,38,38
2020-21,172780,6818,1,38,38
2020-21,172782,8323,2,38,38
2020-21,172841,3585,6,38,33
2020-21,172850,782,1,38,38
2020-21,173515,620,1,38,38
2020-21,173807,1042,1,38,38
2020-21,173818,9406,26,38,14
2020-21,173821,1014,1,38,38
2020-21,173879,702,1,38,38
2020-21,173904,6249,1,38,38
2020-21,173954,6027,1,38,38
2020-21,174593,8758,1,38,38
2020-21,174874,6314,5,38,34
2020-21,175592,5247,1,38,38
2020-21,176297,556,2,38,38
2020-21,176413,2662,1,38,38
2020-21,176420,4391,1,38,38
2020-21,177815,5555,1,38,38
2020-21,178186,1776,1,38,38
2020-21,178301,8865,2,38,38
2020-21,178304,1748,1,38,38
2020-21,179018,7420,1,38,38
2020-21,179456,8227,1,38,38
2020-21,179830,6651,1,38,38
2020-21,180135,7078,1,38,38
2020-21,180184,8821,2,38,38
2020-21,180294,7390,5,38,34
2020-21,180804,934,2,38,38
2020-21,180974,87,1,38,38
2020-21,182539,2446,1,38,38
2020-21,184029,2517,21,38,18
2020-21,184341,7768,1,38,38
2020-21,184349,6837,1,38,38
2020-21,184386,11359,2,38,38
2020-21,184667,6080,2,38,38
2020-21,184704,8040,2,38,38
2020-21,192895,8089,1,38,38
2020-21,193488,5612,2,38,38
2020-21,193645,6273,1,38,38
2020-21,194164,985,1,38,38
2020-21,194252,8300,1,38,38
2020-21,194634,6854,1,38,38
2020-21,194794,703,1,38,38
2020-21,194799,7691,1,38,38
2020-21,195473,5569,1,38,38
2020-21,195480,5587,23,38,17
2020-21,195735,5656,1,38,38
2020-21,195851,5560,2,38,38
2020-21,195864,1013,1,38,38
2020-21,197030,4866,1,38,38
2020-21,197365,1739,2,38,38
2020-21,197464,8228,6,38,33
2020-21,197469,6418,1,38,38
2020-21,197937,5256,1,38,38
2020-21,198826,7689,5,38,34
2020-21,198849,1227,1,38,38
2020-21,198869,7298,1,38,38
2020-21,199249,7187,3,38,36
2020-21,199584,8222,1,38,38
2020-21,199598,6369,1,38,38
2020-21,199796,8864,2,38,38
2020-21,199798,7726,2,38,38
2020-21,200088,7983,6,38,33
2020-21,200089,6630,1,38,38
2020-21,200402,6163,3,38,36
2020-21,200439,7700,1,38,38
2020-21,200600,8291,1,38,38
2020-21,200617,5595,2,38,38
2020-21,200641,6492,1,38,38
2020-21,200720,7904,4,38,35
2020-21,200826,5681,1,38,38
2020-21,200878,8966,4,38,35
2020-21,201084,549,2,38,38
2020-21,201666,6681,1,38,38
2020-21,203325,6434,1,38,38
2020-21,203341,5545,1,38,38
2020-21,203368,3253,2,38,38
2020-21,203389,8456,1,38,38
2020-21,204480,5553,1,38,38
2020-21,204676,9099,5,38,34
2020-21,205533,6482,1,38,38
2020-21,205651,5543,2,38,38
2020-21,206325,2958,2,38,38
2020-21,206915,6665,1,38,38
2020-21,207189,8285,1,38,38
2020-21,209042,7198,1,38,38
2020-21,209046,6456,1,38,38
2020-21,209244,6055,2,38,38
2020-21,209289,7230,1,38,38
2020-21,209353,4918,18,38,21
2020-21,209362,5245,1,38,38
2020-21,210407,7153,1,38,38
2020-21,212319,6026,1,38,38
2020-21,213345,7724,2,38,38
2020-21,213482,7280,1,38,38
2020-21,214048,7332,1,38,38
2020-21,214225,6377,6,38,33
2020-21,214285,8852,1,38,38
2020-21,214466,8224,1,38,38
2020-21,214470,8493,1,38,38
2020-21,214590,5584,2,38,38
2020-21,215059,9098,7,38,32
2020-21,215136,8204,1,38,38
2020-21,215379,9154,10,38,29
2020-21,215439,8288,1,38,38
2020-21,215460,8723,1,38,38
2020-21,216051,7281,2,38,38
2020-21,216054,6856,1,38,38
2020-21,216616,8756,1,38,38
2020-21,217401,7383,2,38,38
2020-21,217487,8287,2,38,38
2020-21,217593,2335,1,38,38
2020-21,218023,8481,2,38,38
2020-21,218031,5264,1,38,38
2020-21,218997,8582,7,38,32
2020-21,219352,5556,4,38,35
2020-21,219847,5220,1,38,38
2020-21,219924,3203,1,38,38
2020-21,219937,9086,7,38,32
2020-21,219961,8026,5,38,34
2020-21,220037,8482,2,38,38
2020-21,220394,8496,2,38,38
2020-21,220566,2496,2,38,38
2020-21,220598,6504,1,38,38
2020-21,220627,7753,1,38,38
2020-21,220688,7490,2,38,38
2020-21,220738,6350,3,38,36
2020-21,221239,1053,2,38,38
2020-21,221399,8720,1,38,38
2020-21,221610,8721,1,38,38
2020-21,222017,7239,24,38,15
2020-21,222018,6424,1,38,38
2020-21,222531,6857,1,38,38
2020-21,222627,8366,1,38,38
2020-21,222677,7439,2,38,38
2020-21,222694,8717,1,38,38
2020-21,223175,8016,1,38,38
2020-21,223340,7322,1,38,38
2020-21,224444,6441,2,38,38
2020-21,225321,5603,1,38,38
2020-21,225796,8067,1,38,38
2020-21,226182,9205,1,38,38
2020-21,226597,5613,1,38,38
2020-21,227127,5609,1,38,38
2020-21,228286,6880,3,38,36
2020-21,228798,6162,3,38,36
2020-21,230046,6122,2,38,38
2020-21,230127,9249,18,38,21
2020-21,231372,5962,1,38,38
2020-21,231747,5735,20,38,19
2020-21,232413,8706,1,38,38
2020-21,232423,6451,1,38,38
2020-21,232427,5562,1,38,38
2020-21,232653,8941,3,38,37
2020-21,232787,9040,3,38,36
2020-21,232792,8226,1,38,38
2020-21,232797,7326,8,38,31
2020-21,232826,8150,1,38,38
2020-21,232881,9311,22,38,17
2020-21,232928,7438,2,38,38
2020-21,232937,8075,2,38,38
2020-21,233425,7991,1,38,38
2020-21,235382,8020,1,38,38
2020-21,240143,6736,5,38,34
2020-21,242058,1304,1,38,38
2020-21,242166,5759,1,38,38
2020-21,243016,8379,1,38,38
2020-21,243505,9284,18,38,21
2020-21,243568,7988,1,38,38
2020-21,244619,8562,1,38,38
2020-21,244723,8214,1,38,38
2020-21,244851,8497,3,38,37
2020-21,244856,12073,2,38,38
2020-21,244858,9501,34,38,5
2020-21,245719,8495,17,38,24
2020-21,245824,7395,5,38,34
2020-21,245923,8179,15,38,24
2020-21,247632,6382,1,38,38
2020-21,248937,9493,33,38,6
2020-21,250604,8180,5,38,34
2020-21,421796,9395,26,38,13
2020-21,430367,8566,15,38,25
2020-21,431131,7701,1,38,38
2020-21,432656,8045,2,38,38
2020-21,432720,9077,7,38,33
2020-21,432931,9552,38,38,1
2020-21,433154,6756,2,38,38
2020-21,433590,9499,34,38,5
2020-21,437495,8715,1,38,38
2020-21,437688,9082,16,38,23
2020-21,437858,8777,1,38,38
2020-21,438277,7376,22,38,17
2020-21,440993,9307,22,38,17
2020-21,441191,9512,35,38,4
2020-21,441271,8351,3,38,36
2020-21,443296,9209,14,38,25
2020-21,444145,7752,1,38,38
2020-21,444463,7589,4,38,35
2020-21,444884,7546,1,38,38
2020-21,447093,9257,19,38,21
2020-21,448487,9223,17,38,22
2020-21,448514,6674,5,38,34
2020-21,449434,9524,35,38,5
2020-21,449781,8511,20,38,20
2020-21,449988,8778,1,38,38
2020-21,450070,9492,33,38,6
2020-21,450527,6923,1,38,38
2020-21,450542,9461,31,38,8
2020-21,455084,8919,1,38,38
2020-21,456966,9256,19,38,21
2020-21,461096,9082,7,38,33
2020-21,461446,9287,20,38,21
2020-21,461566,9557,38,38,1
2020-21,462424,6888,1,38,38
2020-21,462635,9339,23,38,17
2020-21,463034,8868,2,38,38
2020-21,465390,9409,25,38,16
2020-21,465527,9558,38,38,1
2020-21,465572,9250,18,38,21
2020-21,471848,9540,37,38,2
2020-21,472464,9359,25,38,14
2020-21,478912,9356,25,38,16
2020-21,480455,8476,1,38,38
2020-21,481624,9415,27,38,13
2020-21,486672,9453,23,38,16
2020-21,486870,9254,19,38,21
2020-21,487836,9222,17,38,22
2020-21,488404,9324,5,38,35
2020-21,490094,9554,38,38,1
2020-21,490145,9332,23,38,17
2020-21,490721,10140,21,38,18
2020-21,491559,9470,31,38,9
2020-21,492066,9219,17,38,22
2020-21,492373,9220,17,38,22
2020-21,493250,8127,20,38,19
2020-21,495542,8109,4,38,35
2020-21,496179,9306,21,38,19
2020-21,523700,9509,35,38,4
2020-21,538207,9556,38,38,1
2021-22,9089,803,1,38,38
2021-22,14937,2371,4,38,35
2021-22,15157,489,1,38,38
2021-22,15749,609,1,38,38
2021-22,17349,593,3,38,36
2021-22,17601,8158,4,38,35
2021-22,17745,745,1,38,38
2021-22,17761,1665,1,38,38
2021-22,17997,857,1,38,38
2021-22,18073,533,1,38,38
2021-22,18499,8022,1,38,38
2021-22,18892,631,1,38,38
2021-22,19236,785,1,38,38
2021-22,19624,3422,1,38,38
2021-22,20066,509,1,38,38
2021-22,20310,624,16,38,23
2021-22,20452,839,1,38,38
2021-22,20467,503,1,38,38
2021-22,20480,982,1,38,38
2021-22,21205,1651,1,38,38
2021-22,27789,614,1,38,38
2021-22,28690,2164,1,38,38
2021-22,32259,540,1,38,38
2021-22,37096,706,1,38,38
2021-22,37642,807,1,38,38
2021-22,37915,637,1,38,38
2021-22,38290,641,1,38,38
2021-22,38533,6849,1,38,38
2021-22,39155,486,1,38,38
2021-22,39487,887,1,38,38
2021-22,39790,2259,1,38,38
2021-22,40145,712,1,38,38
2021-22,40146,835,1,38,38
2021-22,40349,694,1,38,38
2021-22,40383,831,1,38,38
2021-22,40387,462,1,38,38
2021-22,40669,528,1,38,38
2021-22,40720,3294,1,38,38
2021-22,40836,2190,1,38,38
2021-22,40845,6051,1,38,38
2021-22,41328,681,1,38,38
2021-22,41338,581,1,38,38
2021-22,41674,1747,1,38,38
2021-22,41725,574,1,38,38
2021-22,41823,876,1,38,38
2021-22,43250,596,1,38,38
2021-22,43670,554,1,38,38
2021-22,44346,502,1,38,38
2021-22,44683,844,1,38,38
2021-22,44699,4422,1,38,38
2021-22,45268,772,1,38,38
2021-22,47431,700,1,38,38
2021-22,48717,529,1,38,38
2021-22,48760,6030,4,38,35
2021-22,49262,7235,1,38,38
2021-22,49413,530,1,38,38
2021-22,50175,501,1,38,38
2021-22,50232,769,1,38,38
2021-22,50471,633,1,38,38
2021-22,51090,3288,1,38,38
2021-22,51927,1654,1,38,38
2021-22,51938,753,1,38,38
2021-22,51940,546,1,38,38
2021-22,52775,3387,9,38,30
2021-22,54484,5043,1,38,38
2021-22,54694,318,1,38,38
2021-22,54861,606,1,38,38
2021-22,55037,532,1,38,38
2021-22,55422,714,1,38,38
2021-22,55459,534,1,38,38
2021-22,55494,510,1,38,38
2021-22,55605,639,1,38,38
2021-22,55914,8816,1,38,38
2021-22,56377,6274,1,38,38
2021-22,56979,605,1,38,38
2021-22,56983,461,1,38,38
2021-22,57127,7696,1,38,38
2021-22,57134,813,4,38,35
2021-22,57145,708,1,38,38
2021-22,57328,603,1,38,38
2021-22,57513,3468,21,38,20
2021-22,57531,531,1,38,38
2021-22,58376,635,1,38,38
2021-22,58621,638,1,38,38
2021-22,58786,525,1,38,38
2021-22,58822,847,1,38,38
2021-22,58845,875,1,38,38
2021-22,59735,780,1,38,38
2021-22,59859,314,1,38,38
2021-22,59949,585,1,38,38
2021-22,59966,3277,1,38,38
2021-22,60025,2249,1,38,38
2021-22,60232,804,1,38,38
2021-22,60252,775,1,38,38
2021-22,60307,239,1,38,38
2021-22,60551,669,1,38,38
2021-22,60586,1663,1,38,38
2021-22,60689,4456,1,38,36
2021-22,60706,527,1,38,38
2021-22,60914,332,1,38,38
2021-22,61366,447,1,38,38
2021-22,61558,229,1,38,38
2021-22,61810,1801,1,38,38
2021-22,61933,6047,1,38,38
2021-22,62398,697,1,38,38
2021-22,62974,644,1,38,38
2021-22,66242,6050,1,38,38
2021-22,66588,8716,1,38,38
2021-22,66749,594,1,38,38
2021-22,66838,6477,10,38,29
2021-22,66975,5549,1,38,38
2021-22,67089,6532,1,38,38
2021-22,68312,888,1,38,38
2021-22,68983,1652,1,38,38
2021-22,69143,1123,1,38,38
2021-22,71738,7694,1,38,38
2021-22,72222,4381,1,38,38
2021-22,73426,1660,1,38,38
2021-22,74208,1740,1,38,38
2021-22,75115,468,1,38,38
2021-22,76306,62,1,38,38
2021-22,76359,951,13,38,26
2021-22,77794,652,22,38,19
2021-22,78007,465,1,38,38
2021-22,78056,842,1,38,38
2021-22,78607,7693,1,38,38
2021-22,78830,647,1,38,38
2021-22,78916,7382,1,38,39
2021-22,79852,4475,1,38,38
2021-22,80146,672,1,38,38
2021-22,80179,1711,1,38,38
2021-22,80201,181,1,38,38
2021-22,80226,3600,1,38,38
2021-22,80607,646,24,38,15
2021-22,80954,2381,1,38,38
2021-22,81012,6891,1,38,38
2021-22,81183,1017,1,38,38
2021-22,81441,8729,1,38,38
2021-22,81880,966,1,38,38
2021-22,82263,1621,1,38,38
2021-22,82403,522,1,38,38
2021-22,83283,790,1,38,38
2021-22,83299,6048,1,38,38
2021-22,83312,1707,1,38,38
2021-22,83314,1746,1,38,38
2021-22,83428,7690,1,38,38
2021-22,84182,2310,1,38,38
2021-22,84450,204,1,38,38
2021-22,84583,488,22,38,19
2021-22,84939,986,1,38,38
2021-22,85242,7721,1,38,38
2021-22,85624,1725,1,38,38
2021-22,85955,1389,1,38,38
2021-22,85971,453,1,38,38
2021-22,86417,757,1,38,38
2021-22,86881,1785,1,38,38
2021-22,86934,535,1,38,38
2021-22,87835,6852,1,38,38
2021-22,87873,8718,1,38,38
2021-22,88894,592,1,38,38
2021-22,88900,1735,1,38,38
2021-22,89085,1677,1,38,38
2021-22,89335,2266,4,38,35
2021-22,89470,7697,1,38,38
2021-22,90105,1683,1,38,38
2021-22,90152,2245,2,38,37
2021-22,90585,6850,1,38,38
2021-22,91047,6893,1,38,38
2021-22,91651,2254,1,38,38
2021-22,92217,482,1,38,38
2021-22,92371,8380,1,38,38
2021-22,93100,111,1,38,38
2021-22,93264,643,1,38,38
2021-22,93284,4068,1,38,38
2021-22,94147,6851,1,38,38
2021-22,94245,1678,1,38,38
2021-22,95463,473,1,38,38
2021-22,95658,1687,1,38,38
2021-22,95715,3293,1,38,38
2021-22,96787,6894,1,38,38
2021-22,97032,833,1,38,38
2021-22,97299,586,1,38,38
2021-22,98745,492,1,38,38
2021-22,98747,5552,1,38,38
2021-22,98980,4401,1,38,38
2021-22,100649,7063,1,38,38
2021-22,101148,766,1,38,38
2021-22,101178,843,1,38,38
2021-22,101184,508,1,38,38
2021-22,101188,1823,1,38,37
2021-22,101582,6817,1,38,38
2021-22,101668,755,1,38,38
2021-22,102057,4105,1,38,38
2021-22,102380,1822,1,38,38
2021-22,102826,3389,1,38,38
2021-22,103025,750,1,38,38
2021-22,103192,935,1,38,38
2021-22,103914,6044,1,38,38
2021-22,103955,618,1,38,38
2021-22,104547,743,1,38,38
2021-22,105666,856,1,38,38
2021-22,105717,1760,1,38,38
2021-22,106611,1653,1,38,38
2021-22,106617,822,1,38,38
2021-22,106618,853,1,38,38
2021-22,106757,6542,4,38,35
2021-22,106760,1006,1,38,38
2021-22,106837,1234,1,38,38
2021-22,107265,5544,1,38,38
2021-22,107613,3491,1,38,38
2021-22,108156,7152,1,38,38
2021-22,108413,6104,1,38,38
2021-22,108823,645,1,38,38
2021-22,109322,558,1,38,38
2021-22,109345,6049,1,38,38
2021-22,109528,1719,1,38,38
2021-22,109533,1245,1,38,38
2021-22,109745,5061,1,38,38
2021-22,110504,695,1,38,38
2021-22,110735,7699,1,38,38
2021-22,110979,838,1,38,38
2021-22,111234,741,1,38,38
2021-22,111291,5708,1,38,38
2021-22,111457,342,1,38,38
2021-22,111478,8780,1,38,38
2021-22,111773,1545,1,38,38
2021-22,111782,6962,23,38,18
2021-22,111931,3303,1,38,38
2021-22,113564,902,1,38,38
2021-22,114128,2280,1,38,38
2021-22,114243,6063,1,38,38
2021-22,114283,675,1,38,38
2021-22,115382,3621,1,38,38
2021-22,115556,660,1,38,38
2021-22,115918,6875,1,38,38
2021-22,116216,7698,1,38,38
2021-22,116535,1257,1,38,38
2021-22,116594,751,1,38,38
2021-22,116643,3420,1,38,38
2021-22,118748,1250,1,38,38
2021-22,119471,76,1,38,38
2021-22,119765,1379,1,38,38
2021-22,120202,7052,23,38,21
2021-22,120250,2383,1,38,38
2021-22,121145,2379,1,38,38
2021-22,121160,6054,1,38,38
2021-22,121599,1726,1,38,38
2021-22,122074,7076,5,38,34
2021-22,122775,3696,1,38,38
2021-22,122798,1688,1,38,38
2021-22,122806,7723,1,38,38
2021-22,123354,6859,1,38,38
2021-22,124183,8992,1,38,38
2021-22,126184,579,1,38,38
2021-22,126187,688,1,38,38
2021-22,128295,7083,1,38,38
2021-22,130036,9957,2,38,37
2021-22,131304,6996,1,38,38
2021-22,131897,2385,1,38,38
2021-22,132015,343,1,38,38
2021-22,135363,200,1,38,38
2021-22,140941,1154,1,38,38
2021-22,141746,1228,1,38,38
2021-22,144485,998,1,38,38
2021-22,146941,2498,1,38,38
2021-22,148225,553,1,38,38
2021-22,148508,7722,1,38,38
2021-22,149065,9740,1,38,38
2021-22,149484,1024,1,38,38
2021-22,149519,3278,4,38,35
2021-22,149915,2163,1,38,38
2021-22,151589,7236,1,38,38
2021-22,152590,1828,1,38,38
2021-22,152760,484,1,38,38
2021-22,152898,9318,1,38,38
2021-22,153127,6062,1,38,38
2021-22,153133,500,1,38,38
2021-22,153256,496,1,38,38
2021-22,153673,1084,1,38,38
2021-22,154043,1750,1,38,38
2021-22,154138,10092,1,38,38
2021-22,154506,1025,1,38,38
2021-22,154561,9676,1,38,38
2021-22,155405,8719,1,38,38
2021-22,155503,852,1,38,38
2021-22,155511,4419,1,38,38
2021-22,155569,759,1,38,38
2021-22,155651,1441,1,38,38
2021-22,156074,1749,1,38,38
2021-22,156683,1841,1,38,38
2021-22,156689,922,1,38,38
2021-22,157668,971,1,38,38
2021-22,157775,6841,1,38,38
2021-22,157882,8239,1,38,38
2021-22,158534,885,1,38,38
2021-22,159533,900,1,38,38
2021-22,160987,4764,1,38,38
2021-22,162651,1142,22,38,20
2021-22,164484,7817,1,38,38
2021-22,164511,6521,1,38,38
2021-22,164555,8965,1,38,38
2021-22,165153,65,1,38,38
2021-22,165210,6842,1,38,38
2021-22,165808,3428,1,38,38
2021-22,165809,3635,1,38,38
2021-22,166477,6157,1,38,38
2021-22,166989,5956,1,38,38
2021-22,167199,2328,1,38,38
2021-22,167522,6526,1,38,38
2021-22,167767,689,23,38,15
2021-22,168399,7459,1,38,38
2021-22,168580,770,1,38,38
2021-22,169187,1791,1,38,38
2021-22,169359,884,1,38,38
2021-22,169593,9834,2,38,37
2021-22,170137,101,1,38,38
2021-22,171099,3729,22,38,20
2021-22,171270,1032,1,38,38
2021-22,171287,987,1,38,38
2021-22,171314,8961,1,38,38
2021-22,171317,6853,1,38,38
2021-22,171771,6042,1,38,38
2021-22,172632,762,1,38,38
2021-22,172649,7702,1,38,38
2021-22,172780,6818,1,38,38
2021-22,172782,8323,1,38,38
2021-22,172841,3585,1,38,38
2021-22,172850,782,1,38,38
2021-22,173514,1724,1,38,38
2021-22,173515,620,1,38,38
2021-22,173807,1042,1,38,38
2021-22,173818,9406,1,38,38
2021-22,173821,1014,1,38,38
2021-22,173879,702,1,38,38
2021-22,173904,6249,1,38,38
2021-22,173954,6027,1,38,38
2021-22,174874,6314,1,38,38
2021-22,174932,1078,1,38,38
2021-22,175353,8162,1,38,38
2021-22,175592,5247,1,38,38
2021-22,176296,1675,1,38,38
2021-22,176297,556,1,38,38
2021-22,176413,2662,1,38,38
2021-22,177815,5555,1,38,38
2021-22,178186,1776,1,38,38
2021-22,178301,8865,1,38,38
2021-22,179018,7420,1,38,38
2021-22,179268,7134,4,38,35
2021-22,179276,7470,4,38,35
2021-22,180135,7078,1,38,38
2021-22,180151,6276,4,38,35
2021-22,180184,8821,1,38,40
2021-22,180736,6615,1,38,38
2021-22,180804,934,1,38,38
2021-22,180974,87,1,38,38
2021-22,183656,10405,1,38,38
2021-22,184029,2517,2,38,37
2021-22,184341,7768,1,38,38
2021-22,184349,6837,1,38,38
2021-22,184667,6080,1,38,38
2021-22,184704,8040,1,38,38
2021-22,184754,8845,4,38,35
2021-22,185478,6621,1,38,38
2021-22,189627,9745,1,38,38
2021-22,191866,9677,1,38,38
2021-22,192290,5568,4,38,35
2021-22,192303,7990,1,38,38
2021-22,192895,8089,1,38,38
2021-22,193111,7695,1,38,38
2021-22,193488,5612,1,38,39
2021-22,193645,6273,1,38,38
2021-22,194010,9679,1,38,38
2021-22,194164,985,1,38,38
2021-22,194252,8300,1,38,38
2021-22,194634,6854,1,38,38
2021-22,194799,7691,1,38,38
2021-22,195546,2203,1,38,38
2021-22,195728,8017,4,38,35
2021-22,195735,5656,1,38,38
2021-22,195851,5560,1,38,38
2021-22,197365,1739,1,38,38
2021-22,197464,8228,1,38,38
2021-22,197469,6418,1,38,38
2021-22,198826,7689,1,38,38
2021-22,198849,1227,1,38,38
2021-22,198869,7298,1,38,38
2021-22,199249,7187,1,38,38
2021-22,199584,8222,1,38,38
2021-22,199598,6369,1,38,38
2021-22,199670,3697,4,38,35
2021-22,199796,8864,1,38,38
2021-22,199798,7726,1,38,38
2021-22,200088,7983,1,38,38
2021-22,200089,6630,1,38,38
2021-22,200402,6163,1,38,38
2021-22,200439,7700,1,38,38
2021-22,200600,8291,1,38,38
2021-22,200617,5595,1,38,38
2021-22,200641,6492,1,38,38
2021-22,200720,7904,1,38,38
2021-22,200826,5681,1,38,38
2021-22,201666,6681,1,38,38
2021-22,202993,6108,24,38,18
2021-22,203341,5545,1,38,38
2021-22,203368,3253,1,38,38
2021-22,203389,8456,1,38,38
2021-22,204480,5553,1,38,38
2021-22,204580,9680,1,38,38
2021-22,204676,9099,1,38,38
2021-22,204716,6326,1,38,38
2021-22,204727,5648,1,38,38
2021-22,205533,6482,1,38,38
2021-22,205651,5543,1,38,38
2021-22,205836,7069,1,38,38
2021-22,206325,2958,1,38,38
2021-22,206915,6665,1,38,38
2021-22,207283,7166,1,38,38
2021-22,208706,8327,24,38,17
2021-22,208973,7081,1,38,38
2021-22,209036,7603,1,38,38
2021-22,209042,7198,1,38,38
2021-22,209045,9735,1,38,38
2021-22,209046,6456,1,38,38
2021-22,209243,6345,1,38,38
2021-22,209244,6055,1,38,38
2021-22,209289,7230,1,38,38
2021-22,209353,4918,1,38,38
2021-22,209362,5245,1,38,38
2021-22,212319,6026,1,38,38
2021-22,212325,5619,1,38,38
2021-22,212721,6252,3,38,36
2021-22,212723,6523,1,38,38
2021-22,213345,7724,1,38,38
2021-22,213482,7280,1,38,38
2021-22,213687,9687,1,38,38
2021-22,214048,7332,1,38,38
2021-22,214225,6377,1,38,38
2021-22,214285,8852,1,38,38
2021-22,214466,8224,1,38,38
2021-22,214572,8093,18,38,24
2021-22,214590,5584,1,38,38
2021-22,215059,9098,1,38,38
2021-22,215136,8204,1,38,38
2021-22,215379,9154,6,38,33
2021-22,215413,9739,1,38,38
2021-22,215439,8288,1,38,38
2021-22,215460,8723,1,38,38
2021-22,215476,7295,1,38,38
2021-22,215711,5221,1,38,38
2021-22,216051,7281,1,38,38
2021-22,216058,5573,1,38,38
2021-22,216620,9684,1,38,38
2021-22,216646,5786,1,38,38
2021-22,217401,7383,1,38,38
2021-22,217487,8287,1,38,38
2021-22,217593,2335,1,38,38
2021-22,218031,5264,1,38,38
2021-22,218997,8582,5,38,34
2021-22,219352,5556,4,38,35
2021-22,219847,5220,1,38,38
2021-22,219924,3203,1,38,38
2021-22,219937,9086,1,38,38
2021-22,219961,8026,1,38,38
2021-22,220037,8482,1,38,38
2021-22,220166,5085,1,38,38
2021-22,220394,8496,2,38,37
2021-22,220566,2496,1,38,38
2021-22,220598,6504,1,38,38
2021-22,220627,7753,1,38,38
2021-22,220686,9747,1,38,38
2021-22,220688,7490,1,38,38
2021-22,220695,10053,8,38,31
2021-22,221239,1053,1,38,38
2021-22,221399,8720,1,38,38
2021-22,221610,8721,1,38,38
2021-22,221632,7218,1,38,38
2021-22,222017,7239,1,38,38
2021-22,222018,6424,1,38,38
2021-22,222531,6857,1,38,38
2021-22,222564,8934,1,38,38
2021-22,222627,8366,1,38,38
2021-22,222694,8717,1,38,38
2021-22,223081,9700,1,38,38
2021-22,223175,8016,1,38,38
2021-22,223340,7322,1,38,38
2021-22,223723,7931,4,38,35
2021-22,224444,6441,1,38,38
2021-22,224967,10291,21,38,21
2021-22,225321,5603,2,38,37
2021-22,225702,6947,23,38,19
2021-22,225796,8067,1,38,38
2021-22,225902,6310,1,38,38
2021-22,226597,5613,1,38,38
2021-22,226956,9685,1,38,38
2021-22,227127,5609,1,38,38
2021-22,227560,6538,1,38,38
2021-22,228044,9683,1,38,38
2021-22,228286,6880,1,38,38
2021-22,230046,6122,1,38,38
2021-22,230251,9301,1,38,38
2021-22,231065,9678,1,38,38
2021-22,231372,5962,1,38,38
2021-22,231747,5735,1,38,38
2021-22,232185,5675,1,38,38
2021-22,232223,9690,1,38,38
2021-22,232247,9915,1,38,38
2021-22,232351,7277,22,38,19
2021-22,232391,8235,1,38,38
2021-22,232413,8706,1,38,38
2021-22,232423,6451,1,38,38
2021-22,232620,10168,16,38,23
2021-22,232653,8941,1,38,38
2021-22,232787,9040,1,38,38
2021-22,232792,8226,1,38,38
2021-22,232826,8150,1,38,38
2021-22,232937,8075,1,38,38
2021-22,232980,7688,1,38,38
2021-22,233425,7991,1,38,38
2021-22,233963,6722,1,38,38
2021-22,235382,8020,1,38,38
2021-22,235448,11985,1,38,38
2021-22,235546,9748,1,38,38
2021-22,240143,6736,1,38,38
2021-22,240514,9960,1,38,38
2021-22,240796,5191,2,38,37
2021-22,241157,7430,4,38,35
2021-22,241289,7216,1,38,38
2021-22,242058,1304,2,38,37
2021-22,242166,5759,1,38,38
2021-22,243016,8379,1,38,38
2021-22,243505,9284,1,38,38
2021-22,243568,7988,1,38,38
2021-22,243571,10292,21,38,21
2021-22,244560,6500,1,38,38
2021-22,244619,8562,1,38,38
2021-22,244716,6954,1,38,38
2021-22,244723,8214,1,38,38
2021-22,244731,10408,24,38,16
2021-22,244851,8497,1,38,38
2021-22,245419,9738,1,38,38
2021-22,245923,8179,1,38,38
2021-22,247632,6382,1,38,38
2021-22,248164,9967,4,38,35
2021-22,248937,9493,1,38,38
2021-22,250604,8180,1,38,38
2021-22,423649,9734,1,38,38
2021-22,428580,9681,1,38,38
2021-22,428626,10097,1,38,38
2021-22,430992,10119,12,38,27
2021-22,431131,7701,1,38,38
2021-22,432160,9914,1,38,38
2021-22,432711,10174,17,38,22
2021-22,432714,10126,12,38,27
2021-22,432735,8021,1,38,38
2021-22,432830,9733,1,38,38
2021-22,433154,6756,1,38,38
2021-22,433590,9499,2,38,37
2021-22,433979,9912,3,38,36
2021-22,434024,9688,1,38,38
2021-22,434044,10052,8,38,31
2021-22,434662,9686,1,38,38
2021-22,436234,7338,1,38,38
2021-22,437495,8715,1,38,38
2021-22,437626,9691,1,38,38
2021-22,437742,9689,1,38,38
2021-22,438277,7376,4,38,35
2021-22,439485,8455,1,38,38
2021-22,439509,9746,1,38,38
2021-22,440120,10424,26,38,13
2021-22,440148,10091,10,38,29
2021-22,440323,8384,1,38,38
2021-22,441024,10061,8,38,31
2021-22,441191,9512,1,38,38
2021-22,441192,10036,7,38,32
2021-22,441271,8351,1,38,38
2021-22,441428,10187,18,38,21
2021-22,442335,10290,22,38,20
2021-22,443661,9948,1,38,38
2021-22,443967,6485,1,38,38
2021-22,444145,7752,1,38,38
2021-22,444463,7589,1,38,38
2021-22,444884,7546,1,38,38
2021-22,445044,6691,24,38,18
2021-22,445548,10453,27,38,13
2021-22,446008,6552,1,38,38
2021-22,446281,10525,31,38,9
2021-22,447715,9913,1,38,38
2021-22,447880,10005,5,38,34
2021-22,448487,9223,1,38,38
2021-22,448514,6674,1,38,38
2021-22,448791,8458,20,38,22
2021-22,449434,9524,1,38,38
2021-22,449988,8778,1,38,38
2021-22,450070,9492,1,38,38
2021-22,450527,6923,1,38,38
2021-22,450529,8544,11,38,28
2021-22,450539,10205,19,38,22
2021-22,450542,9461,1,38,38
2021-22,450550,9916,3,38,36
2021-22,460029,10150,15,38,24
2021-22,461026,9741,1,38,38
2021-22,461096,9082,1,38,38
2021-22,461201,10579,35,38,5
2021-22,461421,10027,6,38,33
2021-22,461446,9287,12,38,27
2021-22,461484,9959,4,38,35
2021-22,461587,10166,16,38,23
2021-22,462381,10173,17,38,22
2021-22,462424,6888,1,38,38
2021-22,462635,9339,3,38,36
2021-22,463034,8868,24,38,15
2021-22,463748,9692,1,38,38
2021-22,464618,9933,3,38,36
2021-22,465390,9409,22,38,19
2021-22,465527,9558,25,38,15
2021-22,466404,9833,1,38,38
2021-22,471471,7278,1,38,38
2021-22,472464,9359,34,38,5
2021-22,473342,10001,5,38,34
2021-22,475168,8272,1,38,38
2021-22,477547,10028,6,38,33
2021-22,478028,10203,19,38,20
2021-22,478912,9356,1,38,38
2021-22,480455,8476,1,38,38
2021-22,481405,9682,1,38,38
2021-22,481624,9415,1,38,38
2021-22,483365,10172,17,38,22
2021-22,486672,9453,1,38,38
2021-22,486870,9254,1,38,38
2021-22,487117,10177,17,38,23
2021-22,487838,10216,21,38,18
2021-22,490094,9554,15,38,24
2021-22,490145,9332,1,38,38
2021-22,490503,10072,1,38,38
2021-22,490721,10140,14,38,25
2021-22,491559,9470,31,38,11
2021-22,492373,9220,2,38,37
2021-22,492777,10120,12,38,27
2021-22,493105,10552,33,38,7
2021-22,493250,8127,14,38,25
2021-22,493934,9846,1,38,38
2021-22,495542,8109,3,38,36
2021-22,496179,9306,27,38,14
2021-22,496185,10118,12,38,27
2021-22,496228,10141,14,38,25
2021-22,496661,10586,36,38,3
2021-22,498046,10351,23,38,18
2021-22,501770,10167,16,38,23
2021-22,501837,9958,1,38,38
2021-22,503301,10348,23,38,18
2021-22,510362,10293,22,38,19
2021-22,510363,10327,23,38,18
2021-22,514356,10004,5,38,34
2021-22,515501,5191,34,38,5
2021-22,515597,10025,6,38,33
2021-22,547701,10184,18,38,21
2022-23,14937,2371,1,38,38
2022-23,15157,489,1,38,38
2022-23,17601,8158,1,38,38
2022-23,17745,745,1,38,38
2022-23,17761,1665,1,38,38
2022-23,18507,802,8,38,32
2022-23,18892,631,1,38,38
2022-23,19624,3422,1,38,38
2022-23,20066,509,1,38,38
2022-23,20310,624,1,38,38
2022-23,20467,503,1,38,38
2022-23,21205,1651,1,38,38
2022-23,28411,2243,22,38,18
2022-23,32259,540,1,38,38
2022-23,37096,706,1,38,38
2022-23,37642,807,1,38,38
2022-23,37915,637,1,38,38
2022-23,39155,486,1,38,38
2022-23,40146,835,1,38,38
2022-23,40349,694,1,38,38
2022-23,40383,831,1,38,38
2022-23,40669,528,1,38,38
2022-23,40836,2190,1,38,38
2022-23,41328,681,1,38,38
2022-23,45034,448,1,38,38
2022-23,45124,713,22,38,18
2022-23,47431,700,6,38,33
2022-23,48760,6030,4,38,35
2022-23,49262,7235,1,38,38
2022-23,49413,530,1,38,38
2022-23,50175,501,1,38,38
2022-23,50232,769,1,38,38
2022-23,50471,633,1,38,38
2022-23,51090,3288,1,38,38
2022-23,51927,1654,1,38,38
2022-23,51938,753,1,38,38
2022-23,51940,546,1,38,38
2022-23,54469,825,1,38,38
2022-23,54694,318,6,38,33
2022-23,54861,606,1,38,38
2022-23,55037,532,3,38,36
2022-23,55459,534,1,38,38
2022-23,55494,510,1,38,38
2022-23,55914,8816,1,38,38
2022-23,56872,463,1,38,38
2022-23,56917,458,1,38,38
2022-23,56979,605,1,38,38
2022-23,56983,461,1,38,38
2022-23,57134,813,1,38,38
2022-23,57145,708,1,38,38
2022-23,57328,603,1,38,38
2022-23,57531,531,1,38,38
2022-23,58376,635,1,38,38
2022-23,58621,638,1,38,38
2022-23,58771,767,1,38,38
2022-23,58822,847,1,38,36
2022-23,58845,875,1,38,38
2022-23,59735,780,1,38,38
2022-23,59859,314,1,38,38
2022-23,59949,585,1,38,38
2022-23,60232,804,1,38,38
2022-23,60252,775,1,38,38
2022-23,60307,239,1,38,38
2022-23,60689,4456,1,38,38
2022-23,60706,527,1,38,38
2022-23,60914,332,1,38,38
2022-23,61256,2248,4,38,35
2022-23,61366,447,1,38,38
2022-23,61558,229,1,38,38
2022-23,61810,1801,1,38,38
2022-23,61933,6047,1,38,38
2022-23,66588,8716,1,38,38
2022-23,66975,5549,1,38,38
2022-23,67089,6532,1,38,37
2022-23,69752,1297,2,38,37
2022-23,72222,4381,1,38,38
2022-23,75115,468,1,38,38
2022-23,76357,6835,1,38,38
2022-23,76359,951,1,38,38
2022-23,77794,652,1,38,38
2022-23,78056,842,1,38,38
2022-23,78315,584,2,38,37
2022-23,78830,647,1,38,38
2022-23,78916,7382,1,38,38
2022-23,79602,11361,22,38,18
2022-23,80146,672,1,38,38
2022-23,80179,1711,1,38,38
2022-23,80201,181,1,38,38
2022-23,80226,3600,8,38,32
2022-23,80607,646,1,38,38
2022-23,80801,668,6,38,33
2022-23,80954,2381,1,38,38
2022-23,81012,6891,1,38,38
2022-23,81205,11298,20,38,20
2022-23,81441,8729,38,38,1
2022-23,81880,966,1,38,38
2022-23,82263,1621,1,38,38
2022-23,82403,522,1,38,38
2022-23,82514,7184,1,38,38
2022-23,83283,790,1,38,38
2022-23,83299,6048,1,38,38
2022-23,83314,1746,1,38,38
2022-23,84182,2310,1,38,38
2022-23,84450,204,1,38,38
2022-23,84583,488,1,38,38
2022-23,84939,986,1,38,38
2022-23,85955,1389,1,38,39
2022-23,85971,453,1,38,38
2022-23,86129,1376,1,38,38
2022-23,86417,757,1,38,38
2022-23,86881,1785,1,38,38
2022-23,86934,535,1,38,38
2022-23,87835,6852,1,38,38
2022-23,87873,8718,1,38,38
2022-23,88248,8786,1,38,38
2022-23,88484,2199,21,38,19
2022-23,88894,592,1,38,38
2022-23,88900,1735,1,38,38
2022-23,89068,3298,6,38,33
2022-23,89076,1488,3,38,36
2022-23,89085,1677,1,38,38
2022-23,90105,1683,1,38,38
2022-23,90152,2245,1,38,38
2022-23,90585,6850,1,38,38
2022-23,91047,6893,1,38,38
2022-23,91651,2254,1,38,38
2022-23,92217,482,1,38,38
2022-23,92259,6840,1,38,38
2022-23,92371,8380,1,38,38
2022-23,93100,111,1,38,38
2022-23,93264,643,1,38,38
2022-23,94147,6851,1,38,38
2022-23,95463,473,1,38,38
2022-23,95658,1687,1,38,38
2022-23,95715,3293,1,38,38
2022-23,96787,6894,1,38,38
2022-23,96994,6827,1,38,38
2022-23,97032,833,1,38,38
2022-23,97299,586,1,38,38
2022-23,98747,5552,1,38,38
2022-23,98980,4401,1,38,38
2022-23,101105,6834,1,38,38
2022-23,101148,766,1,38,38
2022-23,101178,843,1,38,38
2022-23,101184,508,1,38,38
2022-23,101188,1823,1,38,38
2022-23,101338,5248,22,38,18
2022-23,101582,6817,1,38,38
2022-23,101668,755,1,38,38
2022-23,101982,978,1,38,38
2022-23,102057,4105,1,38,38
2022-23,103025,750,1,38,38
2022-23,103192,935,1,38,38
2022-23,103955,618,1,38,38
2022-23,104542,37,8,38,32
2022-23,104547,743,1,38,38
2022-23,105666,856,1,38,38
2022-23,105717,1760,1,38,38
2022-23,106468,4120,20,38,20
2022-23,106611,1653,1,38,38
2022-23,106617,822,1,38,38
2022-23,106618,853,1,38,38
2022-23,106760,1006,1,38,38
2022-23,106837,1234,1,38,38
2022-23,108413,6104,1,38,38
2022-23,108823,645,1,38,38
2022-23,109322,558,1,38,38
2022-23,109345,6049,1,38,38
2022-23,109434,6067,1,38,38
2022-23,109528,1719,1,38,38
2022-23,109533,1245,1,38,38
2022-23,109646,5590,1,38,38
2022-23,109745,5061,1,38,38
2022-23,110504,695,1,38,38
2022-23,110735,7699,1,38,38
2022-23,111234,741,1,38,38
2022-23,111317,6820,1,38,38
2022-23,111478,8780,1,38,38
2022-23,111773,1545,1,38,38
2022-23,111782,6962,1,38,38
2022-23,111931,3303,1,38,38
2022-23,114128,2280,1,38,38
2022-23,114241,10758,1,38,38
2022-23,114243,6063,1,38,38
2022-23,114283,675,1,38,38
2022-23,115382,3621,1,38,38
2022-23,115556,660,1,38,38
2022-23,116216,7698,1,38,38
2022-23,116404,7921,22,38,18
2022-23,116535,1257,1,38,38
2022-23,116594,751,1,38,38
2022-23,116643,3420,1,38,38
2022-23,118748,1250,1,38,38
2022-23,119471,76,1,38,38
2022-23,119765,1379,1,38,38
2022-23,120202,7052,20,38,21
2022-23,120250,2383,1,38,38
2022-23,120721,983,1,38,38
2022-23,121145,2379,1,38,38
2022-23,121160,6054,1,38,38
2022-23,121599,1726,1,38,38
2022-23,122074,7076,9,38,32
2022-23,122775,3696,1,38,38
2022-23,122798,1688,1,38,38
2022-23,122806,7723,1,38,38
2022-23,123354,6859,1,38,38
2022-23,124183,8992,1,38,38
2022-23,126184,579,1,38,38
2022-23,126187,688,1,38,38
2022-23,128295,7083,1,38,38
2022-23,128309,10865,1,38,38
2022-23,128340,10743,1,38,38
2022-23,128389,773,1,38,38
2022-23,132015,343,1,38,38
2022-23,133845,10745,1,38,38
2022-23,140200,1214,1,38,38
2022-23,141746,1228,1,38,38
2022-23,144485,998,1,38,38
2022-23,146941,2498,1,38,38
2022-23,147611,11360,22,38,18
2022-23,148225,553,1,38,38
2022-23,149065,9740,1,38,38
2022-23,149484,1024,1,38,38
2022-23,149519,3278,2,38,37
2022-23,149915,2163,1,38,38
2022-23,151086,1299,20,38,20
2022-23,151589,7236,1,38,38
2022-23,152551,2182,1,38,38
2022-23,152590,1828,1,38,38
2022-23,152898,9318,1,38,38
2022-23,153133,500,1,38,38
2022-23,153256,496,1,38,38
2022-23,153366,910,1,38,38
2022-23,153682,5596,1,38,38
2022-23,154043,1750,1,38,38
2022-23,154131,7823,1,38,38
2022-23,154296,10715,1,38,38
2022-23,154561,9676,1,38,38
2022-23,154566,1679,1,38,38
2022-23,155405,8719,1,38,38
2022-23,155408,1789,1,38,38
2022-23,155511,4419,1,38,38
2022-23,155529,8704,1,38,38
2022-23,155561,6083,1,38,38
2022-23,155569,759,1,38,38
2022-23,156074,1749,1,38,38
2022-23,156685,561,1,38,38
2022-23,156687,10742,1,38,38
2022-23,156689,922,1,38,38
2022-23,157668,971,1,38,38
2022-23,158499,10744,1,38,38
2022-23,158534,885,1,38,38
2022-23,159533,900,1,38,38
2022-23,160987,4764,1,38,38
2022-23,164484,7817,1,38,38
2022-23,164511,6521,1,38,38
2022-23,164555,8965,1,38,38
2022-23,165153,65,1,38,38
2022-23,165659,5712,1,38,38
2022-23,165809,3635,1,38,38
2022-23,166324,3683,1,38,38
2022-23,166325,5646,1,38,38
2022-23,166477,6157,1,38,38
2022-23,166989,5956,1,38,38
2022-23,167074,5973,1,38,38
2022-23,167199,2328,1,38,38
2022-23,167767,689,1,38,38
2022-23,168281,10757,1,38,38
2022-23,168580,770,1,38,38
2022-23,168765,661,1,38,38
2022-23,168991,6034,1,38,38
2022-23,169187,1791,1,38,38
2022-23,169359,884,1,38,38
2022-23,169528,8940,1,38,38
2022-23,169593,9834,1,38,38
2022-23,170137,101,1,38,38
2022-23,171101,5050,1,38,38
2022-23,171287,987,1,38,38
2022-23,171314,8961,1,38,38
2022-23,171317,6853,1,38,38
2022-23,171771,6042,1,38,38
2022-23,172632,762,1,38,38
2022-23,172649,7702,1,38,38
2022-23,172780,6818,1,38,38
2022-23,172841,3585,1,38,38
2022-23,172850,782,1,38,38
2022-23,173271,7007,6,38,33
2022-23,173515,620,1,38,38
2022-23,173807,1042,1,38,38
2022-23,173821,1014,1,38,38
2022-23,173904,6249,1,38,38
2022-23,173954,6027,1,38,38
2022-23,174874,6314,1,38,38
2022-23,174932,1078,1,38,38
2022-23,175592,5247,1,38,38
2022-23,176297,556,1,38,38
2022-23,176413,2662,1,38,38
2022-23,177815,5555,1,38,38
2022-23,178186,1776,1,38,38
2022-23,178301,8865,1,38,38
2022-23,179018,7420,1,38,38
2022-23,179268,7134,1,38,38
2022-23,179519,6088,1,38,38
2022-23,180135,7078,1,38,38
2022-23,180151,6276,1,38,38
2022-23,180184,8821,1,38,38
2022-23,180736,6615,1,38,38
2022-23,180974,87,1,38,38
2022-23,181284,5682,2,38,37
2022-23,183656,10405,1,38,38
2022-23,184029,2517,1,38,38
2022-23,184341,7768,1,38,38
2022-23,184349,6837,1,38,38
2022-23,184386,11359,22,38,18
2022-23,184667,6080,1,38,38
2022-23,184704,8040,1,38,38
2022-23,184754,8845,1,38,38
2022-23,185253,11284,19,38,21
2022-23,191866,9677,1,38,38
2022-23,192895,8089,1,38,38
2022-23,193204,10766,1,38,38
2022-23,193488,5612,1,38,38
2022-23,193645,6273,1,38,38
2022-23,194010,9679,1,38,38
2022-23,194164,985,1,38,38
2022-23,194190,6329,22,38,18
2022-23,194252,8300,1,38,38
2022-23,194634,6854,1,38,38
2022-23,194799,7691,1,38,38
2022-23,195546,2203,1,38,38
2022-23,195735,5656,1,38,38
2022-23,195851,5560,1,38,38
2022-23,195899,6253,1,38,38
2022-23,197365,1739,1,38,38
2022-23,197464,8228,1,38,38
2022-23,197469,6418,1,38,38
2022-23,198826,7689,1,38,38
2022-23,198842,10753,1,38,38
2022-23,198849,1227,1,38,38
2022-23,198869,7298,1,38,38
2022-23,199170,5989,1,38,38
2022-23,199249,7187,1,38,38
2022-23,199584,8222,1,38,38
2022-23,199598,6369,1,38,38
2022-23,199670,3697,1,38,38
2022-23,199796,8864,1,38,38
2022-23,199798,7726,1,38,38
2022-23,200089,6630,1,38,38
2022-23,200402,6163,1,38,38
2022-23,200428,11103,1,38,38
2022-23,200439,7700,1,38,38
2022-23,200600,8291,1,38,38
2022-23,200617,5595,1,38,38
2022-23,200641,6492,1,38,38
2022-23,200720,7904,1,38,38
2022-23,200785,7352,1,38,38
2022-23,201057,2674,3,38,36
2022-23,201658,10741,1,38,38
2022-23,201666,6681,1,38,38
2022-23,202993,6108,1,38,38
2022-23,203341,5545,1,38,38
2022-23,203368,3253,1,38,38
2022-23,203389,8456,1,38,38
2022-23,204214,5136,3,38,36
2022-23,204480,5553,1,38,38
2022-23,204580,9680,1,38,38
2022-23,204716,6326,1,38,38
2022-23,204727,5648,1,38,38
2022-23,204822,9675,1,38,38
2022-23,204968,11003,1,38,38
2022-23,205533,6482,1,38,38
2022-23,205651,5543,1,38,38
2022-23,205836,7069,1,38,38
2022-23,206325,2958,1,38,38
2022-23,206915,6665,1,38,38
2022-23,207270,10808,1,38,38
2022-23,207283,7166,1,38,38
2022-23,208706,8327,1,38,38
2022-23,208912,10756,1,38,38
2022-23,209035,7247,1,38,38
2022-23,209036,7603,1,38,38
2022-23,209042,7198,1,38,38
2022-23,209045,9735,1,38,38
2022-23,209046,6456,1,38,38
2022-23,209243,6345,1,38,38
2022-23,209244,6055,1,38,38
2022-23,209289,7230,1,38,38
2022-23,210156,7814,1,38,38
2022-23,210494,6935,1,38,38
2022-23,211975,6490,6,38,33
2022-23,212314,1537,22,38,17
2022-23,212319,6026,1,38,38
2022-23,212701,6147,6,38,33
2022-23,212721,6252,1,38,38
2022-23,213482,7280,1,38,38
2022-23,213687,9687,1,38,38
2022-23,214048,7332,1,38,38
2022-23,214225,6377,1,38,38
2022-23,214285,8852,1,38,38
2022-23,214466,8224,1,38,38
2022-23,214572,8093,1,38,38
2022-23,214590,5584,1,38,38
2022-23,215059,9098,1,38,38
2022-23,215136,8204,1,38,38
2022-23,215379,9154,1,38,38
2022-23,215413,9739,1,38,38
2022-23,215439,8288,1,38,38
2022-23,215711,5221,1,38,38
2022-23,216051,7281,1,38,38
2022-23,216054,6856,1,38,38
2022-23,216620,9684,1,38,38
2022-23,216646,5786,1,38,38
2022-23,217331,5602,1,38,38
2022-23,217593,2335,1,38,38
2022-23,218031,5264,1,38,38
2022-23,218218,8646,6,38,33
2022-23,218997,8582,19,38,21
2022-23,219168,5232,4,38,35
2022-23,219847,5220,1,38,38
2022-23,219924,3203,1,38,38
2022-23,219937,9086,1,38,38
2022-23,219961,8026,1,38,38
2022-23,220087,7366,20,38,21
2022-23,220237,8635,1,38,38
2022-23,220307,8066,22,38,17
2022-23,220566,2496,1,38,38
2022-23,220585,10845,1,38,38
2022-23,220627,7753,1,38,38
2022-23,221239,1053,1,38,38
2022-23,221399,8720,1,38,38
2022-23,221466,10864,2,38,37
2022-23,221610,8721,1,38,38
2022-23,221632,7218,1,38,38
2022-23,221820,10802,1,38,38
2022-23,222017,7239,1,38,38
2022-23,222018,6424,1,38,38
2022-23,222531,6857,1,38,38
2022-23,222690,10803,1,38,38
2022-23,222694,8717,1,38,38
2022-23,223081,9700,1,38,38
2022-23,223094,8260,1,38,38
2022-23,223340,7322,1,38,38
2022-23,223723,7931,1,38,38
2022-23,223911,7384,1,38,38
2022-23,224024,7365,5,38,34
2022-23,224068,10700,1,38,38
2022-23,224209,10750,1,38,38
2022-23,224967,10291,1,38,38
2022-23,224995,10866,1,38,38
2022-23,225295,10536,22,38,18
2022-23,225321,5603,1,38,38
2022-23,225796,8067,1,38,38
2022-23,225902,6310,1,38,38
2022-23,226597,5613,1,38,38
2022-23,226944,5789,1,38,38
2022-23,226956,9685,1,38,38
2022-23,227127,5609,1,38,38
2022-23,228044,9683,1,38,38
2022-23,228286,6880,1,38,38
2022-23,229600,7582,1,38,38
2022-23,230046,6122,1,38,38
2022-23,230251,9301,3,38,36
2022-23,231065,9678,1,38,38
2022-23,231747,5735,1,38,38
2022-23,232247,9915,1,38,38
2022-23,232413,8706,1,38,38
2022-23,232423,6451,1,38,38
2022-23,232620,10168,1,38,38
2022-23,232653,8941,1,38,38
2022-23,232787,9040,1,38,38
2022-23,232792,8226,1,38,38
2022-23,232826,8150,1,38,38
2022-23,232859,10764,1,38,38
2022-23,232928,7438,1,38,38
2022-23,232937,8075,1,38,38
2022-23,233420,7891,5,38,34
2022-23,234370,5086,1,38,38
2022-23,235382,8020,1,38,38
2022-23,235448,11985,1,38,38
2022-23,235530,8090,1,38,38
2022-23,235674,10716,1,38,38
2022-23,240143,6736,1,38,38
2022-23,240299,10755,1,38,38
2022-23,240514,9960,1,38,38
2022-23,241157,7430,1,38,38
2022-23,241519,5360,22,38,19
2022-23,242880,7240,19,38,22
2022-23,242898,10760,1,38,38
2022-23,243016,8379,1,38,38
2022-23,243298,11296,19,38,22
2022-23,243345,10759,1,38,38
2022-23,243505,9284,1,38,38
2022-23,243568,7988,1,38,38
2022-23,243571,10292,1,38,38
2022-23,244042,10717,1,38,38
2022-23,244085,10749,1,38,38
2022-23,244560,6500,1,38,38
2022-23,244619,8562,1,38,38
2022-23,244704,9892,22,38,18
2022-23,244723,8214,1,38,38
2022-23,244731,10408,1,38,38
2022-23,244851,8497,1,38,38
2022-23,244858,9501,1,38,38
2022-23,244930,10761,1,38,38
2022-23,245419,9738,1,38,38
2022-23,245824,7395,6,38,33
2022-23,245923,8179,1,38,38
2022-23,247632,6382,1,38,38
2022-23,248164,9967,21,38,19
2022-23,248857,11357,22,38,18
2022-23,248937,9493,1,38,38
2022-23,249231,10809,1,38,38
2022-23,423649,9734,1,38,38
2022-23,424044,6986,22,38,18
2022-23,427623,8430,1,38,38
2022-23,427637,10751,1,38,38
2022-23,428399,7892,19,38,22
2022-23,428580,9681,1,38,38
2022-23,429414,8812,6,38,33
2022-23,430871,7080,19,38,21
2022-23,431131,7701,1,38,38
2022-23,432160,9914,1,38,38
2022-23,432714,10126,1,38,38
2022-23,432830,9733,1,38,38
2022-23,432931,9552,1,38,38
2022-23,433154,6756,1,38,38
2022-23,433590,9499,1,38,38
2022-23,433979,9912,1,38,38
2022-23,434662,9686,1,38,38
2022-23,436234,7338,1,38,38
2022-23,437468,6656,3,38,36
2022-23,437495,8715,1,38,38
2022-23,437626,9691,1,38,38
2022-23,437730,11363,22,38,18
2022-23,437742,9689,1,38,37
2022-23,437753,7282,1,38,38
2022-23,438098,11007,1,38,38
2022-23,438464,8666,1,38,38
2022-23,440089,8859,2,38,37
2022-23,440323,8384,1,38,38
2022-23,440854,10012,22,38,19
2022-23,441024,10061,1,38,38
2022-23,441164,6912,22,38,17
2022-23,441191,9512,1,38,38
2022-23,441192,10036,1,38,38
2022-23,443661,9948,1,38,38
2022-23,443967,6485,1,38,38
2022-23,444145,7752,1,38,38
2022-23,444172,10748,1,38,38
2022-23,444180,10746,1,38,38
2022-23,444463,7589,1,38,38
2022-23,444765,10721,1,38,38
2022-23,444884,7546,1,38,38
2022-23,445044,6691,1,38,38
2022-23,445548,10453,22,38,19
2022-23,446008,6552,1,38,38
2022-23,447203,10720,1,38,38
2022-23,447720,11571,36,38,5
2022-23,447880,10005,1,38,38
2022-23,447932,10740,1,38,38
2022-23,448047,11356,22,38,18
2022-23,448089,11384,22,38,18
2022-23,448514,6674,1,38,38
2022-23,448791,8458,1,38,38
2022-23,449434,9524,1,38,38
2022-23,449871,9667,2,38,37
2022-23,449988,8778,1,38,38
2022-23,450070,9492,1,38,38
2022-23,450434,10804,1,38,38
2022-23,450527,6923,1,38,38
2022-23,450529,8544,1,38,38
2022-23,450535,10698,1,38,38
2022-23,450542,9461,1,38,38
2022-23,450550,9916,1,38,38
2022-23,451340,10806,1,38,38
2022-23,456350,10765,1,38,38
2022-23,460028,10805,1,38,38
2022-23,461025,11272,19,38,22
2022-23,461026,9741,1,38,38
2022-23,461188,11243,17,38,24
2022-23,461199,11461,27,38,12
2022-23,461201,10579,36,38,3
2022-23,461358,10846,1,38,38
2022-23,461416,11232,16,38,24
2022-23,461453,10775,1,38,38
2022-23,461584,11368,22,38,18
2022-23,461587,10166,19,38,21
2022-23,462381,10173,17,38,23
2022-23,462424,6888,1,38,38
2022-23,462635,9339,1,38,38
2022-23,463034,8868,1,38,38
2022-23,463067,6937,21,38,20
2022-23,463210,11594,37,38,3
2022-23,463748,9692,14,38,27
2022-23,463981,10747,1,38,38
2022-23,464353,11028,3,38,36
2022-23,465351,11000,3,38,36
2022-23,465920,11305,21,38,19
2022-23,466117,9274,22,38,18
2022-23,467169,11094,6,38,33
2022-23,469142,10807,1,38,38
2022-23,470294,10752,1,38,38
2022-23,472464,9359,15,38,26
2022-23,472713,8942,1,38,38
2022-23,472769,11592,37,38,3
2022-23,474120,11058,1,38,38
2022-23,476344,11366,22,38,18
2022-23,476502,8119,8,38,32
2022-23,476888,8970,1,38,38
2022-23,477064,10847,1,38,38
2022-23,477386,9710,1,38,38
2022-23,477547,10028,1,38,38
2022-23,477580,11486,22,38,18
2022-23,478912,9356,1,38,38
2022-23,479683,11035,1,38,38
2022-23,480455,8476,1,38,38
2022-23,481405,9682,1,38,38
2022-23,481510,11367,22,38,18
2022-23,481624,9415,1,38,38
2022-23,482442,9021,1,38,38
2022-23,482769,11378,22,38,18
2022-23,486672,9453,1,38,38
2022-23,487117,10177,4,38,35
2022-23,487818,11005,3,38,36
2022-23,487837,11242,17,38,23
2022-23,487838,10216,15,38,26
2022-23,488404,9324,1,38,38
2022-23,490094,9554,1,38,38
2022-23,490145,9332,1,38,38
2022-23,490146,10718,1,38,38
2022-23,490503,10072,6,38,33
2022-23,490721,10140,1,38,38
2022-23,491559,9470,18,38,22
2022-23,491598,11544,34,38,8
2022-23,491970,10997,2,38,37
2022-23,492776,11233,16,38,24
2022-23,492859,11155,6,38,33
2022-23,493105,10552,1,38,38
2022-23,493250,8127,1,38,38
2022-23,494541,11582,37,38,2
2022-23,494543,11583,37,38,2
2022-23,495542,8109,1,38,38
2022-23,496179,9306,1,38,38
2022-23,496208,11231,16,38,25
2022-23,496228,10141,16,38,25
2022-23,496683,11365,22,38,18
2022-23,499175,11132,8,38,32
2022-23,499724,11618,38,38,1
2022-23,501284,11487,29,38,11
2022-23,501837,9958,1,38,38
2022-23,502697,11297,20,38,20
2022-23,503301,10348,14,38,27
2022-23,504783,9630,22,38,18
2022-23,509416,11385,22,38,19
2022-23,510362,10293,1,38,38
2022-23,510363,10327,1,38,38
2022-23,513046,11317,21,38,19
2022-23,513418,9156,20,38,20
2022-23,513834,11193,14,38,27
2022-23,514280,11595,37,38,3
2022-23,514287,11393,23,38,17
2022-23,514315,11133,8,38,32
2022-23,514356,10004,1,38,38
2022-23,515024,10719,1,38,38
2022-23,515571,11078,6,38,33
2022-23,515597,10025,9,38,31
2022-23,516159,11394,23,38,17
2022-23,516895,11174,11,38,30
2022-23,518438,11409,24,38,16
2022-23,518906,11034,4,38,35
2022-23,519324,11241,17,38,24
2022-23,519327,11509,31,38,8
2022-23,520295,11295,19,38,22
2022-23,530318,11033,4,38,35
2022-23,531363,11210,15,38,25
2022-23,531989,11268,18,38,23
2022-23,532529,11269,18,38,23
2022-23,532605,11808,21,38,19
2022-23,533463,9662,21,38,19
2022-23,535928,10723,1,38,38
2022-23,536916,11362,19,38,22
2022-23,537043,9409,1,38,38
2022-23,537403,11240,17,38,23
2022-23,547701,10184,1,38,38
2022-23,547719,11386,23,38,17
2022-23,550596,11300,20,38,20
2022-23,565297,11208,15,38,26
2022-23,573062,11164,10,38,30
2022-23,590760,11301,20,38,20
2022-23,591357,11146,9,38,31
2023-24,15157,489,1,38,38
2023-24,17601,8158,1,38,38
2023-24,17761,1665,1,38,38
2023-24,18892,631,1,38,38
2023-24,20066,509,1,38,38
2023-24,20480,982,3,38,37
2023-24,21205,1651,1,38,38
2023-24,32259,540,1,38,38
2023-24,37096,706,1,38,38
2023-24,37642,807,4,38,35
2023-24,37915,637,1,38,38
2023-24,39155,486,1,38,38
2023-24,40145,712,1,38,38
2023-24,40383,831,1,38,38
2023-24,40386,7704,1,38,38
2023-24,40669,528,1,38,38
2023-24,40836,2190,1,38,38
2023-24,41328,681,1,38,38
2023-24,44683,844,1,38,38
2023-24,45034,448,1,38,38
2023-24,47247,7709,1,38,38
2023-24,47431,700,1,38,38
2023-24,48760,6030,1,38,38
2023-24,49262,7235,1,38,38
2023-24,49413,530,1,38,38
2023-24,50175,501,1,38,38
2023-24,50232,769,1,38,38
2023-24,51090,3288,1,38,38
2023-24,51927,1654,1,38,38
2023-24,54469,825,1,38,38
2023-24,54694,318,1,38,38
2023-24,54738,11712,1,38,38
2023-24,55037,532,1,38,38
2023-24,55459,534,1,38,38
2023-24,55494,510,1,38,38
2023-24,56917,458,1,38,38
2023-24,56979,605,1,38,38
2023-24,56983,461,1,38,38
2023-24,57328,603,1,38,38
2023-24,57531,531,1,38,38
2023-24,58621,638,1,38,38
2023-24,58822,847,1,38,38
2023-24,59735,780,1,38,38
2023-24,59949,585,1,38,38
2023-24,60232,804,1,38,38
2023-24,60252,775,9,38,30
2023-24,60307,239,1,38,38
2023-24,60586,1663,1,38,38
2023-24,60689,4456,1,38,38
2023-24,60706,527,1,38,38
2023-24,60914,332,1,38,38
2023-24,61256,2248,1,38,38
2023-24,61366,447,1,38,38
2023-24,61558,229,1,38,38
2023-24,66749,594,1,38,38
2023-24,67089,6532,1,38,38
2023-24,69752,1297,1,38,38
2023-24,75115,468,1,38,38
2023-24,76357,6835,1,38,38
2023-24,77794,652,1,38,38
2023-24,77818,11724,1,38,38
2023-24,78830,647,1,38,38
2023-24,78916,7382,1,38,38
2023-24,79602,11361,1,38,38
2023-24,79934,7710,1,38,38
2023-24,80146,672,1,38,38
2023-24,80201,181,1,38,38
2023-24,80226,3600,1,38,38
2023-24,80607,646,1,38,38
2023-24,80801,668,1,38,38
2023-24,81012,6891,1,38,38
2023-24,81441,8729,1,38,38
2023-24,82143,8776,1,38,38
2023-24,82514,7184,1,38,38
2023-24,82691,7706,1,38,38
2023-24,82738,11722,1,38,38
2023-24,83283,790,1,38,38
2023-24,83299,6048,1,38,38
2023-24,83314,1746,1,38,38
2023-24,83427,8286,1,38,38
2023-24,84182,2310,1,38,38
2023-24,84450,204,1,38,38
2023-24,84583,488,1,38,38
2023-24,84939,986,1,38,38
2023-24,85633,6903,23,38,16
2023-24,85955,1389,1,38,38
2023-24,85971,453,1,38,38
2023-24,86417,757,1,38,38
2023-24,87835,6852,1,38,38
2023-24,88248,8786,1,38,38
2023-24,88484,2199,1,38,38
2023-24,88894,592,1,38,38
2023-24,89076,1488,1,38,38
2023-24,90105,1683,1,38,38
2023-24,90152,2245,1,38,38
2023-24,90585,6850,1,38,38
2023-24,91046,11721,1,38,38
2023-24,91651,2254,1,38,38
2023-24,93264,643,1,38,38
2023-24,95658,1687,1,38,38
2023-24,96784,12187,1,38,38
2023-24,96994,6827,1,38,38
2023-24,97032,833,1,38,38
2023-24,97299,586,1,38,38
2023-24,98747,5552,1,38,38
2023-24,98980,4401,1,38,38
2023-24,101148,766,1,38,38
2023-24,101178,843,2,38,37
2023-24,101184,508,1,38,38
2023-24,101188,1823,1,38,38
2023-24,101582,6817,1,38,38
2023-24,101982,978,1,38,38
2023-24,102057,4105,1,38,38
2023-24,103025,750,1,38,38
2023-24,103192,935,1,38,38
2023-24,103914,6044,1,38,38
2023-24,103955,618,1,38,38
2023-24,104047,11716,1,38,38
2023-24,104542,37,1,38,38
2023-24,106468,4120,1,38,38
2023-24,106611,1653,1,38,38
2023-24,106618,853,1,38,38
2023-24,106760,1006,1,38,38
2023-24,108413,6104,1,38,38
2023-24,108416,7703,1,38,38
2023-24,108796,11714,1,38,38
2023-24,108823,645,1,38,38
2023-24,109345,6049,1,38,38
2023-24,109434,6067,1,38,38
2023-24,109528,1719,1,38,38
2023-24,109533,1245,1,38,38
2023-24,109646,5590,1,38,38
2023-24,109745,5061,1,38,38
2023-24,110504,695,1,38,38
2023-24,110735,7699,1,38,38
2023-24,111234,741,1,38,38
2023-24,111317,6820,1,38,38
2023-24,111452,375,5,38,34
2023-24,111478,8780,1,38,38
2023-24,111773,1545,1,38,38
2023-24,111782,6962,1,38,38
2023-24,114128,2280,1,38,38
2023-24,114241,10758,1,38,38
2023-24,114243,6063,1,38,38
2023-24,114283,675,1,38,38
2023-24,115382,3621,1,38,38
2023-24,115556,660,1,38,38
2023-24,115918,6875,1,38,38
2023-24,116216,7698,1,38,38
2023-24,116404,7921,1,38,38
2023-24,116535,1257,1,38,38
2023-24,116643,3420,1,38,38
2023-24,118342,7047,1,38,38
2023-24,118748,1250,1,38,38
2023-24,119471,76,1,38,38
2023-24,120202,7052,1,38,38
2023-24,120250,2383,1,38,38
2023-24,120721,983,1,38,38
2023-24,121145,2379,1,38,38
2023-24,121160,6054,1,38,38
2023-24,121599,1726,1,38,38
2023-24,122074,7076,1,38,38
2023-24,122775,3696,1,38,38
2023-24,122798,1688,1,38,38
2023-24,122806,7723,1,38,38
2023-24,123354,6859,1,38,38
2023-24,124183,8992,1,38,38
2023-24,126184,579,1,38,38
2023-24,128295,7083,1,38,38
2023-24,128309,10865,1,38,38
2023-24,128340,10743,1,38,38
2023-24,128389,773,1,38,38
2023-24,132015,343,1,38,38
2023-24,133845,10745,1,38,38
2023-24,138001,12245,1,38,38
2023-24,140200,1214,1,38,38
2023-24,141746,1228,1,38,38
2023-24,144485,998,1,38,38
2023-24,146941,2498,1,38,38
2023-24,148225,553,1,38,38
2023-24,149065,9740,1,38,38
2023-24,149484,1024,1,38,38
2023-24,149519,3278,1,38,38
2023-24,151086,1299,1,38,38
2023-24,151589,7236,1,38,38
2023-24,152551,2182,1,38,38
2023-24,152590,1828,1,38,38
2023-24,152760,484,5,38,34
2023-24,153127,6062,1,38,38
2023-24,153133,500,1,38,38
2023-24,153256,496,1,38,38
2023-24,153366,910,1,38,38
2023-24,153682,5596,1,38,38
2023-24,154296,10715,1,38,38
2023-24,154561,9676,1,38,38
2023-24,154566,1679,1,38,38
2023-24,155197,8918,1,38,38
2023-24,155405,8719,1,38,37
2023-24,155408,1789,1,38,38
2023-24,155529,8704,1,38,38
2023-24,156074,1749,1,38,38
2023-24,156658,1771,1,38,38
2023-24,156685,561,1,38,38
2023-24,156687,10742,1,38,38
2023-24,156689,922,1,38,38
2023-24,156700,11717,1,38,38
2023-24,158499,10744,1,38,38
2023-24,158983,8808,2,38,37
2023-24,159506,725,1,38,38
2023-24,159533,900,2,38,37
2023-24,160987,4764,1,38,38
2023-24,164484,7817,1,38,38
2023-24,164555,8965,1,38,38
2023-24,165153,65,21,38,18
2023-24,165183,11713,1,38,38
2023-24,165659,5712,1,38,38
2023-24,165809,3635,1,38,38
2023-24,166324,3683,1,38,38
2023-24,166477,6157,4,38,35
2023-24,166989,5956,1,38,38
2023-24,167074,5973,1,38,38
2023-24,167199,2328,1,38,38
2023-24,167878,7714,1,38,38
2023-24,168035,12549,1,38,38
2023-24,168090,205,1,38,38
2023-24,168281,10757,1,38,38
2023-24,168636,6219,23,38,17
2023-24,168991,6034,1,38,38
2023-24,169187,1791,1,38,38
2023-24,169359,884,1,38,38
2023-24,169432,1736,1,38,38
2023-24,169528,8940,1,38,38
2023-24,169593,9834,1,38,38
2023-24,170137,101,1,38,38
2023-24,171101,5050,4,38,35
2023-24,171287,987,1,38,38
2023-24,171314,8961,1,38,38
2023-24,172567,1018,1,38,38
2023-24,172632,762,1,38,38
2023-24,172649,7702,1,38,38
2023-24,172780,6818,1,38,38
2023-24,172782,8323,1,38,38
2023-24,172841,3585,1,38,38
2023-24,172850,782,1,38,38
2023-24,172912,7927,5,38,34
2023-24,173268,8923,22,38,17
2023-24,173807,1042,2,38,37
2023-24,173904,6249,1,38,38
2023-24,173954,6027,1,38,38
2023-24,174310,11718,1,38,38
2023-24,174874,6314,1,38,38
2023-24,174932,1078,1,38,38
2023-24,175941,6397,1,38,38
2023-24,176297,556,1,38,38
2023-24,176413,2662,1,38,38
2023-24,177815,5555,1,38,38
2023-24,178186,1776,1,38,38
2023-24,178301,8865,1,38,38
2023-24,179018,7420,1,38,38
2023-24,179268,7134,1,38,38
2023-24,179458,5355,1,38,38
2023-24,179519,6088,1,38,38
2023-24,180135,7078,1,38,38
2023-24,180151,6276,1,38,38
2023-24,180184,8821,1,38,38
2023-24,180736,6615,1,38,38
2023-24,180974,87,1,38,38
2023-24,181284,5682,1,38,38
2023-24,183656,10405,1,38,38
2023-24,183751,11702,1,38,38
2023-24,184029,2517,1,38,38
2023-24,184254,8858,1,38,38
2023-24,184341,7768,1,38,38
2023-24,184349,6837,1,38,38
2023-24,184667,6080,1,38,38
2023-24,184704,8040,1,38,38
2023-24,184754,8845,1,38,38
2023-24,185253,11284,1,38,38
2023-24,191866,9677,1,38,38
2023-24,192290,5568,1,38,38
2023-24,192895,8089,1,38,38
2023-24,194010,9679,1,38,38
2023-24,194164,985,1,38,38
2023-24,194634,6854,1,38,38
2023-24,194799,7691,1,38,38
2023-24,195473,5569,1,38,38
2023-24,195546,2203,1,38,38
2023-24,195735,5656,1,38,38
2023-24,195851,5560,1,38,38
2023-24,195899,6253,1,38,38
2023-24,196100,11839,2,38,37
2023-24,197365,1739,1,38,38
2023-24,197464,8228,1,38,38
2023-24,198826,7689,1,38,38
2023-24,198869,7298,1,38,38
2023-24,199056,12151,1,38,38
2023-24,199170,5989,1,38,38
2023-24,199249,7187,1,38,39
2023-24,199584,8222,1,38,38
2023-24,199598,6369,1,38,38
2023-24,199670,3697,1,38,38
2023-24,199796,8864,1,38,38
2023-24,199798,7726,1,38,38
2023-24,200089,6630,1,38,38
2023-24,200402,6163,1,38,38
2023-24,200600,8291,1,38,38
2023-24,200641,6492,1,38,38
2023-24,200720,7904,1,38,38
2023-24,200785,7352,3,38,36
2023-24,200826,5681,1,38,38
2023-24,201057,2674,1,38,38
2023-24,201410,11732,1,38,38
2023-24,201440,7746,1,38,38
2023-24,201658,10741,1,38,38
2023-24,201666,6681,1,38,38
2023-24,202641,10913,1,38,38
2023-24,202993,6108,1,38,38
2023-24,204214,5136,1,38,38
2023-24,204480,5553,1,38,38
2023-24,204580,9680,1,38,38
2023-24,204676,9099,1,38,38
2023-24,204716,6326,1,38,38
2023-24,204727,5648,1,38,38
2023-24,204814,11815,21,38,18
2023-24,204822,9675,1,38,38
2023-24,204968,11003,1,38,38
2023-24,205533,6482,1,38,38
2023-24,205651,5543,1,38,38
2023-24,205836,7069,4,38,35
2023-24,206325,2958,1,38,38
2023-24,206915,6665,1,38,38
2023-24,207189,8285,1,38,38
2023-24,207283,7166,1,38,38
2023-24,208706,8327,1,38,38
2023-24,208904,11715,1,38,38
2023-24,208912,10756,1,38,38
2023-24,209035,7247,1,38,38
2023-24,209036,7603,1,38,38
2023-24,209042,7198,1,38,38
2023-24,209046,6456,1,38,38
2023-24,209243,6345,1,38,38
2023-24,209244,6055,1,38,38
2023-24,209289,7230,1,38,38
2023-24,209293,12509,23,38,17
2023-24,210156,7814,1,38,38
2023-24,210462,5722,5,38,34
2023-24,210494,6935,1,38,38
2023-24,211975,6490,1,38,38
2023-24,212314,1537,1,38,38
2023-24,212319,6026,1,38,38
2023-24,213198,3300,1,38,38
2023-24,213345,7724,1,38,38
2023-24,213687,9687,1,38,38
2023-24,213999,11926,1,38,38
2023-24,214048,7332,1,38,38
2023-24,214225,6377,1,38,38
2023-24,214285,8852,1,38,38
2023-24,214572,8093,1,38,38
2023-24,214590,5584,1,38,38
2023-24,215059,9098,1,38,38
2023-24,215136,8204,1,38,38
2023-24,215379,9154,1,38,38
2023-24,215439,8288,1,38,38
2023-24,215531,1830,1,38,38
2023-24,215711,5221,1,38,38
2023-24,216051,7281,1,38,38
2023-24,216616,8756,1,38,38
2023-24,216646,5786,1,38,38
2023-24,217331,5602,1,38,38
2023-24,217593,2335,1,38,38
2023-24,218430,9897,3,38,36
2023-24,218997,8582,1,38,38
2023-24,219168,5232,1,38,38
2023-24,219847,5220,1,38,38
2023-24,219924,3203,1,38,38
2023-24,220037,8482,1,38,38
2023-24,220237,8635,1,38,38
2023-24,220307,8066,1,38,38
2023-24,220362,6885,1,38,38
2023-24,220394,8496,1,38,38
2023-24,220566,2496,1,38,38
2023-24,220585,10845,1,38,38
2023-24,220598,6504,1,38,38
2023-24,221239,1053,1,38,38
2023-24,221399,8720,2,38,37
2023-24,221466,10864,1,38,38
2023-24,221632,7218,1,38,38
2023-24,221820,10802,1,38,38
2023-24,222017,7239,1,38,38
2023-24,222018,6424,1,38,38
2023-24,222531,6857,1,38,38
2023-24,222627,8366,1,38,38
2023-24,222677,7439,1,38,38
2023-24,222683,6963,1,38,38
2023-24,222690,10803,1,38,38
2023-24,223094,8260,1,38,38
2023-24,223340,7322,1,38,38
2023-24,223434,7943,1,38,38
2023-24,223723,7931,1,38,38
2023-24,223911,7384,1,38,38
2023-24,224024,7365,1,38,38
2023-24,224068,10700,1,38,38
2023-24,224967,10291,1,38,38
2023-24,224995,10866,5,38,34
2023-24,225321,5603,1,38,38
2023-24,225796,8067,1,38,38
2023-24,225897,5803,5,38,34
2023-24,226182,9205,1,38,38
2023-24,226597,5613,1,38,38
2023-24,226944,5789,1,38,38
2023-24,226956,9685,1,38,38
2023-24,227127,5609,1,38,38
2023-24,228044,9683,1,38,38
2023-24,229164,11719,1,38,38
2023-24,229600,7582,1,38,38
2023-24,230046,6122,1,38,38
2023-24,230251,9301,1,38,38
2023-24,231057,7762,5,38,34
2023-24,231065,9678,1,38,38
2023-24,231372,5962,1,38,38
2023-24,231480,10945,4,38,35
2023-24,231747,5735,1,38,38
2023-24,232223,9690,1,38,38
2023-24,232351,7277,1,38,38
2023-24,232413,8706,1,38,38
2023-24,232653,8941,1,38,38
2023-24,232787,9040,1,38,38
2023-24,232792,8226,1,38,38
2023-24,232826,8150,1,38,38
2023-24,232859,10764,1,38,38
2023-24,232892,11728,1,38,38
2023-24,232917,7027,1,38,38
2023-24,232928,7438,1,38,38
2023-24,232937,8075,1,38,38
2023-24,232980,7688,1,38,38
2023-24,233425,7991,1,38,38
2023-24,233821,10386,1,38,38
2023-24,233963,6722,3,38,36
2023-24,235382,8020,1,38,38
2023-24,235448,11985,1,38,38
2023-24,235530,8090,1,38,38
2023-24,235674,10716,1,38,38
2023-24,240299,10755,1,38,38
2023-24,240514,9960,1,38,38
2023-24,241157,7430,1,38,38
2023-24,241231,6557,1,38,38
2023-24,242453,11720,1,38,38
2023-24,242880,7240,1,38,38
2023-24,242898,10760,1,38,38
2023-24,243016,8379,1,38,38
2023-24,243298,11296,1,38,38
2023-24,243345,10759,1,38,38
2023-24,243505,9284,1,38,38
2023-24,243557,6556,1,38,38
2023-24,243568,7988,1,38,38
2023-24,243571,10292,1,38,38
2023-24,244042,10717,1,38,38
2023-24,244085,10749,1,38,38
2023-24,244262,11723,1,38,38
2023-24,244619,8562,4,38,35
2023-24,244723,8214,1,38,38
2023-24,244731,10408,1,38,38
2023-24,244850,12412,23,38,16
2023-24,244851,8497,1,38,38
2023-24,244856,12073,1,38,39
2023-24,244930,10761,1,38,38
2023-24,244954,6221,1,38,38
2023-24,245414,6686,3,38,36
2023-24,245824,7395,1,38,38
2023-24,245923,8179,1,38,38
2023-24,247245,11998,3,38,37
2023-24,247348,12408,22,38,17
2023-24,247632,6382,1,38,38
2023-24,248164,9967,1,38,38
2023-24,248857,11357,1,38,38
2023-24,248859,12200,12,38,27
2023-24,248875,8981,3,38,36
2023-24,249231,10809,1,38,38
2023-24,250199,8252,5,38,34
2023-24,424001,10872,1,38,38
2023-24,424044,6986,1,38,38
2023-24,424876,9788,1,38,38
2023-24,427420,8191,23,38,16
2023-24,427623,8430,1,38,38
2023-24,428580,9681,1,38,38
2023-24,428971,12735,4,38,35
2023-24,429414,8812,1,38,38
2023-24,430871,7080,1,38,38
2023-24,430992,10119,21,38,18
2023-24,432160,9914,1,38,38
2023-24,432422,7958,1,38,38
2023-24,432711,10174,1,38,38
2023-24,432714,10126,1,38,38
2023-24,432720,9077,1,38,38
2023-24,432830,9733,1,38,38
2023-24,432931,9552,1,38,38
2023-24,432990,10041,1,38,38
2023-24,433154,6756,1,38,38
2023-24,433979,9912,1,38,38
2023-24,434662,9686,1,38,38
2023-24,435973,7498,1,38,38
2023-24,436234,7338,1,38,38
2023-24,437468,6656,1,38,38
2023-24,437626,9691,1,38,38
2023-24,437730,11363,1,38,38
2023-24,437742,9689,1,38,39
2023-24,437748,12094,5,38,35
2023-24,437753,7282,1,38,38
2023-24,437757,7264,4,38,36
2023-24,438098,11007,1,38,38
2023-24,438464,8666,1,38,38
2023-24,440089,8859,1,38,38
2023-24,440323,8384,1,38,38
2023-24,440854,10012,1,38,38
2023-24,440993,9307,1,38,38
2023-24,441024,10061,1,38,38
2023-24,441164,6912,1,38,38
2023-24,441191,9512,1,38,38
2023-24,441192,10036,1,38,38
2023-24,441240,6420,22,38,18
2023-24,441266,10697,5,38,34
2023-24,441271,8351,1,38,38
2023-24,441302,11807,1,38,38
2023-24,441428,10187,1,38,38
2023-24,441455,11700,1,38,38
2023-24,443211,12291,1,38,38
2023-24,443661,9948,1,38,38
2023-24,444145,7752,1,38,38
2023-24,444180,10746,1,38,38
2023-24,444463,7589,1,38,38
2023-24,444765,10721,1,38,38
2023-24,444884,7546,1,38,38
2023-24,445044,6691,1,38,38
2023-24,445122,11707,1,38,38
2023-24,445548,10453,31,38,9
2023-24,446008,6552,1,38,38
2023-24,447203,10720,1,38,38
2023-24,447715,9913,3,38,37
2023-24,448047,11356,1,38,38
2023-24,448089,11384,1,38,38
2023-24,448514,6674,1,38,38
2023-24,449434,9524,1,38,38
2023-24,449871,9667,1,38,38
2023-24,449988,8778,1,38,38
2023-24,450434,10804,1,38,38
2023-24,450535,10698,1,38,38
2023-24,450539,10205,12,38,27
2023-24,450542,9461,1,38,38
2023-24,451302,12054,4,38,35
2023-24,451340,10806,1,38,38
2023-24,457569,12032,4,38,35
2023-24,460028,10805,1,38,38
2023-24,460842,12027,4,38,35
2023-24,461188,11243,2,38,37
2023-24,461358,10846,1,38,38
2023-24,461416,11232,1,38,38
2023-24,461421,10027,1,38,38
2023-24,461446,9287,1,38,38
2023-24,461453,10775,30,38,10
2023-24,461484,9959,22,38,17
2023-24,461682,12034,1,38,38
2023-24,462381,10173,2,38,37
2023-24,462424,6888,1,38,38
2023-24,462492,12445,25,38,14
2023-24,463210,11594,1,38,38
2023-24,463748,9692,1,38,38
2023-24,463981,10747,1,38,38
2023-24,465351,11000,1,38,38
2023-24,465390,9409,22,38,17
2023-24,465527,9558,1,38,38
2023-24,465607,7967,4,38,35
2023-24,465920,11305,1,38,38
2023-24,466117,9274,1,38,38
2023-24,466404,9833,5,38,34
2023-24,467169,11094,1,38,38
2023-24,469142,10807,1,38,38
2023-24,471848,9540,1,38,38
2023-24,472464,9359,1,38,38
2023-24,472713,8942,1,38,38
2023-24,474120,11058,1,38,38
2023-24,475168,8272,1,38,38
2023-24,475480,12204,12,38,27
2023-24,476344,11366,1,38,38
2023-24,476369,9619,1,38,38
2023-24,476502,8119,1,38,38
2023-24,477064,10847,1,38,38
2023-24,477424,9790,1,38,38
2023-24,477555,11903,1,38,38
2023-24,477580,11486,1,38,38
2023-24,477717,9487,23,38,16
2023-24,478912,9356,1,38,38
2023-24,478969,11704,1,38,38
2023-24,479683,11035,1,38,38
2023-24,480455,8476,1,38,38
2023-24,481405,9682,1,38,38
2023-24,481624,9415,1,38,38
2023-24,482158,11809,1,38,38
2023-24,482442,9021,1,38,38
2023-24,482609,9017,1,38,38
2023-24,482769,11378,1,38,38
2023-24,486385,9983,4,38,35
2023-24,486672,9453,1,38,38
2023-24,487053,8831,1,38,38
2023-24,487117,10177,1,38,38
2023-24,487702,10620,1,38,38
2023-24,487818,11005,1,38,38
2023-24,487828,12340,1,38,38
2023-24,487836,9222,1,38,38
2023-24,487837,11242,1,38,38
2023-24,487838,10216,1,38,38
2023-24,487968,11699,1,38,38
2023-24,488404,9324,1,38,38
2023-24,489639,11711,1,38,38
2023-24,490094,9554,1,38,38
2023-24,490145,9332,1,38,38
2023-24,490146,10718,1,38,38
2023-24,490150,12215,13,38,26
2023-24,490721,10140,1,38,38
2023-24,490881,12461,26,38,13
2023-24,490885,12474,26,38,13
2023-24,491012,11984,1,38,38
2023-24,491279,10050,1,38,38
2023-24,491501,11811,1,38,38
2023-24,491557,12269,17,38,22
2023-24,491598,11544,21,38,18
2023-24,491970,10997,1,38,38
2023-24,492777,10120,15,38,24
2023-24,492831,11701,1,38,38
2023-24,493105,10552,1,38,38
2023-24,493125,9105,21,38,18
2023-24,493250,8127,1,38,38
2023-24,494041,11986,3,38,36
2023-24,496185,10118,21,38,18
2023-24,496208,11231,1,38,38
2023-24,496221,12409,23,38,16
2023-24,496683,11365,22,38,18
2023-24,497606,12234,14,38,25
2023-24,497894,11055,1,38,38
2023-24,499169,12272,17,38,22
2023-24,499175,11132,19,38,20
2023-24,499721,12603,35,38,6
2023-24,500058,12455,25,38,14
2023-24,501284,11487,1,38,38
2023-24,501837,9958,21,38,18
2023-24,503139,12149,1,38,38
2023-24,503714,9451,1,38,38
2023-24,503724,8973,23,38,16
2023-24,504198,11730,1,38,38
2023-24,504598,11987,3,38,36
2023-24,505187,10433,22,38,17
2023-24,507433,12595,22,38,18
2023-24,508395,11772,1,38,38
2023-24,509416,11385,1,38,38
2023-24,510362,10293,1,38,38
2023-24,510363,10327,1,38,38
2023-24,511783,11703,1,38,38
2023-24,512462,12014,1,38,38
2023-24,513046,11317,1,38,38
2023-24,513418,9156,1,38,38
2023-24,513588,12118,7,38,32
2023-24,514277,12497,27,38,13
2023-24,514280,11595,5,38,34
2023-24,514356,10004,2,38,37
2023-24,515024,10719,3,38,36
2023-24,515501,5191,1,38,38
2023-24,516159,11394,3,38,36
2023-24,516250,12427,24,38,16
2023-24,516895,11174,1,38,38
2023-24,517052,10048,1,38,38
2023-24,518438,11409,20,38,19
2023-24,518442,12296,20,38,19
2023-24,518466,12275,17,38,22
2023-24,518620,11818,1,38,38
2023-24,519198,12086,5,38,34
2023-24,519321,12193,12,38,27
2023-24,520295,11295,1,38,38
2023-24,521966,12581,34,38,5
2023-24,523700,9509,1,38,38
2023-24,523957,11729,1,38,38
2023-24,530318,11033,26,38,13
2023-24,531363,11210,4,38,35
2023-24,531989,11268,7,38,32
2023-24,532372,12449,25,38,14
2023-24,532529,11269,1,38,38
2023-24,532605,11808,1,38,38
2023-24,533463,9662,1,38,38
2023-24,534392,11810,1,38,38
2023-24,535301,10527,4,38,35
2023-24,535818,11710,1,38,38
2023-24,535928,10723,1,38,38
2023-24,536109,12358,21,38,18
2023-24,536694,12152,1,38,38
2023-24,536908,12105,1,38,38
2023-24,536916,11362,1,38,38
2023-24,537403,11240,38,38,1
2023-24,538207,9556,1,38,38
2023-24,538210,11731,1,38,38
2023-24,543158,12498,25,38,14
2023-24,544877,11709,1,38,38
2023-24,545477,12199,1,38,38
2023-24,547716,12198,12,38,27
2023-24,547719,11386,1,38,38
2023-24,548308,12031,4,38,35
2023-24,549068,11739,1,38,38
2023-24,549344,12465,26,38,13
2023-24,550596,11300,24,38,16
2023-24,550615,12573,33,38,8
2023-24,550839,10822,3,38,37
2023-24,551232,12418,23,38,16
2023-24,552425,12251,16,38,23
2023-24,565431,12359,21,38,18
2023-24,568791,12582,34,38,6
2023-24,570241,12136,8,38,31
2023-24,574398,12454,25,38,14
2023-24,574402,12205,12,38,27
2023-24,575034,12568,33,38,7
2023-24,575476,12123,4,38,35
2023-24,577016,12535,28,38,12
2023-24,577725,12410,23,38,16
2023-24,577974,12559,32,38,8
2023-24,585472,12158,9,38,30
2023-24,589114,12188,11,38,28
2023-24,589507,12532,28,38,11
2023-24,591357,11146,1,38,38
2023-24,591386,12203,12,38,27
2023-24,593001,12047,4,38,35
2023-24,611011,11980,3,38,37
2023-24,611926,12534,28,38,11
2023-24,613467,12500,27,38,12
2023-24,617054,12033,3,38,36
2023-24,622536,12533,28,38,11
2023-24,628204,12633,38,38,1
2024-25,15157,489,1,38,38
2024-25,17601,8158,1,38,38
2024-25,17761,1665,1,38,38
2024-25,18892,631,1,38,38
2024-25,19236,785,1,38,38
2024-25,20066,509,21,38,18
2024-25,21205,1651,1,38,38
2024-25,37096,706,1,38,38
2024-25,37642,807,1,38,38
2024-25,39155,486,1,38,38
2024-25,40349,694,2,38,37
2024-25,40383,831,1,38,38
2024-25,47431,700,25,38,14
2024-25,48760,6030,1,38,38
2024-25,49262,7235,1,38,38
2024-25,50175,501,1,38,38
2024-25,51927,1654,1,38,38
2024-25,54469,825,1,38,38
2024-25,55459,534,1,38,38
2024-25,55494,510,1,38,38
2024-25,57328,603,1,38,38
2024-25,57531,531,1,38,38
2024-25,58376,635,1,38,38
2024-25,58621,638,1,38,38
2024-25,59859,314,2,38,37
2024-25,59949,585,1,38,38
2024-25,60232,804,1,38,38
2024-25,60307,239,1,38,38
2024-25,60689,4456,1,38,38
2024-25,61256,2248,1,38,38
2024-25,61366,447,1,38,38
2024-25,66749,594,1,38,38
2024-25,67089,6532,1,38,38
2024-25,69752,1297,1,38,38
2024-25,74944,12748,1,38,38
2024-25,75115,468,1,38,38
2024-25,76357,6835,1,38,38
2024-25,77794,652,1,38,38
2024-25,78916,7382,1,38,38
2024-25,79602,11361,1,38,38
2024-25,80146,672,1,38,38
2024-25,80201,181,1,38,38
2024-25,80607,646,1,38,38
2024-25,80801,668,1,38,38
2024-25,82143,8776,1,38,38
2024-25,82514,7184,1,38,38
2024-25,83299,6048,1,38,38
2024-25,84182,2310,1,38,38
2024-25,84939,986,1,38,38
2024-25,85633,6903,1,38,38
2024-25,85955,1389,1,38,38
2024-25,85971,453,1,38,38
2024-25,86417,757,1,38,38
2024-25,87835,6852,1,38,38
2024-25,88248,8786,1,38,38
2024-25,88484,2199,1,38,38
2024-25,88894,592,1,38,38
2024-25,88900,1735,1,38,38
2024-25,90105,1683,1,38,38
2024-25,90585,6850,1,38,38
2024-25,91651,2254,1,38,38
2024-25,91889,6098,1,38,38
2024-25,93100,111,1,38,38
2024-25,94147,6851,1,38,38
2024-25,94926,1778,1,38,38
2024-25,95463,473,1,38,38
2024-25,95658,1687,1,38,38
2024-25,96994,6827,1,38,38
2024-25,97032,833,1,38,38
2024-25,97299,586,1,38,38
2024-25,98747,5552,1,38,38
2024-25,98980,4401,1,38,38
2024-25,101148,766,1,38,38
2024-25,101178,843,1,38,38
2024-25,101188,1823,1,38,38
2024-25,101668,755,1,38,38
2024-25,101982,978,1,38,38
2024-25,102057,4105,1,38,38
2024-25,103192,935,1,38,38
2024-25,103914,6044,1,38,38
2024-25,103955,618,1,38,38
2024-25,106468,4120,1,38,38
2024-25,106606,12747,1,38,38
2024-25,106611,1653,1,38,38
2024-25,106760,1006,1,38,38
2024-25,108053,8905,1,38,38
2024-25,108413,6104,1,38,38
2024-25,108813,9251,1,38,38
2024-25,109345,6049,1,38,38
2024-25,109533,1245,1,38,38
2024-25,109646,5590,1,38,38
2024-25,109745,5061,1,38,38
2024-25,110735,7699,1,38,38
2024-25,111234,741,1,38,38
2024-25,111317,6820,1,38,38
2024-25,111452,375,1,38,38
2024-25,111478,8780,1,38,38
2024-25,111773,1545,1,38,38
2024-25,111782,6962,1,38,38
2024-25,111931,3303,1,38,38
2024-25,112520,1038,25,38,14
2024-25,114241,10758,1,38,38
2024-25,114243,6063,1,38,38
2024-25,114283,675,1,38,38
2024-25,115382,3621,1,38,38
2024-25,115556,660,1,38,38
2024-25,116216,7698,1,38,38
2024-25,116535,1257,1,38,38
2024-25,118342,7047,1,38,38
2024-25,118748,1250,1,38,38
2024-25,119471,76,1,38,38
2024-25,120721,983,1,38,38
2024-25,121145,2379,1,38,38
2024-25,121160,6054,1,38,38
2024-25,121599,1726,1,38,38
2024-25,122074,7076,1,38,38
2024-25,122411,12755,1,38,38
2024-25,122798,1688,1,38,38
2024-25,122806,7723,1,38,38
2024-25,123354,6859,1,38,38
2024-25,126184,579,1,38,38
2024-25,128295,7083,1,38,38
2024-25,132015,343,1,38,38
2024-25,135720,5261,25,38,14
2024-25,138001,12245,1,38,38
2024-25,141746,1228,1,38,38
2024-25,144485,998,1,38,38
2024-25,147611,11360,1,38,38
2024-25,149065,9740,1,38,38
2024-25,149484,1024,1,38,38
2024-25,149519,3278,1,38,38
2024-25,149929,12749,1,38,38
2024-25,151086,1299,1,38,38
2024-25,151589,7236,1,38,38
2024-25,152551,2182,1,38,38
2024-25,153127,6062,1,38,38
2024-25,153133,500,1,38,38
2024-25,153366,910,1,38,38
2024-25,153682,5596,1,38,38
2024-25,154048,7484,1,38,38
2024-25,154561,9676,1,38,38
2024-25,154566,1679,1,38,38
2024-25,155405,8719,1,38,38
2024-25,155408,1789,1,38,38
2024-25,155511,4419,1,38,38
2024-25,156074,1749,1,38,38
2024-25,156689,922,1,38,38
2024-25,157668,971,1,38,38
2024-25,158499,10744,1,38,38
2024-25,158534,885,1,38,38
2024-25,158983,8808,1,38,38
2024-25,159506,725,1,38,38
2024-25,159533,900,1,38,38
2024-25,164555,8965,1,38,38
2024-25,165153,65,1,38,38
2024-25,165659,5712,1,38,38
2024-25,165809,3635,1,38,38
2024-25,166477,6157,1,38,38
2024-25,166989,5956,1,38,38
2024-25,167074,5973,1,38,38
2024-25,167191,12753,1,38,38
2024-25,167199,2328,1,38,38
2024-25,167888,12762,1,38,38
2024-25,168090,205,1,38,38
2024-25,168636,6219,1,38,38
2024-25,168991,6034,1,38,38
2024-25,169187,1791,1,38,38
2024-25,169359,884,1,38,38
2024-25,169528,8940,1,38,38
2024-25,169593,9834,1,38,38
2024-25,171287,987,1,38,38
2024-25,171314,8961,1,38,38
2024-25,171771,6042,1,38,38
2024-25,172453,12752,1,38,38
2024-25,172649,7702,1,38,38
2024-25,172780,6818,1,38,38
2024-25,172850,782,1,38,38
2024-25,173818,9406,1,38,38
2024-25,174292,2117,25,38,14
2024-25,174874,6314,1,38,38
2024-25,175941,6397,1,38,38
2024-25,176297,556,1,38,38
2024-25,177815,5555,1,38,38
2024-25,178186,1776,1,38,38
2024-25,178301,8865,1,38,38
2024-25,179018,7420,1,38,38
2024-25,179268,7134,1,38,38
2024-25,179519,6088,4,38,35
2024-25,180135,7078,1,38,38
2024-25,180736,6615,1,38,38
2024-25,180804,934,1,38,38
2024-25,180974,87,1,38,38
2024-25,181284,5682,1,38,38
2024-25,183656,10405,1,38,38
2024-25,184029,2517,1,38,38
2024-25,184254,8858,1,38,38
2024-25,184341,7768,1,38,38
2024-25,184349,6837,1,38,38
2024-25,184386,11359,1,38,38
2024-25,184667,6080,1,38,38
2024-25,184754,8845,1,38,38
2024-25,191866,9677,1,38,38
2024-25,192895,8089,1,38,38
2024-25,193204,10766,1,38,38
2024-25,194010,9679,1,38,38
2024-25,194164,985,1,38,38
2024-25,194190,6329,1,38,38
2024-25,194634,6854,1,38,38
2024-25,194799,7691,1,38,38
2024-25,195384,5304,3,38,36
2024-25,195546,2203,1,38,38
2024-25,195851,5560,1,38,38
2024-25,196411,12750,1,38,38
2024-25,197024,8267,1,38,38
2024-25,197464,8228,1,38,38
2024-25,197469,6418,1,38,38
2024-25,198826,7689,21,38,18
2024-25,198869,7298,1,38,38
2024-25,199249,7187,1,38,38
2024-25,199670,3697,1,38,38
2024-25,199796,8864,1,38,38
2024-25,199798,7726,1,38,38
2024-25,200089,6630,1,38,38
2024-25,200402,6163,1,38,38
2024-25,200428,11103,1,38,38
2024-25,200600,8291,1,38,38
2024-25,200641,6492,1,38,38
2024-25,200720,7904,1,38,38
2024-25,200785,7352,1,38,38
2024-25,200826,5681,1,38,38
2024-25,201440,7746,1,38,38
2024-25,201658,10741,1,38,38
2024-25,201666,6681,1,38,38
2024-25,202641,10913,1,38,38
2024-25,202993,6108,1,38,38
2024-25,203341,5545,1,38,38
2024-25,204214,5136,1,38,38
2024-25,204480,5553,1,38,38
2024-25,204580,9680,1,38,38
2024-25,204646,9749,22,38,17
2024-25,204716,6326,1,38,38
2024-25,204727,5648,1,38,38
2024-25,204814,11815,1,38,38
2024-25,204822,9675,1,38,38
2024-25,204863,13134,1,38,38
2024-25,204968,11003,1,38,38
2024-25,205533,6482,1,38,38
2024-25,205651,5543,1,38,38
2024-25,206325,2958,1,38,38
2024-25,206915,6665,1,38,38
2024-25,207189,8285,2,38,37
2024-25,207270,10808,1,38,38
2024-25,207283,7166,1,38,38
2024-25,208706,8327,1,38,38
2024-25,208912,10756,1,38,38
2024-25,209035,7247,1,38,38
2024-25,209036,7603,1,38,38
2024-25,209042,7198,1,38,38
2024-25,209046,6456,1,38,38
2024-25,209243,6345,1,38,38
2024-25,209244,6055,1,38,38
2024-25,209289,7230,1,38,38
2024-25,209365,7902,1,38,38
2024-25,209400,6145,1,38,38
2024-25,210156,7814,1,38,38
2024-25,210462,5722,1,38,38
2024-25,210494,6935,1,38,38
2024-25,211975,6490,1,38,38
2024-25,212314,1537,1,38,38
2024-25,212319,6026,1,38,38
2024-25,213198,3300,1,38,38
2024-25,213999,11926,1,38,38
2024-25,214048,7332,1,38,38
2024-25,214285,8852,1,38,38
2024-25,214466,8224,1,38,38
2024-25,214572,8093,1,38,38
2024-25,214590,5584,1,38,38
2024-25,214964,12947,1,38,38
2024-25,215059,9098,1,38,38
2024-25,215136,8204,1,38,38
2024-25,215379,9154,1,38,38
2024-25,215413,9739,1,38,38
2024-25,215439,8288,1,38,38
2024-25,215711,5221,1,38,38
2024-25,216051,7281,1,38,38
2024-25,216616,8756,3,38,36
2024-25,216646,5786,1,38,38
2024-25,218218,8646,1,38,38
2024-25,219168,5232,1,38,38
2024-25,219249,13206,3,38,36
2024-25,219279,12761,1,38,38
2024-25,219847,5220,1,38,38
2024-25,219924,3203,1,38,38
2024-25,219937,9086,1,38,38
2024-25,220237,8635,1,38,38
2024-25,220362,6885,1,38,38
2024-25,220394,8496,1,38,38
2024-25,220566,2496,1,38,38
2024-25,220583,12746,1,38,38
2024-25,220585,10845,1,38,38
2024-25,220627,7753,1,38,38
2024-25,220695,10053,10,38,29
2024-25,221399,8720,1,38,38
2024-25,221466,10864,1,38,38
2024-25,221632,7218,1,38,38
2024-25,221820,10802,1,38,38
2024-25,222018,6424,1,38,38
2024-25,222531,6857,1,38,38
2024-25,222625,8563,1,38,38
2024-25,222627,8366,1,38,38
2024-25,222683,6963,1,38,38
2024-25,222690,10803,1,38,38
2024-25,223094,8260,1,38,38
2024-25,223340,7322,1,38,38
2024-25,223434,7943,1,38,38
2024-25,223541,1433,3,38,36
2024-25,223723,7931,1,38,38
2024-25,223911,7384,1,38,38
2024-25,224024,7365,1,38,38
2024-25,224068,10700,1,38,38
2024-25,224860,2478,4,38,35
2024-25,224967,10291,1,38,38
2024-25,224995,10866,1,38,38
2024-25,225321,5603,1,38,38
2024-25,225796,8067,1,38,38
2024-25,225902,6310,1,38,38
2024-25,226597,5613,1,38,38
2024-25,226944,5789,1,38,38
2024-25,226956,9685,1,38,38
2024-25,227127,5609,1,38,38
2024-25,227444,6174,1,38,38
2024-25,229164,11719,3,38,36
2024-25,229384,12774,1,38,38
2024-25,229600,7582,1,38,38
2024-25,230001,10696,1,38,38
2024-25,230251,9301,1,38,38
2024-25,230348,13060,1,38,38
2024-25,231057,7762,1,38,38
2024-25,231065,9678,1,38,38
2024-25,231416,13066,3,38,36
2024-25,231480,10945,1,38,38
2024-25,231747,5735,1,38,38
2024-25,231899,12754,1,38,38
2024-25,232112,11766,4,38,35
2024-25,232185,5675,1,38,38
2024-25,232228,13133,1,38,38
2024-25,232413,8706,1,38,38
2024-25,232653,8941,1,38,38
2024-25,232787,9040,1,38,38
2024-25,232792,8226,1,38,38
2024-25,232826,8150,1,38,38
2024-25,232859,10764,1,38,38
2024-25,232892,11728,1,38,38
2024-25,232917,7027,1,38,38
2024-25,232928,7438,1,38,38
2024-25,232980,7688,1,38,38
2024-25,233963,6722,1,38,38
2024-25,235530,8090,1,38,38
2024-25,235674,10716,1,38,38
2024-25,240299,10755,1,38,38
2024-25,241157,7430,1,38,38
2024-25,242880,7240,1,38,38
2024-25,242898,10760,1,38,38
2024-25,243016,8379,1,38,38
2024-25,243298,11296,1,38,38
2024-25,243345,10759,1,38,38
2024-25,243505,9284,1,38,38
2024-25,243557,6556,1,38,38
2024-25,243568,7988,1,38,38
2024-25,243571,10292,1,38,38
2024-25,244042,10717,1,38,38
2024-25,244619,8562,1,38,38
2024-25,244723,8214,1,38,38
2024-25,244731,10408,1,38,38
2024-25,244845,12763,1,38,38
2024-25,244850,12412,1,38,38
2024-25,244851,8497,1,38,38
2024-25,244858,9501,1,38,38
2024-25,244930,10761,1,38,38
2024-25,244954,6221,1,38,38
2024-25,245419,9738,1,38,38
2024-25,245719,8495,1,38,38
2024-25,245824,7395,1,38,38
2024-25,245923,8179,1,38,38
2024-25,246265,13876,1,38,38
2024-25,246301,8489,1,38,38
2024-25,247348,12408,1,38,38
2024-25,247412,11070,1,38,38
2024-25,247632,6382,1,38,38
2024-25,248164,9967,1,38,38
2024-25,248857,11357,1,38,38
2024-25,248875,8981,1,38,38
2024-25,249231,10809,1,38,38
2024-25,250199,8252,1,38,38
2024-25,424044,6986,1,38,38
2024-25,424876,9788,1,38,38
2024-25,427623,8430,1,38,38
2024-25,428399,7892,2,38,37
2024-25,428580,9681,1,38,38
2024-25,428971,12735,1,38,38
2024-25,429414,8812,1,38,38
2024-25,430871,7080,1,38,38
2024-25,432422,7958,1,38,38
2024-25,432714,10126,1,38,38
2024-25,432830,9733,1,38,38
2024-25,432987,13103,5,38,34
2024-25,433154,6756,1,38,38
2024-25,433312,7908,25,38,14
2024-25,433979,9912,1,38,38
2024-25,434044,10052,1,38,38
2024-25,436234,7338,1,38,38
2024-25,436680,13301,1,38,38
2024-25,436893,11745,1,38,38
2024-25,437499,8853,4,38,35
2024-25,437730,11363,1,38,38
2024-25,438098,11007,1,38,38
2024-25,438234,8393,23,38,16
2024-25,438464,8666,1,38,38
2024-25,439135,13459,25,38,14
2024-25,440089,8859,1,38,38
2024-25,440148,10091,1,38,38
2024-25,440323,8384,1,38,38
2024-25,440854,10012,1,38,38
2024-25,440993,9307,1,38,38
2024-25,441164,6912,1,38,38
2024-25,441191,9512,1,38,38
2024-25,441192,10036,1,38,38
2024-25,441240,6420,1,38,38
2024-25,441266,10697,1,38,38
2024-25,441271,8351,1,38,38
2024-25,441302,11807,1,38,38
2024-25,441428,10187,1,38,38
2024-25,443261,13019,3,38,36
2024-25,444102,12963,2,38,37
2024-25,444145,7752,1,38,38
2024-25,444172,10748,1,38,38
2024-25,444180,10746,1,38,38
2024-25,444463,7589,1,38,38
2024-25,444765,10721,1,38,38
2024-25,444884,7546,1,38,38
2024-25,445044,6691,1,38,38
2024-25,445122,11707,1,38,38
2024-25,445548,10453,1,38,38
2024-25,446008,6552,1,38,38
2024-25,447203,10720,1,38,38
2024-25,447720,11571,6,38,33
2024-25,447880,10005,11,38,28
2024-25,448047,11356,1,38,38
2024-25,448089,11384,1,38,38
2024-25,448514,6674,1,38,38
2024-25,449429,12745,1,38,38
2024-25,449434,9524,1,38,38
2024-25,449871,9667,1,38,38
2024-25,449988,8778,1,38,38
2024-25,450070,9492,1,38,38
2024-25,450434,10804,1,38,38
2024-25,450535,10698,1,38,38
2024-25,450539,10205,1,38,38
2024-25,450542,9461,1,38,38
2024-25,451302,12054,1,38,38
2024-25,451340,10806,1,38,38
2024-25,454667,10301,2,38,37
2024-25,455084,8919,1,38,38
2024-25,456350,10765,1,38,38
2024-25,457569,12032,1,38,38
2024-25,458249,8044,1,38,38
2024-25,460028,10805,1,38,38
2024-25,460842,12027,1,38,38
2024-25,461025,11272,7,38,32
2024-25,461358,10846,1,38,38
2024-25,461416,11232,1,38,38
2024-25,461421,10027,1,38,38
2024-25,461484,9959,1,38,38
2024-25,461584,11368,1,38,38
2024-25,461587,10166,1,38,38
2024-25,462116,6816,1,38,38
2024-25,462381,10173,1,38,38
2024-25,462387,12751,1,38,38
2024-25,462424,6888,1,38,38
2024-25,462492,12445,1,38,38
2024-25,463034,8868,1,38,38
2024-25,463067,6937,2,38,37
2024-25,463210,11594,1,38,38
2024-25,463212,13092,4,38,35
2024-25,463748,9692,1,38,38
2024-25,463903,9752,1,38,38
2024-25,463981,10747,1,38,38
2024-25,464353,11028,9,38,30
2024-25,465351,11000,1,38,38
2024-25,465390,9409,1,38,38
2024-25,465527,9558,1,38,38
2024-25,465694,9802,25,38,14
2024-25,465920,11305,1,38,38
2024-25,466075,8129,1,38,38
2024-25,466117,9274,1,38,38
2024-25,466404,9833,1,38,38
2024-25,467169,11094,1,38,38
2024-25,467189,12910,1,38,38
2024-25,467779,12758,1,38,38
2024-25,469142,10807,1,38,38
2024-25,469247,10616,1,38,38
2024-25,472713,8942,1,38,38
2024-25,472739,12760,1,38,38
2024-25,472769,11592,1,38,38
2024-25,473341,7333,1,38,38
2024-25,474120,11058,1,38,38
2024-25,475123,12764,1,38,38
2024-25,475168,8272,1,38,38
2024-25,475480,12204,1,38,38
2024-25,476344,11366,1,38,38
2024-25,476369,9619,2,38,37
2024-25,476502,8119,1,38,38
2024-25,476888,8970,1,38,38
2024-25,477064,10847,1,38,38
2024-25,477386,9710,1,38,38
2024-25,477424,9790,1,38,38
2024-25,477555,11903,1,38,38
2024-25,477580,11486,1,38,38
2024-25,478912,9356,1,38,38
2024-25,480455,8476,1,38,38
2024-25,481510,11367,1,38,38
2024-25,481624,9415,1,38,38
2024-25,482158,11809,1,38,38
2024-25,482442,9021,1,38,38
2024-25,482609,9017,1,38,38
2024-25,483081,12756,1,38,38
2024-25,485047,13068,4,38,35
2024-25,485055,13348,21,38,18
2024-25,486385,9983,1,38,38
2024-25,486672,9453,1,38,38
2024-25,487053,8831,1,38,38
2024-25,487117,10177,1,38,38
2024-25,487837,11242,16,38,23
2024-25,487838,10216,1,38,38
2024-25,488404,9324,1,38,38
2024-25,488439,12782,22,38,17
2024-25,488464,12837,1,38,38
2024-25,489639,11711,1,38,38
2024-25,489706,13038,3,38,36
2024-25,490094,9554,1,38,38
2024-25,490145,9332,1,38,38
2024-25,490146,10718,1,38,38
2024-25,490503,10072,1,38,38
2024-25,490721,10140,1,38,38
2024-25,490881,12461,1,38,38
2024-25,490885,12474,1,38,38
2024-25,491012,11984,1,38,38
2024-25,491279,10050,1,38,38
2024-25,491287,11140,1,38,38
2024-25,491501,11811,1,38,38
2024-25,491557,12269,1,38,38
2024-25,491598,11544,1,38,38
2024-25,491970,10997,1,38,38
2024-25,492777,10120,1,38,38
2024-25,493105,10552,1,38,38
2024-25,493125,9105,1,38,38
2024-25,493250,8127,1,38,38
2024-25,494041,11986,1,38,38
2024-25,494307,13298,18,38,21
2024-25,494779,12880,23,38,16
2024-25,495024,13582,32,38,7
2024-25,496178,12946,2,38,37
2024-25,496179,9306,1,38,38
2024-25,496208,11231,1,38,38
2024-25,496221,12409,1,38,38
2024-25,496661,10586,1,38,38
2024-25,496683,11365,12,38,27
2024-25,497606,12234,1,38,38
2024-25,497894,11055,1,38,38
2024-25,498046,10351,3,38,36
2024-25,499167,13115,6,38,33
2024-25,499169,12272,1,38,38
2024-25,499175,11132,1,38,38
2024-25,499309,11633,1,38,38
2024-25,499717,13067,4,38,35
2024-25,499721,12603,1,38,38
2024-25,499724,11618,1,38,38
2024-25,499726,13224,12,38,27
2024-25,500016,13403,21,38,18
2024-25,500058,12455,19,38,21
2024-25,500926,13239,1,38,38
2024-25,501770,10167,1,38,38
2024-25,501837,9958,1,38,38
2024-25,502222,13021,2,38,37
2024-25,502500,13222,1,38,38
2024-25,502697,11297,1,38,39
2024-25,503139,12149,1,38,38
2024-25,503301,10348,1,38,38
2024-25,503714,9451,1,38,38
2024-25,504783,9630,1,38,38
2024-25,505187,10433,1,38,38
2024-25,507433,12595,1,38,38
2024-25,508395,11772,1,38,38
2024-25,508479,9272,1,38,38
2024-25,509291,13022,3,38,36
2024-25,509416,11385,1,38,38
2024-25,510281,11735,1,38,38
2024-25,510362,10293,1,38,38
2024-25,510363,10327,1,38,38
2024-25,510500,12766,1,38,38
2024-25,511499,9780,25,38,14
2024-25,512462,12014,1,38,38
2024-25,513046,11317,1,38,38
2024-25,513418,9156,1,38,38
2024-25,513433,11310,1,38,38
2024-25,513527,13020,3,38,36
2024-25,513834,11193,1,38,38
2024-25,514254,13364,21,38,18
2024-25,514280,11595,1,38,38
2024-25,514287,11393,3,38,36
2024-25,514315,11133,1,38,38
2024-25,514356,10004,1,38,38
2024-25,515024,10719,1,38,38
2024-25,515571,11078,1,38,38
2024-25,515597,10025,1,38,38
2024-25,515621,11167,1,38,38
2024-25,516159,11394,3,38,36
2024-25,516250,12427,10,38,29
2024-25,516895,11174,1,38,38
2024-25,516939,10856,21,38,18
2024-25,517052,10048,1,38,38
2024-25,517179,13117,6,38,33
2024-25,518438,11409,3,38,36
2024-25,518442,12296,16,38,23
2024-25,518620,11818,1,38,38
2024-25,519321,12193,16,38,23
2024-25,519324,11241,1,38,38
2024-25,520295,11295,1,38,38
2024-25,523700,9509,1,38,38
2024-25,524180,1061,1,38,38
2024-25,530121,13351,22,38,17
2024-25,530318,11033,3,38,36
2024-25,531170,13463,25,38,14
2024-25,531363,11210,1,38,38
2024-25,531442,12911,1,38,38
2024-25,531989,11268,1,38,38
2024-25,531997,13273,16,38,23
2024-25,532529,11269,1,38,38
2024-25,532534,13302,1,38,38
2024-25,532535,13304,19,38,20
2024-25,532605,11808,1,38,38
2024-25,533463,9662,1,38,38
2024-25,535301,10527,1,38,38
2024-25,535818,11710,1,38,38
2024-25,535928,10723,1,38,38
2024-25,536109,12358,11,38,28
2024-25,536241,13345,21,38,19
2024-25,536694,12152,1,38,38
2024-25,536908,12105,1,38,38
2024-25,536916,11362,1,38,38
2024-25,537403,11240,4,38,35
2024-25,538207,9556,1,38,38
2024-25,539721,13219,12,38,27
2024-25,541462,13344,21,38,18
2024-25,543158,12498,1,38,38
2024-25,544877,11709,1,38,38
2024-25,545477,12199,1,38,38
2024-25,545508,13258,14,38,25
2024-25,547037,13150,8,38,31
2024-25,547676,13467,25,38,14
2024-25,547692,13286,16,38,23
2024-25,547701,10184,1,38,38
2024-25,547719,11386,1,38,38
2024-25,547801,13204,11,38,28
2024-25,548308,12031,1,38,38
2024-25,549067,13306,19,38,20
2024-25,549068,11739,1,38,38
2024-25,549640,13606,1,38,38
2024-25,550596,11300,21,38,18
2024-25,550615,12573,16,38,23
2024-25,550839,10822,1,38,38
2024-25,550864,10564,1,38,38
2024-25,551221,13011,3,38,36
2024-25,551226,12948,2,38,37
2024-25,551230,11383,1,38,38
2024-25,552427,13127,1,38,38
2024-25,554194,13185,10,38,29
2024-25,554605,11943,1,38,38
2024-25,556639,13196,10,38,29
2024-25,559962,13310,20,38,19
2024-25,560248,11775,3,38,36
2024-25,565858,13170,9,38,30
2024-25,567119,13476,26,38,13
2024-25,567121,13399,24,38,15
2024-25,568791,12582,22,38,17
2024-25,569014,12765,1,38,38
2024-25,570241,12136,1,38,38
2024-25,570526,12912,1,38,38
2024-25,573062,11164,1,38,38
2024-25,574398,12454,3,38,36
2024-25,574402,12205,1,38,38
2024-25,574799,13363,22,38,17
2024-25,575034,12568,3,38,36
2024-25,575204,13649,28,38,11
2024-25,575476,12123,1,38,38
2024-25,575901,13474,21,38,18
2024-25,576637,13259,14,38,25
2024-25,576980,13203,11,38,28
2024-25,577016,12535,16,38,23
2024-25,577114,13026,1,38,38
2024-25,577725,12410,1,38,38
2024-25,577731,13221,12,38,27
2024-25,577974,12559,9,38,30
2024-25,578153,11763,23,38,16
2024-25,578545,12775,1,38,38
2024-25,579075,13039,3,38,36
2024-25,588793,13081,4,38,35
2024-25,588796,13082,4,38,35
2024-25,589100,13238,13,38,26
2024-25,589507,12532,1,38,38
2024-25,590012,13130,7,38,32
2024-25,590760,11301,21,38,18
2024-25,591357,11146,1,38,38
2024-25,591385,13250,13,38,26
2024-25,591386,12203,13,38,26
2024-25,592031,12759,1,38,38
2024-25,592662,13104,5,38,34
2024-25,592736,13287,16,38,23
2024-25,593001,12047,1,38,38
2024-25,596047,13466,25,38,14
2024-25,596054,13220,12,38,27
2024-25,596777,11944,25,38,14
2024-25,597320,13584,32,38,7
2024-25,602903,13247,13,38,26
2024-25,606745,13080,4,38,35
2024-25,606774,13307,19,38,20
2024-25,606775,13242,13,38,26
2024-25,606798,13392,23,38,16
2024-25,606921,13387,23,38,16
2024-25,607464,11281,24,38,15
2024-25,609640,12808,25,38,14
2024-25,609873,12757,1,38,38
2024-25,611917,13249,13,38,26
2024-25,611920,13225,12,38,27
2024-25,611926,12534,14,38,25
2024-25,612855,13792,1,38,38
2024-25,613120,13299,18,38,21
2024-25,613467,12500,20,38,19
2024-25,616059,13378,23,38,16
2024-25,616222,13380,23,38,16
2024-25,617054,12033,1,38,38
2024-25,619146,13586,32,38,7
2024-25,620408,13636,21,38,18
2024-25,622536,12533,18,38,21
2024-25,623095,13362,21,38,18
2024-25,626464,13588,3,38,36
2024-25,628204,12633,1,38,38
2024-25,630664,13585,32,38,7
2024-25,632822,13300,18,38,21
2024-25,641221,13156,1,38,38
2024-25,647671,13484,27,38,12
2024-25,649208,13579,31,38,8
2025-26,15157,489,1,38,38
2025-26,17761,1665,1,38,38
2025-26,19236,785,12,38,27
2025-26,21205,1651,1,38,38
2025-26,37096,706,4,38,35
2025-26,40383,831,20,38,19
2025-26,44699,4422,1,38,38
2025-26,49262,7235,1,38,38
2025-26,50175,501,1,38,38
2025-26,54469,825,1,38,38
2025-26,56979,605,1,38,38
2025-26,57328,603,1,38,38
2025-26,58621,638,1,38,38
2025-26,59735,780,1,38,38
2025-26,59859,314,1,38,38
2025-26,59949,585,1,38,38
2025-26,60307,239,20,38,19
2025-26,60689,4456,1,38,38
2025-26,61256,2248,1,38,38
2025-26,67089,6532,1,38,38
2025-26,69752,1297,1,38,38
2025-26,72147,9614,1,38,38
2025-26,74854,7715,25,38,14
2025-26,75115,468,1,38,38
2025-26,76357,6835,1,38,38
2025-26,77794,652,1,38,38
2025-26,78916,7382,1,38,38
2025-26,79602,11361,1,38,38
2025-26,80201,181,1,38,38
2025-26,80801,668,1,38,38
2025-26,81441,8729,1,38,38
2025-26,82143,8776,1,38,38
2025-26,83299,6048,1,38,38
2025-26,84182,2310,1,38,38
2025-26,84450,204,1,38,38
2025-26,85633,6903,1,38,38
2025-26,85971,453,1,38,38
2025-26,86873,3451,25,38,14
2025-26,87835,6852,1,38,38
2025-26,88248,8786,1,38,38
2025-26,88894,592,1,38,38
2025-26,90585,6850,1,38,38
2025-26,91651,2254,1,38,38
2025-26,91889,6098,1,38,38
2025-26,95658,1687,1,38,38
2025-26,97032,833,1,38,38
2025-26,97299,586,1,38,38
2025-26,98747,5552,1,38,38
2025-26,98980,4401,1,38,38
2025-26,101148,766,1,38,38
2025-26,101178,843,1,38,38
2025-26,101188,1823,1,38,38
2025-26,101982,978,1,38,38
2025-26,102057,4105,1,38,38
2025-26,105717,1760,1,38,38
2025-26,106468,4120,1,38,38
2025-26,106611,1653,1,38,38
2025-26,106617,822,1,38,38
2025-26,106760,1006,1,38,38
2025-26,107265,5544,1,38,38
2025-26,108413,6104,1,38,38
2025-26,109345,6049,1,38,38
2025-26,109533,1245,1,38,38
2025-26,109646,5590,1,38,38
2025-26,109745,5061,1,38,38
2025-26,110504,695,4,38,35
2025-26,110735,7699,1,38,38
2025-26,111234,741,1,38,38
2025-26,111317,6820,1,38,38
2025-26,111452,375,1,38,38
2025-26,111478,8780,1,38,38
2025-26,111773,1545,1,38,38
2025-26,113564,902,1,38,38
2025-26,114243,6063,1,38,38
2025-26,114283,675,1,38,38
2025-26,115556,660,1,38,38
2025-26,116216,7698,1,38,38
2025-26,116535,1257,1,38,38
2025-26,118748,1250,1,38,38
2025-26,119471,76,1,38,38
2025-26,121160,6054,1,38,38
2025-26,121709,5652,25,38,14
2025-26,122074,7076,1,38,38
2025-26,122798,1688,1,38,38
2025-26,122806,7723,1,38,38
2025-26,124165,925,1,38,38
2025-26,126184,579,1,38,38
2025-26,128295,7083,1,38,38
2025-26,135720,5261,1,38,38
2025-26,138001,12245,1,38,38
2025-26,141746,1228,1,38,38
2025-26,149065,9740,1,38,38
2025-26,149484,1024,1,38,38
2025-26,149519,3278,1,38,38
2025-26,151589,7236,1,38,38
2025-26,152551,2182,1,38,38
2025-26,153127,6062,1,38,38
2025-26,153133,500,1,38,38
2025-26,153366,910,1,38,38
2025-26,153682,5596,1,38,38
2025-26,154296,10715,1,38,38
2025-26,154561,9676,1,38,38
2025-26,154566,1679,1,38,38
2025-26,155405,8719,1,38,38
2025-26,155408,1789,1,38,38
2025-26,155503,852,1,38,38
2025-26,155511,4419,25,38,14
2025-26,156074,1749,1,38,38
2025-26,156689,922,1,38,38
2025-26,158499,10744,1,38,38
2025-26,158534,885,1,38,38
2025-26,158983,8808,1,38,38
2025-26,159506,725,1,38,38
2025-26,159533,900,1,38,38
2025-26,165809,3635,1,38,38
2025-26,166477,6157,1,38,38
2025-26,166989,5956,1,38,38
2025-26,167074,5973,1,38,38
2025-26,167512,14099,1,38,38
2025-26,167887,13728,1,38,38
2025-26,168636,6219,1,38,38
2025-26,168991,6034,1,38,38
2025-26,169359,884,1,38,38
2025-26,169528,8940,1,38,38
2025-26,169593,9834,1,38,38
2025-26,171287,987,1,38,38
2025-26,171314,8961,1,38,38
2025-26,172567,1018,1,38,38
2025-26,172649,7702,1,38,38
2025-26,172780,6818,1,38,38
2025-26,173879,702,24,38,15
2025-26,174592,13730,1,38,38
2025-26,174594,6544,1,38,38
2025-26,174874,6314,1,38,38
2025-26,176297,556,1,38,38
2025-26,177815,5555,2,38,37
2025-26,178186,1776,1,38,38
2025-26,178301,8865,1,38,38
2025-26,179268,7134,1,38,38
2025-26,179458,5355,1,38,38
2025-26,180135,7078,1,38,38
2025-26,180736,6615,1,38,38
2025-26,180804,934,1,38,38
2025-26,180974,87,1,38,38
2025-26,181284,5682,1,38,38
2025-26,183656,10405,11,38,28
2025-26,183751,11702,1,38,38
2025-26,184029,2517,1,38,38
2025-26,184254,8858,1,38,38
2025-26,184341,7768,1,38,38
2025-26,184349,6837,1,38,38
2025-26,184667,6080,4,38,35
2025-26,184754,8845,1,38,38
2025-26,191866,9677,1,38,38
2025-26,192290,5568,1,38,38
2025-26,194010,9679,1,38,38
2025-26,195384,5304,1,38,38
2025-26,195546,2203,1,38,38
2025-26,197024,8267,1,38,38
2025-26,198869,7298,1,38,38
2025-26,199598,6369,1,38,38
2025-26,199670,3697,1,38,38
2025-26,199796,8864,1,38,38
2025-26,199798,7726,1,38,38
2025-26,200089,6630,1,38,38
2025-26,200617,5595,1,38,38
2025-26,200641,6492,1,38,38
2025-26,200720,7904,1,38,38
2025-26,200785,7352,1,38,38
2025-26,200834,5659,2,38,37
2025-26,201595,12369,1,38,38
2025-26,201658,10741,1,38,38
2025-26,201666,6681,1,38,38
2025-26,201895,8986,1,38,38
2025-26,202641,10913,1,38,38
2025-26,202993,6108,1,38,38
2025-26,204120,3645,1,38,38
2025-26,204214,5136,1,38,38
2025-26,204480,5553,1,38,38
2025-26,204580,9680,1,38,38
2025-26,204646,9749,1,38,38
2025-26,204716,6326,1,38,38
2025-26,204822,9675,1,38,38
2025-26,204936,1116,4,38,35
2025-26,204968,11003,1,38,38
2025-26,205533,6482,1,38,38
2025-26,205651,5543,1,38,38
2025-26,206325,2958,1,38,38
2025-26,206915,6665,1,38,38
2025-26,207189,8285,1,38,38
2025-26,207283,7166,1,38,38
2025-26,208706,8327,1,38,38
2025-26,208912,10756,1,38,38
2025-26,209036,7603,1,38,38
2025-26,209041,5598,25,38,14
2025-26,209046,6456,1,38,38
2025-26,209243,6345,1,38,38
2025-26,209244,6055,1,38,38
2025-26,209288,9319,25,38,14
2025-26,209289,7230,1,38,38
2025-26,209365,7902,1,38,38
2025-26,209400,6145,1,38,38
2025-26,210156,7814,1,38,38
2025-26,210462,5722,1,38,38
2025-26,210494,6935,1,38,38
2025-26,211975,6490,1,38,38
2025-26,212314,1537,1,38,38
2025-26,212319,6026,1,38,38
2025-26,213198,3300,1,38,38
2025-26,213999,11926,1,38,38
2025-26,214048,7332,1,38,38
2025-26,214225,6377,1,38,38
2025-26,214285,8852,1,38,38
2025-26,214572,8093,1,38,38
2025-26,214590,5584,1,38,38
2025-26,215059,9098,1,38,38
2025-26,215136,8204,1,38,38
2025-26,215379,9154,1,38,38
2025-26,215413,9739,1,38,38
2025-26,215439,8288,1,38,38
2025-26,215460,8723,1,38,38
2025-26,215711,5221,1,38,38
2025-26,216051,7281,1,38,38
2025-26,216055,8969,4,38,35
2025-26,216094,9328,1,38,38
2025-26,216646,5786,1,38,38
2025-26,218328,7208,4,38,35
2025-26,218364,7075,1,38,38
2025-26,219168,5232,1,38,38
2025-26,219249,13206,1,38,38
2025-26,219847,5220,1,38,38
2025-26,219924,3203,1,38,38
2025-26,219937,9086,1,38,38
2025-26,220237,8635,1,38,38
2025-26,220362,6885,25,38,14
2025-26,220566,2496,1,38,38
2025-26,220598,6504,1,38,38
2025-26,220627,7753,3,38,36
2025-26,220684,10165,25,38,14
2025-26,220695,10053,1,38,38
2025-26,221389,14017,4,38,35
2025-26,221399,8720,1,38,38
2025-26,221466,10864,1,38,38
2025-26,221632,7218,1,38,38
2025-26,221820,10802,1,38,38
2025-26,222531,6857,1,38,38
2025-26,222683,6963,1,38,38
2025-26,222690,10803,1,38,38
2025-26,222694,8717,1,38,38
2025-26,223094,8260,1,38,38
2025-26,223336,13720,1,38,38
2025-26,223340,7322,1,38,38
2025-26,223434,7943,1,38,38
2025-26,223541,1433,1,38,38
2025-26,223827,13715,1,38,38
2025-26,223911,7384,1,38,38
2025-26,224024,7365,1,38,38
2025-26,224068,10700,1,38,38
2025-26,224117,7254,1,38,38
2025-26,224967,10291,1,38,38
2025-26,224995,10866,1,38,38
2025-26,225321,5603,1,38,38
2025-26,225796,8067,1,38,38
2025-26,226182,9205,1,38,38
2025-26,226597,5613,1,38,38
2025-26,226944,5789,1,38,38
2025-26,226956,9685,1,38,38
2025-26,227127,5609,1,38,38
2025-26,227444,6174,1,38,38
2025-26,229384,12774,1,38,38
2025-26,229600,7582,1,38,38
2025-26,230001,10696,1,38,38
2025-26,230046,6122,2,38,37
2025-26,230376,13741,1,38,38
2025-26,231057,7762,1,38,38
2025-26,231065,9678,1,38,38
2025-26,231416,13066,1,38,38
2025-26,231480,10945,1,38,38
2025-26,231747,5735,1,38,38
2025-26,232112,11766,1,38,38
2025-26,232185,5675,1,38,38
2025-26,232356,14276,25,38,14
2025-26,232413,8706,1,38,38
2025-26,232571,13721,25,38,14
2025-26,232653,8941,1,38,38
2025-26,232787,9040,22,38,17
2025-26,232792,8226,1,38,38
2025-26,232826,8150,1,38,38
2025-26,232859,10764,1,38,38
2025-26,232892,11728,1,38,38
2025-26,232928,7438,1,38,38
2025-26,233963,6722,1,38,38
2025-26,235448,11985,1,38,38
2025-26,235674,10716,1,38,38
2025-26,235826,13835,1,38,38
2025-26,240299,10755,1,38,38
2025-26,240514,9960,1,38,38
2025-26,241231,6557,1,38,38
2025-26,242880,7240,1,38,38
2025-26,242882,7268,1,38,38
2025-26,242898,10760,1,38,38
2025-26,243016,8379,1,38,38
2025-26,243298,11296,1,38,38
2025-26,243345,10759,1,38,38
2025-26,243526,9944,1,38,38
2025-26,243571,10292,1,38,38
2025-26,244042,10717,1,38,38
2025-26,244723,8214,1,38,38
2025-26,244731,10408,1,38,38
2025-26,244850,12412,1,38,38
2025-26,244851,8497,1,38,38
2025-26,244858,9501,1,38,38
2025-26,244954,6221,1,38,38
2025-26,246301,8489,1,38,38
2025-26,247245,11998,1,38,38
2025-26,247348,12408,1,38,38
2025-26,247412,11070,1,38,38
2025-26,247632,6382,1,38,38
2025-26,247670,10948,21,38,18
2025-26,247693,5743,4,38,35
2025-26,247955,13064,4,38,35
2025-26,248056,13834,1,38,38
2025-26,248857,11357,1,38,38
2025-26,248875,8981,1,38,38
2025-26,248937,9493,1,38,38
2025-26,249231,10809,1,38,38
2025-26,250199,8252,1,38,38
2025-26,250735,7790,25,38,14
2025-26,424044,6986,1,38,38
2025-26,424876,9788,1,38,38
2025-26,427623,8430,1,38,38
2025-26,427637,10751,1,38,38
2025-26,428580,9681,1,38,38
2025-26,428971,12735,1,38,38
2025-26,429414,8812,1,38,38
2025-26,430871,7080,1,38,38
2025-26,431248,12721,3,38,36
2025-26,431639,13729,1,38,38
2025-26,432422,7958,1,38,38
2025-26,432714,10126,1,38,38
2025-26,432720,9077,1,38,38
2025-26,432830,9733,1,38,38
2025-26,433036,11965,1,38,38
2025-26,433154,6756,1,38,38
2025-26,433312,7908,1,38,38
2025-26,433952,10975,25,38,14
2025-26,434399,7432,1,38,38
2025-26,434752,6807,1,38,38
2025-26,435973,7498,1,38,38
2025-26,435997,11966,2,38,37
2025-26,436234,7338,1,38,38
2025-26,436416,12043,25,38,14
2025-26,436893,11745,1,38,38
2025-26,437495,8715,1,38,38
2025-26,437499,8853,1,38,38
2025-26,437505,7148,1,38,38
2025-26,437730,11363,1,38,38
2025-26,437738,7791,1,38,38
2025-26,437742,9689,1,38,38
2025-26,437748,12094,1,38,38
2025-26,438098,11007,1,38,38
2025-26,438234,8393,1,38,38
2025-26,438464,8666,1,38,38
2025-26,439135,13459,1,38,38
2025-26,440089,8859,1,38,38
2025-26,440148,10091,1,38,38
2025-26,440323,8384,1,38,38
2025-26,440854,10012,1,38,38
2025-26,440993,9307,1,38,38
2025-26,441024,10061,1,38,38
2025-26,441164,6912,1,38,38
2025-26,441191,9512,1,38,38
2025-26,441192,10036,1,38,38
2025-26,441240,6420,1,38,38
2025-26,441264,9789,4,38,35
2025-26,441266,10697,1,38,38
2025-26,441271,8351,1,38,38
2025-26,441302,11807,1,38,38
2025-26,444102,12963,1,38,38
2025-26,444145,7752,1,38,38
2025-26,444172,10748,1,38,38
2025-26,444180,10746,1,38,38
2025-26,444463,7589,1,38,38
2025-26,444765,10721,1,38,38
2025-26,444884,7546,1,38,38
2025-26,445044,6691,1,38,38
2025-26,445122,11707,1,38,38
2025-26,446008,6552,1,38,38
2025-26,447203,10720,1,38,38
2025-26,447325,9411,25,38,14
2025-26,447715,9913,1,38,38
2025-26,448047,11356,1,38,38
2025-26,448089,11384,1,38,38
2025-26,448104,9911,4,38,35
2025-26,448514,6674,1,38,38
2025-26,449027,9693,1,38,38
2025-26,449434,9524,1,38,38
2025-26,449871,9667,1,38,38
2025-26,449988,8778,1,38,38
2025-26,450070,9492,1,38,38
2025-26,450535,10698,1,38,38
2025-26,450539,10205,1,38,38
2025-26,450542,9461,1,38,38
2025-26,451302,12054,1,38,38
2025-26,451340,10806,1,38,38
2025-26,456512,8662,1,38,38
2025-26,457569,12032,1,38,38
2025-26,458249,8044,1,38,38
2025-26,458297,10284,25,38,14
2025-26,460028,10805,1,38,38
2025-26,460842,12027,1,38,38
2025-26,461188,11243,1,38,38
2025-26,461195,8537,1,38,38
2025-26,461199,11461,1,38,38
2025-26,461421,10027,1,38,38
2025-26,461446,9287,2,38,37
2025-26,461484,9959,1,38,38
2025-26,461537,12531,25,38,14
2025-26,461567,9827,25,38,14
2025-26,462116,6816,1,38,38
2025-26,462381,10173,1,38,38
2025-26,462424,6888,1,38,38
2025-26,462492,12445,1,38,38
2025-26,462635,9339,1,38,38
2025-26,463034,8868,1,38,38
2025-26,463067,6937,1,38,38
2025-26,463748,9692,1,38,38
2025-26,463936,10542,1,38,38
2025-26,463981,10747,1,38,38
2025-26,465247,14056,4,38,35
2025-26,465351,11000,1,38,38
2025-26,465527,9558,1,38,38
2025-26,465642,8378,1,38,38
2025-26,465680,8056,2,38,37
2025-26,465694,9802,1,38,38
2025-26,465702,8701,25,38,14
2025-26,465730,13711,1,38,38
2025-26,465920,11305,1,38,38
2025-26,466052,8094,1,38,38
2025-26,466075,8129,1,38,38
2025-26,466117,9274,1,38,38
2025-26,466525,9910,1,38,38
2025-26,467169,11094,1,38,38
2025-26,467189,12910,1,38,38
2025-26,467779,12758,1,38,38
2025-26,469130,11936,25,38,14
2025-26,469142,10807,1,38,38
2025-26,469247,10616,1,38,38
2025-26,469272,9977,1,38,38
2025-26,470294,10752,1,38,38
2025-26,470313,8117,4,38,35
2025-26,470315,8401,25,38,14
2025-26,471798,13854,25,38,14
2025-26,472713,8942,1,38,38
2025-26,472739,12760,1,38,38
2025-26,472769,11592,1,38,38
2025-26,474120,11058,1,38,38
2025-26,474907,9469,25,38,14
2025-26,475123,12764,1,38,38
2025-26,475168,8272,1,38,38
2025-26,476502,8119,1,38,38
2025-26,476887,8920,4,38,35
2025-26,477064,10847,1,38,38
2025-26,477424,9790,1,38,38
2025-26,477547,10028,1,38,38
2025-26,477555,11903,1,38,38
2025-26,477580,11486,1,38,38
2025-26,477717,9487,1,38,38
2025-26,478969,11704,1,38,38
2025-26,480455,8476,1,38,38
2025-26,481283,11488,25,38,14
2025-26,481655,7526,1,38,38
2025-26,482442,9021,1,38,38
2025-26,482609,9017,1,38,38
2025-26,482973,13778,1,38,38
2025-26,483081,12756,1,38,38
2025-26,483364,11369,25,38,14
2025-26,484420,8651,1,38,38
2025-26,485047,13068,1,38,38
2025-26,485055,13348,1,38,38
2025-26,485337,8006,1,38,38
2025-26,485711,11974,1,38,38
2025-26,486385,9983,1,38,38
2025-26,486520,8000,1,38,38
2025-26,486672,9453,1,38,38
2025-26,487053,8831,1,38,38
2025-26,487117,10177,1,38,38
2025-26,487676,13713,1,38,38
2025-26,487702,10620,1,38,38
2025-26,487838,10216,1,38,38
2025-26,488024,9024,3,38,36
2025-26,488213,8875,4,38,35
2025-26,489571,9294,25,38,14
2025-26,489580,11214,25,38,14
2025-26,489639,11711,1,38,38
2025-26,489706,13038,1,38,38
2025-26,489888,8211,2,38,37
2025-26,490094,9554,1,38,38
2025-26,490142,13724,1,38,38
2025-26,490145,9332,1,38,38
2025-26,490721,10140,1,38,38
2025-26,490881,12461,1,38,38
2025-26,490885,12474,1,38,38
2025-26,491007,13094,25,38,14
2025-26,491012,11984,1,38,38
2025-26,491279,10050,1,38,38
2025-26,491287,11140,1,38,38
2025-26,491501,11811,1,38,38
2025-26,491557,12269,1,38,38
2025-26,491745,12270,25,38,14
2025-26,492066,9219,1,38,38
2025-26,492368,13974,25,38,14
2025-26,492777,10120,1,38,38
2025-26,492831,11701,1,38,38
2025-26,492859,11155,1,38,38
2025-26,493105,10552,1,38,38
2025-26,493125,9105,1,38,38
2025-26,493250,8127,1,38,38
2025-26,493362,8700,4,38,35
2025-26,494307,13298,21,38,18
2025-26,494521,8640,1,38,38
2025-26,494595,8397,1,38,38
2025-26,494960,13727,1,38,38
2025-26,496178,12946,1,38,38
2025-26,496208,11231,1,38,38
2025-26,496221,12409,1,38,38
2025-26,496279,13457,25,38,14
2025-26,496661,10586,3,38,36
2025-26,497606,12234,1,38,38
2025-26,497894,11055,1,38,38
2025-26,497949,13740,1,38,38
2025-26,498016,13712,1,38,38
2025-26,499167,13115,1,38,38
2025-26,499169,12272,1,38,38
2025-26,499175,11132,1,38,38
2025-26,499300,12371,25,38,14
2025-26,499309,11633,1,38,38
2025-26,499604,14395,25,38,14
2025-26,499716,14176,25,38,14
2025-26,499717,13067,1,38,38
2025-26,499721,12603,1,38,38
2025-26,499726,13224,1,38,38
2025-26,499857,12561,25,38,14
2025-26,500040,10024,1,38,38
2025-26,500058,12455,1,38,38
2025-26,500151,12905,4,38,35
2025-26,501837,9958,1,38,38
2025-26,502500,13222,1,38,38
2025-26,502697,11297,1,38,38
2025-26,502988,14355,25,38,14
2025-26,503139,12149,1,38,38
2025-26,503300,10093,25,38,14
2025-26,503301,10348,2,38,37
2025-26,503714,9451,1,38,38
2025-26,504296,13462,25,38,14
2025-26,505079,14308,25,38,14
2025-26,507433,12595,1,38,38
2025-26,508395,11772,1,38,38
2025-26,508479,9272,1,38,38
2025-26,509291,13022,1,38,38
2025-26,509416,11385,1,38,38
2025-26,510281,11735,1,38,38
2025-26,510362,10293,1,38,38
2025-26,510500,12766,1,38,38
2025-26,510663,8995,1,38,38
2025-26,511499,9780,1,38,38
2025-26,512462,12014,1,38,38
2025-26,513418,9156,1,38,38
2025-26,513433,11310,1,38,38
2025-26,513466,11331,4,38,35
2025-26,513834,11193,1,38,38
2025-26,514254,13364,1,38,38
2025-26,514315,11133,1,38,38
2025-26,514356,10004,1,38,38
2025-26,514362,12575,25,38,14
2025-26,515024,10719,1,38,38
2025-26,515597,10025,1,38,38
2025-26,515621,11167,1,38,38
2025-26,516211,11046,25,38,14
2025-26,516234,14255,25,38,14
2025-26,516875,14218,25,38,14
2025-26,516895,11174,1,38,38
2025-26,516939,10856,1,38,38
2025-26,517052,10048,1,38,38
2025-26,517179,13117,1,38,38
2025-26,518030,13731,25,38,14
2025-26,518335,14317,25,38,14
2025-26,518438,11409,1,38,38
2025-26,518442,12296,1,38,38
2025-26,518906,11034,1,38,38
2025-26,519440,14236,25,38,14
2025-26,519634,13714,1,38,38
2025-26,519895,13726,1,38,38
2025-26,519913,14272,25,38,14
2025-26,523705,12113,2,38,37
2025-26,530121,13351,1,38,38
2025-26,530318,11033,1,38,38
2025-26,530335,14290,20,38,19
2025-26,531363,11210,1,38,38
2025-26,531989,11268,1,38,38
2025-26,532529,11269,1,38,38
2025-26,532605,11808,1,38,38
2025-26,533463,9662,1,38,38
2025-26,533710,13472,25,38,14
2025-26,534836,11507,25,38,14
2025-26,535017,13408,25,38,14
2025-26,535301,10527,1,38,38
2025-26,535818,11710,1,38,38
2025-26,535928,10723,1,38,38
2025-26,536109,12358,1,38,38
2025-26,536134,14409,25,38,14
2025-26,536241,13345,1,38,38
2025-26,536694,12152,1,38,38
2025-26,536916,11362,1,38,38
2025-26,537403,11240,1,38,38
2025-26,538207,9556,1,38,38
2025-26,541462,13344,1,38,38
2025-26,543295,13780,1,38,38
2025-26,544877,11709,1,38,38
2025-26,545477,12199,1,38,38
2025-26,547027,9767,1,38,38
2025-26,547037,13150,1,38,38
2025-26,547410,13722,25,38,14
2025-26,547676,13467,1,38,38
2025-26,547701,10184,1,38,38
2025-26,547719,11386,1,38,38
2025-26,547720,13570,25,38,14
2025-26,547801,13204,1,38,38
2025-26,548308,12031,1,38,38
2025-26,549067,13306,1,38,38
2025-26,549074,14029,1,38,38
2025-26,549329,11824,1,38,38
2025-26,549912,13717,1,38,38
2025-26,549939,13816,25,38,14
2025-26,550090,10169,1,38,38
2025-26,550596,11300,1,38,38
2025-26,550615,12573,1,38,38
2025-26,550839,10822,1,38,38
2025-26,550864,10564,1,38,38
2025-26,551210,13776,1,38,38
2025-26,551221,13011,1,38,38
2025-26,551226,12948,3,38,36
2025-26,551483,12168,4,38,35
2025-26,552427,13127,1,38,38
2025-26,553746,13572,25,38,14
2025-26,554197,13719,1,38,38
2025-26,556637,14127,8,38,31
2025-26,556639,13196,1,38,38
2025-26,559610,14405,25,38,14
2025-26,559684,13468,25,38,14
2025-26,559962,13310,1,38,38
2025-26,560248,11775,1,38,38
2025-26,560262,11504,1,38,38
2025-26,560552,14030,4,38,35
2025-26,563324,13607,25,38,14
2025-26,564406,13718,1,38,38
2025-26,564505,12273,25,38,14
2025-26,564940,10770,4,38,35
2025-26,565297,11208,1,38,38
2025-26,565431,12359,1,38,38
2025-26,565863,14306,25,38,14
2025-26,566213,14054,25,38,14
2025-26,567119,13476,37,38,2
2025-26,567121,13399,1,38,38
2025-26,568791,12582,1,38,38
2025-26,569014,12765,1,38,38
2025-26,569577,13869,25,38,14
2025-26,570241,12136,1,38,38
2025-26,570526,12912,1,38,38
2025-26,573062,11164,1,38,38
2025-26,574398,12454,1,38,38
2025-26,574458,11253,25,38,14
2025-26,575034,12568,1,38,38
2025-26,575204,13649,1,38,38
2025-26,575458,13779,1,38,38
2025-26,575476,12123,1,38,38
2025-26,575901,13474,1,38,38
2025-26,576620,14266,17,38,22
2025-26,576628,14198,12,38,27
2025-26,576637,13259,20,38,19
2025-26,576980,13203,1,38,38
2025-26,577016,12535,1,38,38
2025-26,577114,13026,1,38,38
2025-26,577285,14193,12,38,27
2025-26,577669,13716,1,38,38
2025-26,577725,12410,1,38,38
2025-26,577731,13221,1,38,38
2025-26,577974,12559,1,38,38
2025-26,578153,11763,1,38,38
2025-26,578614,5563,25,38,14
2025-26,579075,13039,1,38,38
2025-26,580921,14254,25,38,14
2025-26,586309,12916,1,38,38
2025-26,588555,13410,25,38,14
2025-26,588793,13081,1,38,38
2025-26,588796,13082,1,38,38
2025-26,589100,13238,1,38,38
2025-26,589121,14284,25,38,14
2025-26,589507,12532,1,38,38
2025-26,590012,13130,1,38,38
2025-26,590014,13777,25,38,14
2025-26,590035,14175,25,38,14
2025-26,590039,14055,4,38,35
2025-26,590760,11301,1,38,38
2025-26,591357,11146,1,38,38
2025-26,591384,14328,25,38,14
2025-26,591385,13250,1,38,38
2025-26,591386,12203,1,38,38
2025-26,592031,12759,1,38,38
2025-26,593001,12047,1,38,38
2025-26,593174,14356,25,38,14
2025-26,596042,14144,25,38,14
2025-26,596047,13466,1,38,38
2025-26,596054,13220,1,38,38
2025-26,596777,11944,1,38,38
2025-26,597320,13584,21,38,18
2025-26,599303,13532,25,38,14
2025-26,600882,14073,25,38,14
2025-26,601956,14257,25,38,14
2025-26,602903,13247,10,38,29
2025-26,604211,14277,25,38,14
2025-26,604988,13583,25,38,14
2025-26,605319,14256,25,38,14
2025-26,606745,13080,1,38,38
2025-26,606774,13307,1,38,38
2025-26,606775,13242,1,38,38
2025-26,606798,13392,1,38,38
2025-26,606921,13387,1,38,38
2025-26,607464,11281,1,38,38
2025-26,608181,14028,1,38,38
2025-26,609873,12757,1,38,38
2025-26,610799,13725,25,38,14
2025-26,611134,13818,25,38,14
2025-26,611912,14112,25,38,14
2025-26,611917,13249,20,38,19
2025-26,611922,13692,1,38,38
2025-26,611926,12534,1,38,38
2025-26,612534,12397,25,38,14
2025-26,613804,13723,1,38,38
2025-26,614574,14374,25,38,14
2025-26,616065,14220,25,38,14
2025-26,616077,13872,2,38,37
2025-26,616221,14410,25,38,14
2025-26,616222,13380,1,38,38
2025-26,616288,14097,25,38,14
2025-26,618027,14288,25,38,14
2025-26,618873,13469,25,38,14
2025-26,619536,14270,25,38,14
2025-26,620487,14027,4,38,35
2025-26,622536,12533,1,38,38
2025-26,622758,13460,25,38,14
2025-26,623095,13362,1,38,38
2025-26,623110,13710,25,38,14
2025-26,624773,13775,1,38,38
2025-26,626464,13588,1,38,38
2025-26,628204,12633,1,38,38
2025-26,629068,14283,25,38,14
2025-26,630699,14219,14,38,25
2025-26,631106,14285,25,38,14
2025-26,631786,13262,4,38,35
2025-26,640419,14134,25,38,14
2025-26,641221,13156,1,38,38
2025-26,643135,13200,1,38,38
2025-26,643426,14278,25,38,14
2025-26,643473,14179,25,38,14
2025-26,645618,13870,2,38,37
2025-26,646243,14000,25,38,14
2025-26,647671,13484,11,38,28
2025-26,647681,13031,25,38,14
2025-26,647850,14118,1,38,38
2025-26,647960,14282,25,38,14
2025-26,651426,13091,4,38,35
2025-26,658013,14367,25,38,14
2025-26,660392,12726,4,38,35
2025-26,661712,14057,25,38,14
2025-26,664015,14265,25,38,14
2025-26,666607,14273,25,38,14
2025-26,672492,14263,17,38,22
2025-26,678552,14215,25,38,14
2025-26,685628,14394,25,38,14
2025-26,704232,14292,25,38,14
