season,gameweek,fixture,fpl_code,element
2025-26,1,3,15157,170
2025-26,2,16,15157,170
2025-26,3,22,15157,170
2025-26,4,32,15157,170
2025-26,5,43,15157,170
2025-26,6,53,15157,170
2025-26,7,70,15157,170
2025-26,8,71,15157,170
2025-26,9,88,15157,170
2025-26,10,91,15157,170
2025-26,11,104,15157,170
2025-26,12,113,15157,170
2025-26,13,127,15157,170
2025-26,14,133,15157,170
2025-26,15,143,15157,170
2025-26,16,156,15157,170
2025-26,17,163,15157,170
2025-26,18,171,15157,170
2025-26,19,190,15157,170
2025-26,20,193,15157,170
2025-26,21,208,15157,170
2025-26,22,212,15157,170
2025-26,23,227,15157,170
2025-26,24,232,15157,170
2025-26,1,10,17761,291
2025-26,2,16,17761,291
2025-26,3,30,17761,291
2025-26,4,36,17761,291
2025-26,5,46,17761,291
2025-26,6,55,17761,291
2025-26,7,66,17761,291
2025-26,8,76,17761,291
2025-26,9,86,17761,291
2025-26,10,98,17761,291
2025-26,11,105,17761,291
2025-26,12,118,17761,291
2025-26,13,125,17761,291
2025-26,14,132,17761,291
2025-26,15,144,17761,291
2025-26,16,154,17761,291
2025-26,17,164,17761,291
2025-26,18,173,17761,291
2025-26,19,188,17761,291
2025-26,20,194,17761,291
2025-26,21,206,17761,291
2025-26,22,211,17761,291
2025-26,23,226,17761,291
2025-26,24,232,17761,291
2025-26,12,119,19236,753
2025-26,13,125,19236,753
2025-26,14,139,19236,753
2025-26,15,148,19236,753
2025-26,16,159,19236,753
2025-26,17,168,19236,753
2025-26,18,177,19236,753
2025-26,19,183,19236,753
2025-26,20,198,19236,753
2025-26,21,209,19236,753
2025-26,22,220,19236,753
2025-26,23,229,19236,753
2025-26,24,235,19236,753
2025-26,1,9,21205,434
2025-26,2,17,21205,434
2025-26,3,26,21205,434
2025-26,4,38,21205,434
2025-26,5,47,21205,434
2025-26,6,52,21205,434
2025-26,7,68,21205,434
2025-26,8,75,21205,434
2025-26,9,88,21205,434
2025-26,10,97,21205,434
2025-26,11,109,21205,434
2025-26,12,118,21205,434
2025-26,13,124,21205,434
2025-26,14,138,21205,434
2025-26,15,150,21205,434
2025-26,16,157,21205,434
2025-26,17,161,21205,434
2025-26,18,177,21205,434
2025-26,19,187,21205,434
2025-26,20,196,21205,434
2025-26,21,204,21205,434
2025-26,22,216,21205,434
2025-26,23,221,21205,434
2025-26,24,236,21205,434
2025-26,4,40,37096,738
2025-26,5,49,37096,738
2025-26,6,55,37096,738
2025-26,7,61,37096,738
2025-26,8,80,37096,738
2025-26,9,87,37096,738
2025-26,10,100,37096,738
2025-26,11,110,37096,738
2025-26,12,112,37096,738
2025-26,13,130,37096,738
2025-26,14,138,37096,738
2025-26,15,143,37096,738
2025-26,16,160,37096,738
2025-26,17,167,37096,738
2025-26,18,180,37096,738
2025-26,19,190,37096,738
2025-26,20,200,37096,738
2025-26,21,210,37096,738
2025-26,22,219,37096,738
2025-26,23,230,37096,738
2025-26,24,233,37096,738
2025-26,20,192,40383,782
2025-26,21,202,40383,782
2025-26,22,212,40383,782
2025-26,23,222,40383,782
2025-26,24,240,40383,782
2025-26,1,6,44699,218
2025-26,2,14,44699,218
2025-26,3,26,44699,218
2025-26,4,34,44699,218
2025-26,5,44,44699,218
2025-26,6,57,44699,218
2025-26,7,62,44699,218
2025-26,8,72,44699,218
2025-26,9,90,44699,218
2025-26,10,92,44699,218
2025-26,11,110,44699,218
2025-26,12,114,44699,218
2025-26,13,122,44699,218
2025-26,14,134,44699,218
2025-26,15,148,44699,218
2025-26,16,153,44699,218
2025-26,17,162,44699,218
2025-26,18,173,44699,218
2025-26,19,183,44699,218
2025-26,20,193,44699,218
2025-26,21,204,44699,218
2025-26,22,215,44699,218
2025-26,23,224,44699,218
2025-26,24,238,44699,218
2025-26,1,3,49262,138
2025-26,2,16,49262,138
2025-26,3,22,49262,138
2025-26,4,32,49262,138
2025-26,5,43,49262,138
2025-26,6,53,49262,138
2025-26,7,70,49262,138
2025-26,8,71,49262,138
2025-26,9,88,49262,138
2025-26,10,91,49262,138
2025-26,11,104,49262,138
2025-26,12,113,49262,138
2025-26,13,127,49262,138
2025-26,14,133,49262,138
2025-26,15,143,49262,138
2025-26,16,156,49262,138
2025-26,17,163,49262,138
2025-26,18,171,49262,138
2025-26,19,190,49262,138
2025-26,20,193,49262,138
2025-26,21,208,49262,138
2025-26,22,212,49262,138
2025-26,23,227,49262,138
2025-26,24,232,49262,138
2025-26,1,3,50175,178
2025-26,2,16,50175,178
2025-26,3,22,50175,178
2025-26,4,32,50175,178
2025-26,5,43,50175,178
2025-26,6,53,50175,178
2025-26,7,70,50175,178
2025-26,8,71,50175,178
2025-26,9,88,50175,178
2025-26,10,91,50175,178
2025-26,11,104,50175,178
2025-26,12,113,50175,178
2025-26,13,127,50175,178
2025-26,14,133,50175,178
2025-26,15,143,50175,178
2025-26,16,156,50175,178
2025-26,17,163,50175,178
2025-26,18,171,50175,178
2025-26,19,190,50175,178
2025-26,20,193,50175,178
2025-26,21,208,50175,178
2025-26,22,212,50175,178
2025-26,23,227,50175,178
2025-26,24,232,50175,178
2025-26,1,6,51943,185
2025-26,2,14,51943,185
2025-26,3,26,51943,185
2025-26,4,34,51943,185
2025-26,5,44,51943,185
2025-26,6,57,51943,185
2025-26,7,62,51943,185
2025-26,8,72,51943,185
2025-26,9,90,51943,185
2025-26,10,92,51943,185
2025-26,11,110,51943,185
2025-26,12,114,51943,185
2025-26,13,122,51943,185
2025-26,14,134,51943,185
2025-26,15,148,51943,185
2025-26,16,153,51943,185
2025-26,17,162,51943,185
2025-26,18,173,51943,185
2025-26,19,183,51943,185
2025-26,20,193,51943,185
2025-26,21,204,51943,185
2025-26,22,215,51943,185
2025-26,23,224,51943,185
2025-26,24,238,51943,185
2025-26,1,1,54469,73
2025-26,2,12,54469,73
2025-26,3,29,54469,73
2025-26,4,32,54469,73
2025-26,5,42,54469,73
2025-26,6,56,54469,73
2025-26,7,63,54469,73
2025-26,8,73,54469,73
2025-26,9,83,54469,73
2025-26,10,96,54469,73
2025-26,11,101,54469,73
2025-26,12,112,54469,73
2025-26,13,128,54469,73
2025-26,14,132,54469,73
2025-26,15,142,54469,73
2025-26,16,157,54469,73
2025-26,17,162,54469,73
2025-26,18,172,54469,73
2025-26,19,184,54469,73
2025-26,20,192,54469,73
2025-26,21,202,54469,73
2025-26,22,212,54469,73
2025-26,23,222,54469,73
2025-26,24,240,54469,73
2025-26,1,4,56979,124
2025-26,2,13,56979,124
2025-26,3,28,56979,124
2025-26,4,33,56979,124
2025-26,5,45,56979,124
2025-26,6,52,56979,124
2025-26,7,64,56979,124
2025-26,8,80,56979,124
2025-26,9,84,56979,124
2025-26,10,93,56979,124
2025-26,11,102,56979,124
2025-26,12,113,56979,124
2025-26,13,122,56979,124
2025-26,14,131,56979,124
2025-26,15,149,56979,124
2025-26,16,152,56979,124
2025-26,17,170,56979,124
2025-26,18,172,56979,124
2025-26,19,182,56979,124
2025-26,20,194,56979,124
2025-26,21,203,56979,124
2025-26,22,213,56979,124
2025-26,23,223,56979,124
2025-26,24,231,56979,124
2025-26,1,8,57328,263
2025-26,2,15,57328,263
2025-26,3,21,57328,263
2025-26,4,35,57328,263
2025-26,5,49,57328,263
2025-26,6,54,57328,263
2025-26,7,66,57328,263
2025-26,8,73,57328,263
2025-26,9,81,57328,263
2025-26,10,93,57328,263
2025-26,11,104,57328,263
2025-26,12,120,57328,263
2025-26,13,124,57328,263
2025-26,14,134,57328,263
2025-26,15,145,57328,263
2025-26,16,155,57328,263
2025-26,17,166,57328,263
2025-26,18,175,57328,263
2025-26,19,185,57328,263
2025-26,20,198,57328,263
2025-26,21,205,57328,263
2025-26,22,218,57328,263
2025-26,23,225,57328,263
2025-26,24,237,57328,263
2025-26,1,6,58621,187
2025-26,2,14,58621,187
2025-26,3,26,58621,187
2025-26,4,34,58621,187
2025-26,5,44,58621,187
2025-26,6,57,58621,187
2025-26,7,62,58621,187
2025-26,8,72,58621,187
2025-26,9,90,58621,187
2025-26,10,92,58621,187
2025-26,11,110,58621,187
2025-26,12,114,58621,187
2025-26,13,122,58621,187
2025-26,14,134,58621,187
2025-26,15,148,58621,187
2025-26,16,153,58621,187
2025-26,17,162,58621,187
2025-26,18,173,58621,187
2025-26,19,183,58621,187
2025-26,20,193,58621,187
2025-26,21,204,58621,187
2025-26,22,215,58621,187
2025-26,23,224,58621,187
2025-26,24,238,58621,187
2025-26,1,10,59735,341
2025-26,2,11,59735,341
2025-26,3,24,59735,341
2025-26,4,37,59735,341
2025-26,5,50,59735,341
2025-26,6,56,59735,341
2025-26,7,67,59735,341
2025-26,8,72,59735,341
2025-26,9,87,59735,341
2025-26,10,91,59735,341
2025-26,11,107,59735,341
2025-26,12,116,59735,341
2025-26,13,126,59735,341
2025-26,14,136,59735,341
2025-26,15,146,59735,341
2025-26,16,152,59735,341
2025-26,17,166,59735,341
2025-26,18,179,59735,341
2025-26,19,186,59735,341
2025-26,20,196,59735,341
2025-26,21,209,59735,341
2025-26,22,214,59735,341
2025-26,23,226,59735,341
2025-26,24,234,59735,341
2025-26,1,7,59859,420
2025-26,2,18,59859,420
2025-26,3,22,59859,420
2025-26,4,38,59859,420
2025-26,5,41,59859,420
2025-26,6,57,59859,420
2025-26,7,64,59859,420
2025-26,8,76,59859,420
2025-26,9,82,59859,420
2025-26,10,96,59859,420
2025-26,11,106,59859,420
2025-26,12,119,59859,420
2025-26,13,126,59859,420
2025-26,14,135,59859,420
2025-26,15,147,59859,420
2025-26,16,155,59859,420
2025-26,17,167,59859,420
2025-26,18,178,59859,420
2025-26,19,189,59859,420
2025-26,20,197,59859,420
2025-26,21,208,59859,420
2025-26,22,216,59859,420
2025-26,23,228,59859,420
2025-26,24,239,59859,420
2025-26,1,10,59949,294
2025-26,2,16,59949,294
2025-26,3,30,59949,294
2025-26,4,36,59949,294
2025-26,5,46,59949,294
2025-26,6,55,59949,294
2025-26,7,66,59949,294
2025-26,8,76,59949,294
2025-26,9,86,59949,294
2025-26,10,98,59949,294
2025-26,11,105,59949,294
2025-26,12,118,59949,294
2025-26,13,125,59949,294
2025-26,14,132,59949,294
2025-26,15,144,59949,294
2025-26,16,154,59949,294
2025-26,17,164,59949,294
2025-26,18,173,59949,294
2025-26,19,188,59949,294
2025-26,20,194,59949,294
2025-26,21,206,59949,294
2025-26,22,211,59949,294
2025-26,23,226,59949,294
2025-26,24,232,59949,294
2025-26,20,193,60307,783
2025-26,21,208,60307,783
2025-26,22,212,60307,783
2025-26,23,227,60307,783
2025-26,24,232,60307,783
2025-26,1,4,60689,525
2025-26,2,15,60689,525
2025-26,3,27,60689,525
2025-26,4,31,60689,525
2025-26,5,44,60689,525
2025-26,6,59,60689,525
2025-26,7,69,60689,525
2025-26,8,77,60689,525
2025-26,9,83,60689,525
2025-26,10,97,60689,525
2025-26,11,107,60689,525
2025-26,12,117,60689,525
2025-26,13,127,60689,525
2025-26,14,140,60689,525
2025-26,15,144,60689,525
2025-26,16,158,60689,525
2025-26,17,165,60689,525
2025-26,18,178,60689,525
2025-26,19,188,60689,525
2025-26,20,191,60689,525
2025-26,21,210,60689,525
2025-26,22,217,60689,525
2025-26,23,223,60689,525
2025-26,24,237,60689,525
2025-26,1,9,61256,457
2025-26,2,17,61256,457
2025-26,3,26,61256,457
2025-26,4,38,61256,457
2025-26,5,47,61256,457
2025-26,6,52,61256,457
2025-26,7,68,61256,457
2025-26,8,75,61256,457
2025-26,9,88,61256,457
2025-26,10,97,61256,457
2025-26,11,109,61256,457
2025-26,12,118,61256,457
2025-26,13,124,61256,457
2025-26,14,138,61256,457
2025-26,15,150,61256,457
2025-26,16,157,61256,457
2025-26,17,161,61256,457
2025-26,18,177,61256,457
2025-26,19,187,61256,457
2025-26,20,196,61256,457
2025-26,21,204,61256,457
2025-26,22,216,61256,457
2025-26,23,221,61256,457
2025-26,24,236,61256,457
2025-26,1,6,67089,470
2025-26,2,14,67089,470
2025-26,3,26,67089,470
2025-26,4,34,67089,470
2025-26,5,44,67089,470
2025-26,6,57,67089,470
2025-26,7,62,67089,470
2025-26,8,72,67089,470
2025-26,9,90,67089,470
2025-26,10,92,67089,470
2025-26,11,110,67089,470
2025-26,12,114,67089,470
2025-26,13,122,67089,470
2025-26,14,134,67089,470
2025-26,15,148,67089,470
2025-26,16,153,67089,470
2025-26,17,162,67089,470
2025-26,18,173,67089,470
2025-26,19,183,67089,470
2025-26,20,193,67089,470
2025-26,21,204,67089,470
2025-26,22,215,67089,470
2025-26,23,224,67089,470
2025-26,24,238,67089,470
2025-26,1,1,69752,66
2025-26,2,12,69752,66
2025-26,3,29,69752,66
2025-26,4,32,69752,66
2025-26,5,42,69752,66
2025-26,6,56,69752,66
2025-26,7,63,69752,66
2025-26,8,73,69752,66
2025-26,9,83,69752,66
2025-26,10,96,69752,66
2025-26,11,101,69752,66
2025-26,12,112,69752,66
2025-26,13,128,69752,66
2025-26,14,132,69752,66
2025-26,15,142,69752,66
2025-26,16,157,69752,66
2025-26,17,162,69752,66
2025-26,18,172,69752,66
2025-26,19,184,69752,66
2025-26,20,192,69752,66
2025-26,21,202,69752,66
2025-26,22,212,69752,66
2025-26,23,222,69752,66
2025-26,24,240,69752,66
2025-26,1,2,72147,33
2025-26,2,13,72147,33
2025-26,3,21,72147,33
2025-26,4,36,72147,33
2025-26,5,48,72147,33
2025-26,6,51,72147,33
2025-26,7,62,72147,33
2025-26,8,79,72147,33
2025-26,9,82,72147,33
2025-26,10,95,72147,33
2025-26,11,101,72147,33
2025-26,12,116,72147,33
2025-26,13,121,72147,33
2025-26,14,133,72147,33
2025-26,15,141,72147,33
2025-26,16,160,72147,33
2025-26,17,161,72147,33
2025-26,18,174,72147,33
2025-26,19,181,72147,33
2025-26,20,191,72147,33
2025-26,21,205,72147,33
2025-26,22,211,72147,33
2025-26,23,229,72147,33
2025-26,24,231,72147,33
2025-26,1,5,74854,529
2025-26,2,14,74854,529
2025-26,3,28,74854,529
2025-26,4,35,74854,529
2025-26,5,48,74854,529
2025-26,6,59,74854,529
2025-26,7,68,74854,529
2025-26,8,78,74854,529
2025-26,9,85,74854,529
2025-26,10,98,74854,529
2025-26,11,108,74854,529
2025-26,12,115,74854,529
2025-26,13,128,74854,529
2025-26,14,137,74854,529
2025-26,15,147,74854,529
2025-26,16,159,74854,529
2025-26,17,163,74854,529
2025-26,18,179,74854,529
2025-26,19,189,74854,529
2025-26,20,199,74854,529
2025-26,21,203,74854,529
2025-26,22,218,74854,529
2025-26,23,230,74854,529
2025-26,24,238,74854,529
2025-26,1,5,75115,671
2025-26,2,20,75115,671
2025-26,3,27,75115,671
2025-26,4,40,75115,671
2025-26,5,49,75115,671
2025-26,6,55,75115,671
2025-26,7,61,75115,671
2025-26,8,80,75115,671
2025-26,9,87,75115,671
2025-26,10,100,75115,671
2025-26,11,110,75115,671
2025-26,12,112,75115,671
2025-26,13,130,75115,671
2025-26,14,138,75115,671
2025-26,15,143,75115,671
2025-26,16,160,75115,671
2025-26,17,167,75115,671
2025-26,18,180,75115,671
2025-26,19,190,75115,671
2025-26,20,200,75115,671
2025-26,21,210,75115,671
2025-26,22,219,75115,671
2025-26,23,230,75115,671
2025-26,24,233,75115,671
2025-26,1,3,76357,331
2025-26,2,17,76357,331
2025-26,3,23,76357,331
2025-26,4,37,76357,331
2025-26,5,45,76357,331
2025-26,6,51,76357,331
2025-26,7,63,76357,331
2025-26,8,74,76357,331
2025-26,9,89,76357,331
2025-26,10,94,76357,331
2025-26,11,105,76357,331
2025-26,12,115,76357,331
2025-26,13,129,76357,331
2025-26,14,135,76357,331
2025-26,15,145,76357,331
2025-26,16,153,76357,331
2025-26,17,165,76357,331
2025-26,18,180,76357,331
2025-26,19,185,76357,331
2025-26,20,195,76357,331
2025-26,21,207,76357,331
2025-26,22,214,76357,331
2025-26,23,227,76357,331
2025-26,24,236,76357,331
2025-26,1,2,77794,478
2025-26,2,19,77794,478
2025-26,3,24,77794,478
2025-26,4,39,77794,478
2025-26,5,42,77794,478
2025-26,6,58,77794,478
2025-26,7,69,77794,478
2025-26,8,71,77794,478
2025-26,9,89,77794,478
2025-26,10,100,77794,478
2025-26,11,102,77794,478
2025-26,12,119,77794,478
2025-26,13,125,77794,478
2025-26,14,139,77794,478
2025-26,15,148,77794,478
2025-26,16,159,77794,478
2025-26,17,168,77794,478
2025-26,18,177,77794,478
2025-26,19,183,77794,478
2025-26,20,198,77794,478
2025-26,21,209,77794,478
2025-26,22,220,77794,478
2025-26,23,229,77794,478
2025-26,24,235,77794,478
2025-26,1,2,78916,476
2025-26,2,19,78916,476
2025-26,3,24,78916,476
2025-26,4,39,78916,476
2025-26,5,42,78916,476
2025-26,6,58,78916,476
2025-26,7,69,78916,476
2025-26,8,71,78916,476
2025-26,9,89,78916,476
2025-26,10,100,78916,476
2025-26,11,102,78916,476
2025-26,12,119,78916,476
2025-26,13,125,78916,476
2025-26,14,139,78916,476
2025-26,15,148,78916,476
2025-26,16,159,78916,476
2025-26,17,168,78916,476
2025-26,18,177,78916,476
2025-26,19,183,78916,476
2025-26,20,198,78916,476
2025-26,21,209,78916,476
2025-26,22,220,78916,476
2025-26,23,229,78916,476
2025-26,24,235,78916,476
2025-26,1,7,79602,629
2025-26,2,12,79602,629
2025-26,3,30,79602,629
2025-26,4,39,79602,629
2025-26,5,50,79602,629
2025-26,6,60,79602,629
2025-26,7,70,79602,629
2025-26,8,78,79602,629
2025-26,9,90,79602,629
2025-26,10,94,79602,629
2025-26,11,103,79602,629
2025-26,12,120,79602,629
2025-26,13,121,79602,629
2025-26,14,140,79602,629
2025-26,15,150,79602,629
2025-26,16,151,79602,629
2025-26,17,170,79602,629
2025-26,18,176,79602,629
2025-26,19,187,79602,629
2025-26,20,200,79602,629
2025-26,21,206,79602,629
2025-26,22,220,79602,629
2025-26,23,228,79602,629
2025-26,24,240,79602,629
2025-26,1,3,80201,314
2025-26,2,17,80201,314
2025-26,3,23,80201,314
2025-26,4,37,80201,314
2025-26,5,45,80201,314
2025-26,6,51,80201,314
2025-26,7,63,80201,314
2025-26,8,74,80201,314
2025-26,9,89,80201,314
2025-26,10,94,80201,314
2025-26,11,105,80201,314
2025-26,12,115,80201,314
2025-26,13,129,80201,314
2025-26,14,135,80201,314
2025-26,15,145,80201,314
2025-26,16,153,80201,314
2025-26,17,165,80201,314
2025-26,18,180,80201,314
2025-26,19,185,80201,314
2025-26,20,195,80201,314
2025-26,21,207,80201,314
2025-26,22,214,80201,314
2025-26,23,227,80201,314
2025-26,24,236,80201,314
2025-26,1,10,80801,302
2025-26,2,16,80801,302
2025-26,3,30,80801,302
2025-26,4,36,80801,302
2025-26,5,46,80801,302
2025-26,6,55,80801,302
2025-26,7,66,80801,302
2025-26,8,76,80801,302
2025-26,9,86,80801,302
2025-26,10,98,80801,302
2025-26,11,105,80801,302
2025-26,12,118,80801,302
2025-26,13,125,80801,302
2025-26,14,132,80801,302
2025-26,15,144,80801,302
2025-26,16,154,80801,302
2025-26,17,164,80801,302
2025-26,18,173,80801,302
2025-26,19,188,80801,302
2025-26,20,194,80801,302
2025-26,21,206,80801,302
2025-26,22,211,80801,302
2025-26,23,226,80801,302
2025-26,24,232,80801,302
2025-26,1,2,81441,471
2025-26,2,19,81441,471
2025-26,3,24,81441,471
2025-26,4,39,81441,471
2025-26,5,42,81441,471
2025-26,6,58,81441,471
2025-26,7,69,81441,471
2025-26,8,71,81441,471
2025-26,9,89,81441,471
2025-26,10,100,81441,471
2025-26,11,102,81441,471
2025-26,12,119,81441,471
2025-26,13,125,81441,471
2025-26,14,139,81441,471
2025-26,15,148,81441,471
2025-26,16,159,81441,471
2025-26,17,168,81441,471
2025-26,18,177,81441,471
2025-26,19,183,81441,471
2025-26,20,198,81441,471
2025-26,21,209,81441,471
2025-26,22,220,81441,471
2025-26,23,229,81441,471
2025-26,24,235,81441,471
2025-26,1,5,82143,601
2025-26,2,20,82143,601
2025-26,3,27,82143,601
2025-26,4,40,82143,601
2025-26,5,49,82143,601
2025-26,6,55,82143,601
2025-26,7,61,82143,601
2025-26,8,80,82143,601
2025-26,9,87,82143,601
2025-26,10,100,82143,601
2025-26,11,110,82143,601
2025-26,12,112,82143,601
2025-26,13,130,82143,601
2025-26,14,138,82143,601
2025-26,15,143,82143,601
2025-26,16,160,82143,601
2025-26,17,167,82143,601
2025-26,18,180,82143,601
2025-26,19,190,82143,601
2025-26,20,200,82143,601
2025-26,21,210,82143,601
2025-26,22,219,82143,601
2025-26,23,230,82143,601
2025-26,24,233,82143,601
2025-26,1,3,83299,146
2025-26,2,16,83299,146
2025-26,3,22,83299,146
2025-26,4,32,83299,146
2025-26,5,43,83299,146
2025-26,6,53,83299,146
2025-26,7,70,83299,146
2025-26,8,71,83299,146
2025-26,9,88,83299,146
2025-26,10,91,83299,146
2025-26,11,104,83299,146
2025-26,12,113,83299,146
2025-26,13,127,83299,146
2025-26,14,133,83299,146
2025-26,15,143,83299,146
2025-26,16,156,83299,146
2025-26,17,163,83299,146
2025-26,18,171,83299,146
2025-26,19,190,83299,146
2025-26,20,193,83299,146
2025-26,21,208,83299,146
2025-26,22,212,83299,146
2025-26,23,227,83299,146
2025-26,24,232,83299,146
2025-26,1,5,84182,600
2025-26,2,20,84182,600
2025-26,3,27,84182,600
2025-26,4,40,84182,600
2025-26,5,49,84182,600
2025-26,6,55,84182,600
2025-26,7,61,84182,600
2025-26,8,80,84182,600
2025-26,9,87,84182,600
2025-26,10,100,84182,600
2025-26,11,110,84182,600
2025-26,12,112,84182,600
2025-26,13,130,84182,600
2025-26,14,138,84182,600
2025-26,15,143,84182,600
2025-26,16,160,84182,600
2025-26,17,167,84182,600
2025-26,18,180,84182,600
2025-26,19,190,84182,600
2025-26,20,200,84182,600
2025-26,21,210,84182,600
2025-26,22,219,84182,600
2025-26,23,230,84182,600
2025-26,24,233,84182,600
2025-26,1,5,84450,668
2025-26,2,14,84450,668
2025-26,3,28,84450,668
2025-26,4,35,84450,668
2025-26,5,48,84450,668
2025-26,6,59,84450,668
2025-26,7,68,84450,668
2025-26,8,78,84450,668
2025-26,9,85,84450,668
2025-26,10,98,84450,668
2025-26,11,108,84450,668
2025-26,12,115,84450,668
2025-26,13,128,84450,668
2025-26,14,137,84450,668
2025-26,15,147,84450,668
2025-26,16,159,84450,668
2025-26,17,163,84450,668
2025-26,18,179,84450,668
2025-26,19,189,84450,668
2025-26,20,199,84450,668
2025-26,21,203,84450,668
2025-26,22,218,84450,668
2025-26,23,230,84450,668
2025-26,24,238,84450,668
2025-26,1,4,85633,502
2025-26,2,15,85633,502
2025-26,3,27,85633,502
2025-26,4,31,85633,502
2025-26,5,44,85633,502
2025-26,6,59,85633,502
2025-26,7,69,85633,502
2025-26,8,77,85633,502
2025-26,9,83,85633,502
2025-26,10,97,85633,502
2025-26,11,107,85633,502
2025-26,12,117,85633,502
2025-26,13,127,85633,502
2025-26,14,140,85633,502
2025-26,15,144,85633,502
2025-26,16,158,85633,502
2025-26,17,165,85633,502
2025-26,18,178,85633,502
2025-26,19,188,85633,502
2025-26,20,191,85633,502
2025-26,21,210,85633,502
2025-26,22,217,85633,502
2025-26,23,223,85633,502
2025-26,24,237,85633,502
2025-26,1,6,85971,579
2025-26,2,18,85971,579
2025-26,3,29,85971,579
2025-26,4,40,85971,579
2025-26,5,43,85971,579
2025-26,6,60,85971,579
2025-26,7,67,85971,579
2025-26,8,79,85971,579
2025-26,9,86,85971,579
2025-26,10,99,85971,579
2025-26,11,109,85971,579
2025-26,12,111,85971,579
2025-26,13,129,85971,579
2025-26,14,139,85971,579
2025-26,15,149,85971,579
2025-26,16,158,85971,579
2025-26,17,169,85971,579
2025-26,18,175,85971,579
2025-26,19,182,85971,579
2025-26,20,199,85971,579
2025-26,21,202,85971,579
2025-26,22,219,85971,579
2025-26,23,224,85971,579
2025-26,24,239,85971,579
2025-26,1,3,86873,664
2025-26,2,17,86873,664
2025-26,3,23,86873,664
2025-26,4,37,86873,664
2025-26,5,45,86873,664
2025-26,6,51,86873,664
2025-26,7,63,86873,664
2025-26,8,74,86873,664
2025-26,9,89,86873,664
2025-26,10,94,86873,664
2025-26,11,105,86873,664
2025-26,12,115,86873,664
2025-26,13,129,86873,664
2025-26,14,135,86873,664
2025-26,15,145,86873,664
2025-26,16,153,86873,664
2025-26,17,165,86873,664
2025-26,18,180,86873,664
2025-26,19,185,86873,664
2025-26,20,195,86873,664
2025-26,21,207,86873,664
2025-26,22,214,86873,664
2025-26,23,227,86873,664
2025-26,24,236,86873,664
2025-26,1,7,87835,632
2025-26,2,12,87835,632
2025-26,3,30,87835,632
2025-26,4,39,87835,632
2025-26,5,50,87835,632
2025-26,6,60,87835,632
2025-26,7,70,87835,632
2025-26,8,78,87835,632
2025-26,9,90,87835,632
2025-26,10,94,87835,632
2025-26,11,103,87835,632
2025-26,12,120,87835,632
2025-26,13,121,87835,632
2025-26,14,140,87835,632
2025-26,15,150,87835,632
2025-26,16,151,87835,632
2025-26,17,170,87835,632
2025-26,18,176,87835,632
2025-26,19,187,87835,632
2025-26,20,200,87835,632
2025-26,21,206,87835,632
2025-26,22,220,87835,632
2025-26,23,228,87835,632
2025-26,24,240,87835,632
2025-26,1,7,88248,400
2025-26,2,18,88248,400
2025-26,3,22,88248,400
2025-26,4,38,88248,400
2025-26,5,41,88248,400
2025-26,6,57,88248,400
2025-26,7,64,88248,400
2025-26,8,76,88248,400
2025-26,9,82,88248,400
2025-26,10,96,88248,400
2025-26,11,106,88248,400
2025-26,12,119,88248,400
2025-26,13,126,88248,400
2025-26,14,135,88248,400
2025-26,15,147,88248,400
2025-26,16,155,88248,400
2025-26,17,167,88248,400
2025-26,18,178,88248,400
2025-26,19,189,88248,400
2025-26,20,197,88248,400
2025-26,21,208,88248,400
2025-26,22,216,88248,400
2025-26,23,228,88248,400
2025-26,24,239,88248,400
2025-26,1,2,88894,55
2025-26,2,13,88894,55
2025-26,3,21,88894,55
2025-26,4,36,88894,55
2025-26,5,48,88894,55
2025-26,6,51,88894,55
2025-26,7,62,88894,55
2025-26,8,79,88894,55
2025-26,9,82,88894,55
2025-26,10,95,88894,55
2025-26,11,101,88894,55
2025-26,12,116,88894,55
2025-26,13,121,88894,55
2025-26,14,133,88894,55
2025-26,15,141,88894,55
2025-26,16,160,88894,55
2025-26,17,161,88894,55
2025-26,18,174,88894,55
2025-26,19,181,88894,55
2025-26,20,191,88894,55
2025-26,21,205,88894,55
2025-26,22,211,88894,55
2025-26,23,229,88894,55
2025-26,24,231,88894,55
2025-26,1,4,90585,514
2025-26,2,15,90585,514
2025-26,3,27,90585,514
2025-26,4,31,90585,514
2025-26,5,44,90585,514
2025-26,6,59,90585,514
2025-26,7,69,90585,514
2025-26,8,77,90585,514
2025-26,9,83,90585,514
2025-26,10,97,90585,514
2025-26,11,107,90585,514
2025-26,12,117,90585,514
2025-26,13,127,90585,514
2025-26,14,140,90585,514
2025-26,15,144,90585,514
2025-26,16,158,90585,514
2025-26,17,165,90585,514
2025-26,18,178,90585,514
2025-26,19,188,90585,514
2025-26,20,191,90585,514
2025-26,21,210,90585,514
2025-26,22,217,90585,514
2025-26,23,223,90585,514
2025-26,24,237,90585,514
2025-26,1,7,91651,422
2025-26,2,18,91651,422
2025-26,3,22,91651,422
2025-26,4,38,91651,422
2025-26,5,41,91651,422
2025-26,6,57,91651,422
2025-26,7,64,91651,422
2025-26,8,76,91651,422
2025-26,9,82,91651,422
2025-26,10,96,91651,422
2025-26,11,106,91651,422
2025-26,12,119,91651,422
2025-26,13,126,91651,422
2025-26,14,135,91651,422
2025-26,15,147,91651,422
2025-26,16,155,91651,422
2025-26,17,167,91651,422
2025-26,18,178,91651,422
2025-26,19,189,91651,422
2025-26,20,197,91651,422
2025-26,21,208,91651,422
2025-26,22,216,91651,422
2025-26,23,228,91651,422
2025-26,24,239,91651,422
2025-26,1,5,91889,625
2025-26,2,20,91889,625
2025-26,3,27,91889,625
2025-26,4,40,91889,625
2025-26,5,49,91889,625
2025-26,6,55,91889,625
2025-26,7,61,91889,625
2025-26,8,80,91889,625
2025-26,9,87,91889,625
2025-26,10,100,91889,625
2025-26,11,110,91889,625
2025-26,12,112,91889,625
2025-26,13,130,91889,625
2025-26,14,138,91889,625
2025-26,15,143,91889,625
2025-26,16,160,91889,625
2025-26,17,167,91889,625
2025-26,18,180,91889,625
2025-26,19,190,91889,625
2025-26,20,200,91889,625
2025-26,21,210,91889,625
2025-26,22,219,91889,625
2025-26,23,230,91889,625
2025-26,24,233,91889,625
2025-26,1,9,95658,442
2025-26,2,17,95658,442
2025-26,3,26,95658,442
2025-26,4,38,95658,442
2025-26,5,47,95658,442
2025-26,6,52,95658,442
2025-26,7,68,95658,442
2025-26,8,75,95658,442
2025-26,9,88,95658,442
2025-26,10,97,95658,442
2025-26,11,109,95658,442
2025-26,12,118,95658,442
2025-26,13,124,95658,442
2025-26,14,138,95658,442
2025-26,15,150,95658,442
2025-26,16,157,95658,442
2025-26,17,161,95658,442
2025-26,18,177,95658,442
2025-26,19,187,95658,442
2025-26,20,196,95658,442
2025-26,21,204,95658,442
2025-26,22,216,95658,442
2025-26,23,221,95658,442
2025-26,24,236,95658,442
2025-26,1,1,97032,373
2025-26,2,19,97032,373
2025-26,3,25,97032,373
2025-26,4,34,97032,373
2025-26,5,46,97032,373
2025-26,6,54,97032,373
2025-26,7,65,97032,373
2025-26,8,75,97032,373
2025-26,9,84,97032,373
2025-26,10,95,97032,373
2025-26,11,106,97032,373
2025-26,12,117,97032,373
2025-26,13,130,97032,373
2025-26,14,137,97032,373
2025-26,15,146,97032,373
2025-26,16,156,97032,373
2025-26,17,169,97032,373
2025-26,18,176,97032,373
2025-26,19,186,97032,373
2025-26,20,195,97032,373
2025-26,21,201,97032,373
2025-26,22,215,97032,373
2025-26,23,222,97032,373
2025-26,24,235,97032,373
2025-26,1,7,97299,409
2025-26,2,18,97299,409
2025-26,3,22,97299,409
2025-26,4,38,97299,409
2025-26,5,41,97299,409
2025-26,6,57,97299,409
2025-26,7,64,97299,409
2025-26,8,76,97299,409
2025-26,9,82,97299,409
2025-26,10,96,97299,409
2025-26,11,106,97299,409
2025-26,12,119,97299,409
2025-26,13,126,97299,409
2025-26,14,135,97299,409
2025-26,15,147,97299,409
2025-26,16,155,97299,409
2025-26,17,167,97299,409
2025-26,18,178,97299,409
2025-26,19,189,97299,409
2025-26,20,197,97299,409
2025-26,21,208,97299,409
2025-26,22,216,97299,409
2025-26,23,228,97299,409
2025-26,24,239,97299,409
2025-26,1,10,97846,340
2025-26,2,11,97846,340
2025-26,3,24,97846,340
2025-26,4,37,97846,340
2025-26,5,50,97846,340
2025-26,6,56,97846,340
2025-26,7,67,97846,340
2025-26,8,72,97846,340
2025-26,9,87,97846,340
2025-26,10,91,97846,340
2025-26,11,107,97846,340
2025-26,12,116,97846,340
2025-26,13,126,97846,340
2025-26,14,136,97846,340
2025-26,15,146,97846,340
2025-26,16,152,97846,340
2025-26,17,166,97846,340
2025-26,18,179,97846,340
2025-26,19,186,97846,340
2025-26,20,196,97846,340
2025-26,21,209,97846,340
2025-26,22,214,97846,340
2025-26,23,226,97846,340
2025-26,24,234,97846,340
2025-26,1,2,98747,469
2025-26,2,19,98747,469
2025-26,3,24,98747,469
2025-26,4,39,98747,469
2025-26,5,42,98747,469
2025-26,6,58,98747,469
2025-26,7,69,98747,469
2025-26,8,71,98747,469
2025-26,9,89,98747,469
2025-26,10,100,98747,469
2025-26,11,102,98747,469
2025-26,12,119,98747,469
2025-26,13,125,98747,469
2025-26,14,139,98747,469
2025-26,15,148,98747,469
2025-26,16,159,98747,469
2025-26,17,168,98747,469
2025-26,18,177,98747,469
2025-26,19,183,98747,469
2025-26,20,198,98747,469
2025-26,21,209,98747,469
2025-26,22,220,98747,469
2025-26,23,229,98747,469
2025-26,24,235,98747,469
2025-26,1,2,98980,32
2025-26,2,13,98980,32
2025-26,3,21,98980,32
2025-26,4,36,98980,32
2025-26,5,48,98980,32
2025-26,6,51,98980,32
2025-26,7,62,98980,32
2025-26,8,79,98980,32
2025-26,9,82,98980,32
2025-26,10,95,98980,32
2025-26,11,101,98980,32
2025-26,12,116,98980,32
2025-26,13,121,98980,32
2025-26,14,133,98980,32
2025-26,15,141,98980,32
2025-26,16,160,98980,32
2025-26,17,161,98980,32
2025-26,18,174,98980,32
2025-26,19,181,98980,32
2025-26,20,191,98980,32
2025-26,21,205,98980,32
2025-26,22,211,98980,32
2025-26,23,229,98980,32
2025-26,24,231,98980,32
2025-26,1,2,101148,480
2025-26,2,19,101148,480
2025-26,3,24,101148,480
2025-26,4,39,101148,480
2025-26,5,42,101148,480
2025-26,6,58,101148,480
2025-26,7,69,101148,480
2025-26,8,71,101148,480
2025-26,9,89,101148,480
2025-26,10,100,101148,480
2025-26,11,102,101148,480
2025-26,12,119,101148,480
2025-26,13,125,101148,480
2025-26,14,139,101148,480
2025-26,15,148,101148,480
2025-26,16,159,101148,480
2025-26,17,168,101148,480
2025-26,18,177,101148,480
2025-26,19,183,101148,480
2025-26,20,198,101148,480
2025-26,21,209,101148,480
2025-26,22,220,101148,480
2025-26,23,229,101148,480
2025-26,24,235,101148,480
2025-26,1,5,101178,614
2025-26,2,20,101178,614
2025-26,3,27,101178,614
2025-26,4,40,101178,614
2025-26,5,49,101178,614
2025-26,6,55,101178,614
2025-26,7,61,101178,614
2025-26,8,80,101178,614
2025-26,9,87,101178,614
2025-26,10,100,101178,614
2025-26,11,110,101178,614
2025-26,12,112,101178,614
2025-26,13,130,101178,614
2025-26,14,138,101178,614
2025-26,15,143,101178,614
2025-26,16,160,101178,614
2025-26,17,167,101178,614
2025-26,18,180,101178,614
2025-26,19,190,101178,614
2025-26,20,200,101178,614
2025-26,21,210,101178,614
2025-26,22,219,101178,614
2025-26,23,230,101178,614
2025-26,24,238,101178,614
2025-26,1,2,101188,37
2025-26,2,13,101188,37
2025-26,3,21,101188,37
2025-26,4,36,101188,37
2025-26,5,48,101188,37
2025-26,6,51,101188,37
2025-26,7,62,101188,37
2025-26,8,79,101188,37
2025-26,9,82,101188,37
2025-26,10,95,101188,37
2025-26,11,101,101188,37
2025-26,12,116,101188,37
2025-26,13,121,101188,37
2025-26,14,133,101188,37
2025-26,15,141,101188,37
2025-26,16,160,101188,37
2025-26,17,161,101188,37
2025-26,18,174,101188,37
2025-26,19,181,101188,37
2025-26,20,191,101188,37
2025-26,21,205,101188,37
2025-26,22,211,101188,37
2025-26,23,229,101188,37
2025-26,24,231,101188,37
2025-26,1,7,101982,627
2025-26,2,12,101982,627
2025-26,3,30,101982,627
2025-26,4,39,101982,627
2025-26,5,50,101982,627
2025-26,6,60,101982,627
2025-26,7,70,101982,627
2025-26,8,78,101982,627
2025-26,9,90,101982,627
2025-26,10,94,101982,627
2025-26,11,103,101982,627
2025-26,12,120,101982,627
2025-26,13,121,101982,627
2025-26,14,140,101982,627
2025-26,15,150,101982,627
2025-26,16,151,101982,627
2025-26,17,170,101982,627
2025-26,18,176,101982,627
2025-26,19,187,101982,627
2025-26,20,200,101982,627
2025-26,21,206,101982,627
2025-26,22,220,101982,627
2025-26,23,228,101982,627
2025-26,24,240,101982,627
2025-26,1,3,102057,337
2025-26,2,17,102057,337
2025-26,3,23,102057,337
2025-26,4,37,102057,337
2025-26,5,45,102057,337
2025-26,6,51,102057,337
2025-26,7,63,102057,337
2025-26,8,74,102057,337
2025-26,9,89,102057,337
2025-26,10,94,102057,337
2025-26,11,105,102057,337
2025-26,12,115,102057,337
2025-26,13,129,102057,337
2025-26,14,135,102057,337
2025-26,15,145,102057,337
2025-26,16,153,102057,337
2025-26,17,165,102057,337
2025-26,18,180,102057,337
2025-26,19,185,102057,337
2025-26,20,195,102057,337
2025-26,21,207,102057,337
2025-26,22,214,102057,337
2025-26,23,227,102057,337
2025-26,24,236,102057,337
2025-26,1,5,105717,678
2025-26,2,14,105717,678
2025-26,3,28,105717,678
2025-26,4,35,105717,678
2025-26,5,48,105717,678
2025-26,6,59,105717,678
2025-26,7,68,105717,678
2025-26,8,78,105717,678
2025-26,9,85,105717,678
2025-26,10,98,105717,678
2025-26,11,108,105717,678
2025-26,12,115,105717,678
2025-26,13,128,105717,678
2025-26,14,137,105717,678
2025-26,15,147,105717,678
2025-26,16,159,105717,678
2025-26,17,163,105717,678
2025-26,18,179,105717,678
2025-26,19,189,105717,678
2025-26,20,199,105717,678
2025-26,21,203,105717,678
2025-26,22,218,105717,678
2025-26,23,230,105717,678
2025-26,24,238,105717,678
2025-26,1,2,106468,43
2025-26,2,13,106468,43
2025-26,3,21,106468,43
2025-26,4,36,106468,43
2025-26,5,48,106468,43
2025-26,6,51,106468,43
2025-26,7,62,106468,43
2025-26,8,79,106468,43
2025-26,9,82,106468,43
2025-26,10,95,106468,43
2025-26,11,101,106468,43
2025-26,12,116,106468,43
2025-26,13,121,106468,43
2025-26,14,133,106468,43
2025-26,15,141,106468,43
2025-26,16,160,106468,43
2025-26,17,161,106468,43
2025-26,18,174,106468,43
2025-26,19,181,106468,43
2025-26,20,191,106468,43
2025-26,21,205,106468,43
2025-26,22,211,106468,43
2025-26,23,229,106468,43
2025-26,24,231,106468,43
2025-26,1,10,106611,295
2025-26,2,16,106611,295
2025-26,3,30,106611,295
2025-26,4,36,106611,295
2025-26,5,46,106611,295
2025-26,6,55,106611,295
2025-26,7,66,106611,295
2025-26,8,76,106611,295
2025-26,9,86,106611,295
2025-26,10,98,106611,295
2025-26,11,105,106611,295
2025-26,12,118,106611,295
2025-26,13,125,106611,295
2025-26,14,132,106611,295
2025-26,15,144,106611,295
2025-26,16,154,106611,295
2025-26,17,164,106611,295
2025-26,18,173,106611,295
2025-26,19,188,106611,295
2025-26,20,194,106611,295
2025-26,21,206,106611,295
2025-26,22,211,106611,295
2025-26,23,226,106611,295
2025-26,24,232,106611,295
2025-26,1,10,106617,363
2025-26,2,11,106617,363
2025-26,3,24,106617,363
2025-26,4,37,106617,363
2025-26,5,50,106617,363
2025-26,6,56,106617,363
2025-26,7,67,106617,363
2025-26,8,72,106617,363
2025-26,9,87,106617,363
2025-26,10,91,106617,363
2025-26,11,107,106617,363
2025-26,12,116,106617,363
2025-26,13,126,106617,363
2025-26,14,136,106617,363
2025-26,15,146,106617,363
2025-26,16,152,106617,363
2025-26,17,166,106617,363
2025-26,18,179,106617,363
2025-26,19,186,106617,363
2025-26,20,196,106617,363
2025-26,21,209,106617,363
2025-26,22,214,106617,363
2025-26,23,226,106617,363
2025-26,24,234,106617,363
2025-26,1,9,106760,443
2025-26,2,17,106760,443
2025-26,3,26,106760,443
2025-26,4,38,106760,443
2025-26,5,47,106760,443
2025-26,6,52,106760,443
2025-26,7,68,106760,443
2025-26,8,75,106760,443
2025-26,9,88,106760,443
2025-26,10,97,106760,443
2025-26,11,109,106760,443
2025-26,12,118,106760,443
2025-26,13,124,106760,443
2025-26,14,138,106760,443
2025-26,15,150,106760,443
2025-26,16,157,106760,443
2025-26,17,161,106760,443
2025-26,18,177,106760,443
2025-26,19,187,106760,443
2025-26,20,196,106760,443
2025-26,21,204,106760,443
2025-26,22,216,106760,443
2025-26,23,221,106760,443
2025-26,24,236,106760,443
2025-26,1,4,107265,675
2025-26,2,15,107265,675
2025-26,3,27,107265,675
2025-26,4,31,107265,675
2025-26,5,44,107265,675
2025-26,6,59,107265,675
2025-26,7,69,107265,675
2025-26,8,77,107265,675
2025-26,9,83,107265,675
2025-26,10,97,107265,675
2025-26,11,107,107265,675
2025-26,12,117,107265,675
2025-26,13,127,107265,675
2025-26,14,140,107265,675
2025-26,15,144,107265,675
2025-26,16,158,107265,675
2025-26,17,165,107265,675
2025-26,18,178,107265,675
2025-26,19,188,107265,675
2025-26,20,191,107265,675
2025-26,21,210,107265,675
2025-26,22,217,107265,675
2025-26,23,223,107265,675
2025-26,24,237,107265,675
2025-26,1,8,108413,270
2025-26,2,15,108413,270
2025-26,3,21,108413,270
2025-26,4,35,108413,270
2025-26,5,49,108413,270
2025-26,6,54,108413,270
2025-26,7,66,108413,270
2025-26,8,73,108413,270
2025-26,9,81,108413,270
2025-26,10,93,108413,270
2025-26,11,104,108413,270
2025-26,12,120,108413,270
2025-26,13,124,108413,270
2025-26,14,134,108413,270
2025-26,15,145,108413,270
2025-26,16,155,108413,270
2025-26,17,166,108413,270
2025-26,18,175,108413,270
2025-26,19,185,108413,270
2025-26,20,198,108413,270
2025-26,21,205,108413,270
2025-26,22,218,108413,270
2025-26,23,225,108413,270
2025-26,24,237,108413,270
2025-26,1,3,109345,159
2025-26,2,16,109345,159
2025-26,3,22,109345,159
2025-26,4,32,109345,159
2025-26,5,43,109345,159
2025-26,6,53,109345,159
2025-26,7,70,109345,159
2025-26,8,71,109345,159
2025-26,9,88,109345,159
2025-26,10,91,109345,159
2025-26,11,104,109345,159
2025-26,12,113,109345,159
2025-26,13,127,109345,159
2025-26,14,133,109345,159
2025-26,15,143,109345,159
2025-26,16,156,109345,159
2025-26,17,163,109345,159
2025-26,18,171,109345,159
2025-26,19,190,109345,159
2025-26,20,193,109345,159
2025-26,21,208,109345,159
2025-26,22,212,109345,159
2025-26,23,227,109345,159
2025-26,24,232,109345,159
2025-26,1,5,109533,604
2025-26,2,20,109533,604
2025-26,3,27,109533,604
2025-26,4,40,109533,604
2025-26,5,49,109533,604
2025-26,6,55,109533,604
2025-26,7,61,109533,604
2025-26,8,80,109533,604
2025-26,9,87,109533,604
2025-26,10,100,109533,604
2025-26,11,110,109533,604
2025-26,12,112,109533,604
2025-26,13,130,109533,604
2025-26,14,138,109533,604
2025-26,15,143,109533,604
2025-26,16,160,109533,604
2025-26,17,167,109533,604
2025-26,18,180,109533,604
2025-26,19,190,109533,604
2025-26,20,200,109533,604
2025-26,21,210,109533,604
2025-26,22,219,109533,604
2025-26,23,230,109533,604
2025-26,24,233,109533,604
2025-26,1,8,109646,232
2025-26,2,20,109646,232
2025-26,3,23,109646,232
2025-26,4,33,109646,232
2025-26,5,47,109646,232
2025-26,6,53,109646,232
2025-26,7,65,109646,232
2025-26,8,77,109646,232
2025-26,9,85,109646,232
2025-26,10,99,109646,232
2025-26,11,103,109646,232
2025-26,12,114,109646,232
2025-26,13,123,109646,232
2025-26,14,136,109646,232
2025-26,15,142,109646,232
2025-26,16,154,109646,232
2025-26,17,168,109646,232
2025-26,18,174,109646,232
2025-26,19,184,109646,232
2025-26,20,197,109646,232
2025-26,21,207,109646,232
2025-26,22,213,109646,232
2025-26,23,225,109646,232
2025-26,24,233,109646,232
2025-26,1,9,109745,2
2025-26,2,11,109745,2
2025-26,3,25,109745,2
2025-26,4,31,109745,2
2025-26,5,41,109745,2
2025-26,6,58,109745,2
2025-26,7,61,109745,2
2025-26,8,74,109745,2
2025-26,9,81,109745,2
2025-26,10,92,109745,2
2025-26,11,108,109745,2
2025-26,12,111,109745,2
2025-26,13,123,109745,2
2025-26,14,131,109745,2
2025-26,15,141,109745,2
2025-26,16,151,109745,2
2025-26,17,164,109745,2
2025-26,18,171,109745,2
2025-26,19,181,109745,2
2025-26,20,192,109745,2
2025-26,21,201,109745,2
2025-26,22,217,109745,2
2025-26,23,221,109745,2
2025-26,24,234,109745,2
2025-26,4,35,110504,735
2025-26,5,48,110504,735
2025-26,6,59,110504,735
2025-26,7,68,110504,735
2025-26,8,78,110504,735
2025-26,9,85,110504,735
2025-26,10,98,110504,735
2025-26,11,108,110504,735
2025-26,12,115,110504,735
2025-26,13,128,110504,735
2025-26,14,137,110504,735
2025-26,15,147,110504,735
2025-26,16,159,110504,735
2025-26,17,163,110504,735
2025-26,18,179,110504,735
2025-26,19,189,110504,735
2025-26,20,199,110504,735
2025-26,21,203,110504,735
2025-26,22,218,110504,735
2025-26,23,230,110504,735
2025-26,24,238,110504,735
2025-26,1,3,110735,153
2025-26,2,16,110735,153
2025-26,3,22,110735,153
2025-26,4,32,110735,153
2025-26,5,43,110735,153
2025-26,6,53,110735,153
2025-26,7,70,110735,153
2025-26,8,71,110735,153
2025-26,9,88,110735,153
2025-26,10,91,110735,153
2025-26,11,104,110735,153
2025-26,12,113,110735,153
2025-26,13,127,110735,153
2025-26,14,133,110735,153
2025-26,15,143,110735,153
2025-26,16,156,110735,153
2025-26,17,163,110735,153
2025-26,18,171,110735,153
2025-26,19,190,110735,153
2025-26,20,193,110735,153
2025-26,21,208,110735,153
2025-26,22,212,110735,153
2025-26,23,227,110735,153
2025-26,24,232,110735,153
2025-26,1,10,111234,287
2025-26,2,16,111234,287
2025-26,3,30,111234,287
2025-26,4,36,111234,287
2025-26,5,46,111234,287
2025-26,6,55,111234,287
2025-26,7,66,111234,287
2025-26,8,76,111234,287
2025-26,9,86,111234,287
2025-26,10,98,111234,287
2025-26,11,105,111234,287
2025-26,12,118,111234,287
2025-26,13,125,111234,287
2025-26,14,132,111234,287
2025-26,15,144,111234,287
2025-26,16,154,111234,287
2025-26,17,164,111234,287
2025-26,18,173,111234,287
2025-26,19,188,111234,287
2025-26,20,194,111234,287
2025-26,21,206,111234,287
2025-26,22,211,111234,287
2025-26,23,226,111234,287
2025-26,24,232,111234,287
2025-26,1,1,111317,86
2025-26,2,12,111317,86
2025-26,3,29,111317,86
2025-26,4,32,111317,86
2025-26,5,42,111317,86
2025-26,6,56,111317,86
2025-26,7,63,111317,86
2025-26,8,73,111317,86
2025-26,9,83,111317,86
2025-26,10,96,111317,86
2025-26,11,101,111317,86
2025-26,12,112,111317,86
2025-26,13,128,111317,86
2025-26,14,132,111317,86
2025-26,15,142,111317,86
2025-26,16,157,111317,86
2025-26,17,162,111317,86
2025-26,18,172,111317,86
2025-26,19,184,111317,86
2025-26,20,192,111317,86
2025-26,21,202,111317,86
2025-26,22,212,111317,86
2025-26,23,222,111317,86
2025-26,24,240,111317,86
2025-26,1,2,111452,472
2025-26,2,19,111452,472
2025-26,3,24,111452,472
2025-26,4,39,111452,472
2025-26,5,42,111452,472
2025-26,6,58,111452,472
2025-26,7,69,111452,472
2025-26,8,71,111452,472
2025-26,9,89,111452,472
2025-26,10,100,111452,472
2025-26,11,102,111452,472
2025-26,12,119,111452,472
2025-26,13,125,111452,472
2025-26,14,139,111452,472
2025-26,15,148,111452,472
2025-26,16,159,111452,472
2025-26,17,168,111452,472
2025-26,18,177,111452,472
2025-26,19,183,111452,472
2025-26,20,198,111452,472
2025-26,21,209,111452,472
2025-26,22,220,111452,472
2025-26,23,229,111452,472
2025-26,24,235,111452,472
2025-26,1,3,111478,152
2025-26,2,16,111478,152
2025-26,3,22,111478,152
2025-26,4,32,111478,152
2025-26,5,43,111478,152
2025-26,6,53,111478,152
2025-26,7,70,111478,152
2025-26,8,71,111478,152
2025-26,9,88,111478,152
2025-26,10,91,111478,152
2025-26,11,104,111478,152
2025-26,12,113,111478,152
2025-26,13,127,111478,152
2025-26,14,133,111478,152
2025-26,15,143,111478,152
2025-26,16,156,111478,152
2025-26,17,163,111478,152
2025-26,18,171,111478,152
2025-26,19,190,111478,152
2025-26,20,193,111478,152
2025-26,21,208,111478,152
2025-26,22,212,111478,152
2025-26,23,227,111478,152
2025-26,24,232,111478,152
2025-26,1,2,111773,479
2025-26,2,19,111773,479
2025-26,3,24,111773,479
2025-26,4,39,111773,479
2025-26,5,42,111773,479
2025-26,6,58,111773,479
2025-26,7,69,111773,479
2025-26,8,71,111773,479
2025-26,9,89,111773,479
2025-26,10,100,111773,479
2025-26,11,102,111773,479
2025-26,12,119,111773,479
2025-26,13,125,111773,479
2025-26,14,139,111773,479
2025-26,15,148,111773,479
2025-26,16,159,111773,479
2025-26,17,168,111773,479
2025-26,18,177,111773,479
2025-26,19,183,111773,479
2025-26,20,198,111773,479
2025-26,21,209,111773,479
2025-26,22,220,111773,479
2025-26,23,229,111773,479
2025-26,24,235,111773,479
2025-26,1,10,113564,346
2025-26,2,11,113564,346
2025-26,3,24,113564,346
2025-26,4,37,113564,346
2025-26,5,50,113564,346
2025-26,6,56,113564,346
2025-26,7,67,113564,346
2025-26,8,72,113564,346
2025-26,9,87,113564,346
2025-26,10,91,113564,346
2025-26,11,107,113564,346
2025-26,12,116,113564,346
2025-26,13,126,113564,346
2025-26,14,136,113564,346
2025-26,15,146,113564,346
2025-26,16,152,113564,346
2025-26,17,166,113564,346
2025-26,18,179,113564,346
2025-26,19,186,113564,346
2025-26,20,196,113564,346
2025-26,21,209,113564,346
2025-26,22,214,113564,346
2025-26,23,226,113564,346
2025-26,24,234,113564,346
2025-26,1,2,114243,489
2025-26,2,19,114243,489
2025-26,3,24,114243,489
2025-26,4,39,114243,489
2025-26,5,42,114243,489
2025-26,6,58,114243,489
2025-26,7,69,114243,489
2025-26,8,71,114243,489
2025-26,9,89,114243,489
2025-26,10,100,114243,489
2025-26,11,102,114243,489
2025-26,12,119,114243,489
2025-26,13,125,114243,489
2025-26,14,139,114243,489
2025-26,15,148,114243,489
2025-26,16,159,114243,489
2025-26,17,168,114243,489
2025-26,18,177,114243,489
2025-26,19,183,114243,489
2025-26,20,198,114243,489
2025-26,21,209,114243,489
2025-26,22,220,114243,489
2025-26,23,229,114243,489
2025-26,24,235,114243,489
2025-26,1,10,114283,419
2025-26,2,16,114283,419
2025-26,3,30,114283,419
2025-26,4,36,114283,419
2025-26,5,46,114283,419
2025-26,6,55,114283,419
2025-26,7,66,114283,419
2025-26,8,76,114283,419
2025-26,9,86,114283,419
2025-26,10,98,114283,419
2025-26,11,105,114283,419
2025-26,12,118,114283,419
2025-26,13,125,114283,419
2025-26,14,132,114283,419
2025-26,15,144,114283,419
2025-26,16,154,114283,419
2025-26,17,164,114283,419
2025-26,18,173,114283,419
2025-26,19,188,114283,419
2025-26,20,194,114283,419
2025-26,21,206,114283,419
2025-26,22,211,114283,419
2025-26,23,226,114283,419
2025-26,24,232,114283,419
2025-26,1,6,115556,571
2025-26,2,18,115556,571
2025-26,3,29,115556,571
2025-26,4,40,115556,571
2025-26,5,43,115556,571
2025-26,6,60,115556,571
2025-26,7,67,115556,571
2025-26,8,79,115556,571
2025-26,9,86,115556,571
2025-26,10,99,115556,571
2025-26,11,109,115556,571
2025-26,12,111,115556,571
2025-26,13,129,115556,571
2025-26,14,139,115556,571
2025-26,15,149,115556,571
2025-26,16,158,115556,571
2025-26,17,169,115556,571
2025-26,18,175,115556,571
2025-26,19,182,115556,571
2025-26,20,199,115556,571
2025-26,21,202,115556,571
2025-26,22,219,115556,571
2025-26,23,224,115556,571
2025-26,24,239,115556,571
2025-26,1,9,116216,20
2025-26,2,11,116216,20
2025-26,3,25,116216,20
2025-26,4,31,116216,20
2025-26,5,41,116216,20
2025-26,6,58,116216,20
2025-26,7,61,116216,20
2025-26,8,74,116216,20
2025-26,9,81,116216,20
2025-26,10,92,116216,20
2025-26,11,108,116216,20
2025-26,12,111,116216,20
2025-26,13,123,116216,20
2025-26,14,131,116216,20
2025-26,15,141,116216,20
2025-26,16,151,116216,20
2025-26,17,164,116216,20
2025-26,18,171,116216,20
2025-26,19,181,116216,20
2025-26,20,192,116216,20
2025-26,21,201,116216,20
2025-26,22,217,116216,20
2025-26,23,221,116216,20
2025-26,24,234,116216,20
2025-26,1,1,116535,366
2025-26,2,19,116535,366
2025-26,3,25,116535,366
2025-26,4,34,116535,366
2025-26,5,46,116535,366
2025-26,6,54,116535,366
2025-26,7,65,116535,366
2025-26,8,75,116535,366
2025-26,9,84,116535,366
2025-26,10,95,116535,366
2025-26,11,106,116535,366
2025-26,12,117,116535,366
2025-26,13,130,116535,366
2025-26,14,137,116535,366
2025-26,15,146,116535,366
2025-26,16,156,116535,366
2025-26,17,169,116535,366
2025-26,18,176,116535,366
2025-26,19,186,116535,366
2025-26,20,195,116535,366
2025-26,21,201,116535,366
2025-26,22,215,116535,366
2025-26,23,222,116535,366
2025-26,24,235,116535,366
2025-26,1,1,118748,381
2025-26,2,19,118748,381
2025-26,3,25,118748,381
2025-26,4,34,118748,381
2025-26,5,46,118748,381
2025-26,6,54,118748,381
2025-26,7,65,118748,381
2025-26,8,75,118748,381
2025-26,9,84,118748,381
2025-26,10,95,118748,381
2025-26,11,106,118748,381
2025-26,12,117,118748,381
2025-26,13,130,118748,381
2025-26,14,137,118748,381
2025-26,15,146,118748,381
2025-26,16,156,118748,381
2025-26,17,169,118748,381
2025-26,18,176,118748,381
2025-26,19,186,118748,381
2025-26,20,195,118748,381
2025-26,21,201,118748,381
2025-26,22,215,118748,381
2025-26,23,222,118748,381
2025-26,24,235,118748,381
2025-26,1,2,119471,474
2025-26,2,19,119471,474
2025-26,3,24,119471,474
2025-26,4,39,119471,474
2025-26,5,42,119471,474
2025-26,6,58,119471,474
2025-26,7,69,119471,474
2025-26,8,71,119471,474
2025-26,9,89,119471,474
2025-26,10,100,119471,474
2025-26,11,102,119471,474
2025-26,12,119,119471,474
2025-26,13,125,119471,474
2025-26,14,139,119471,474
2025-26,15,148,119471,474
2025-26,16,159,119471,474
2025-26,17,168,119471,474
2025-26,18,177,119471,474
2025-26,19,183,119471,474
2025-26,20,198,119471,474
2025-26,21,209,119471,474
2025-26,22,220,119471,474
2025-26,23,229,119471,474
2025-26,24,235,119471,474
2025-26,1,7,121160,399
2025-26,2,18,121160,399
2025-26,3,22,121160,399
2025-26,4,38,121160,399
2025-26,5,41,121160,399
2025-26,6,57,121160,399
2025-26,7,64,121160,399
2025-26,8,76,121160,399
2025-26,9,82,121160,399
2025-26,10,96,121160,399
2025-26,11,106,121160,399
2025-26,12,119,121160,399
2025-26,13,126,121160,399
2025-26,14,135,121160,399
2025-26,15,147,121160,399
2025-26,16,155,121160,399
2025-26,17,167,121160,399
2025-26,18,178,121160,399
2025-26,19,189,121160,399
2025-26,20,197,121160,399
2025-26,21,208,121160,399
2025-26,22,216,121160,399
2025-26,23,228,121160,399
2025-26,24,239,121160,399
2025-26,1,8,121709,254
2025-26,2,15,121709,254
2025-26,3,21,121709,254
2025-26,4,35,121709,254
2025-26,5,49,121709,254
2025-26,6,54,121709,254
2025-26,7,66,121709,254
2025-26,8,73,121709,254
2025-26,9,81,121709,254
2025-26,10,93,121709,254
2025-26,11,104,121709,254
2025-26,12,120,121709,254
2025-26,13,124,121709,254
2025-26,14,134,121709,254
2025-26,15,145,121709,254
2025-26,16,155,121709,254
2025-26,17,166,121709,254
2025-26,18,175,121709,254
2025-26,19,185,121709,254
2025-26,20,198,121709,254
2025-26,21,205,121709,254
2025-26,22,218,121709,254
2025-26,23,225,121709,254
2025-26,24,237,121709,254
2025-26,1,7,122074,401
2025-26,2,18,122074,401
2025-26,3,22,122074,401
2025-26,4,38,122074,401
2025-26,5,41,122074,401
2025-26,6,57,122074,401
2025-26,7,64,122074,401
2025-26,8,76,122074,401
2025-26,9,82,122074,401
2025-26,10,96,122074,401
2025-26,11,106,122074,401
2025-26,12,119,122074,401
2025-26,13,126,122074,401
2025-26,14,135,122074,401
2025-26,15,147,122074,401
2025-26,16,155,122074,401
2025-26,17,167,122074,401
2025-26,18,178,122074,401
2025-26,19,189,122074,401
2025-26,20,197,122074,401
2025-26,21,208,122074,401
2025-26,22,216,122074,401
2025-26,23,228,122074,401
2025-26,24,239,122074,401
2025-26,1,1,122798,372
2025-26,2,19,122798,372
2025-26,3,25,122798,372
2025-26,4,34,122798,372
2025-26,5,46,122798,372
2025-26,6,54,122798,372
2025-26,7,65,122798,372
2025-26,8,75,122798,372
2025-26,9,84,122798,372
2025-26,10,95,122798,372
2025-26,11,106,122798,372
2025-26,12,117,122798,372
2025-26,13,130,122798,372
2025-26,14,137,122798,372
2025-26,15,146,122798,372
2025-26,16,156,122798,372
2025-26,17,169,122798,372
2025-26,18,176,122798,372
2025-26,19,186,122798,372
2025-26,20,195,122798,372
2025-26,21,201,122798,372
2025-26,22,215,122798,372
2025-26,23,222,122798,372
2025-26,24,235,122798,372
2025-26,1,2,122806,54
2025-26,2,13,122806,54
2025-26,3,21,122806,54
2025-26,4,36,122806,54
2025-26,5,48,122806,54
2025-26,6,51,122806,54
2025-26,7,62,122806,54
2025-26,8,79,122806,54
2025-26,9,82,122806,54
2025-26,10,95,122806,54
2025-26,11,101,122806,54
2025-26,12,116,122806,54
2025-26,13,121,122806,54
2025-26,14,133,122806,54
2025-26,15,141,122806,54
2025-26,16,160,122806,54
2025-26,17,161,122806,54
2025-26,18,174,122806,54
2025-26,19,181,122806,54
2025-26,20,191,122806,54
2025-26,21,205,122806,54
2025-26,22,211,122806,54
2025-26,23,229,122806,54
2025-26,24,231,122806,54
2025-26,1,5,124165,545
2025-26,2,14,124165,545
2025-26,3,28,124165,545
2025-26,4,35,124165,545
2025-26,5,48,124165,545
2025-26,6,59,124165,545
2025-26,7,68,124165,545
2025-26,8,78,124165,545
2025-26,9,85,124165,545
2025-26,10,98,124165,545
2025-26,11,108,124165,545
2025-26,12,115,124165,545
2025-26,13,128,124165,545
2025-26,14,137,124165,545
2025-26,15,147,124165,545
2025-26,16,159,124165,545
2025-26,17,163,124165,545
2025-26,18,179,124165,545
2025-26,19,189,124165,545
2025-26,20,199,124165,545
2025-26,21,203,124165,545
2025-26,22,218,124165,545
2025-26,23,230,124165,545
2025-26,24,238,124165,545
2025-26,1,7,126184,405
2025-26,2,18,126184,405
2025-26,3,22,126184,405
2025-26,4,38,126184,405
2025-26,5,41,126184,405
2025-26,6,57,126184,405
2025-26,7,64,126184,405
2025-26,8,76,126184,405
2025-26,9,82,126184,405
2025-26,10,96,126184,405
2025-26,11,106,126184,405
2025-26,12,119,126184,405
2025-26,13,126,126184,405
2025-26,14,135,126184,405
2025-26,15,147,126184,405
2025-26,16,155,126184,405
2025-26,17,167,126184,405
2025-26,18,178,126184,405
2025-26,19,189,126184,405
2025-26,20,197,126184,405
2025-26,21,208,126184,405
2025-26,22,216,126184,405
2025-26,23,228,126184,405
2025-26,24,239,126184,405
2025-26,1,9,128295,24
2025-26,2,11,128295,24
2025-26,3,25,128295,24
2025-26,4,31,128295,24
2025-26,5,41,128295,24
2025-26,6,58,128295,24
2025-26,7,61,128295,24
2025-26,8,74,128295,24
2025-26,9,81,128295,24
2025-26,10,92,128295,24
2025-26,11,108,128295,24
2025-26,12,111,128295,24
2025-26,13,123,128295,24
2025-26,14,131,128295,24
2025-26,15,141,128295,24
2025-26,16,151,128295,24
2025-26,17,164,128295,24
2025-26,18,171,128295,24
2025-26,19,181,128295,24
2025-26,20,192,128295,24
2025-26,21,201,128295,24
2025-26,22,217,128295,24
2025-26,23,221,128295,24
2025-26,24,234,128295,24
2025-26,1,6,135720,570
2025-26,2,18,135720,570
2025-26,3,29,135720,570
2025-26,4,40,135720,570
2025-26,5,43,135720,570
2025-26,6,60,135720,570
2025-26,7,67,135720,570
2025-26,8,79,135720,570
2025-26,9,86,135720,570
2025-26,10,99,135720,570
2025-26,11,109,135720,570
2025-26,12,111,135720,570
2025-26,13,129,135720,570
2025-26,14,139,135720,570
2025-26,15,149,135720,570
2025-26,16,158,135720,570
2025-26,17,169,135720,570
2025-26,18,175,135720,570
2025-26,19,182,135720,570
2025-26,20,199,135720,570
2025-26,21,202,135720,570
2025-26,22,219,135720,570
2025-26,23,224,135720,570
2025-26,24,239,135720,570
2025-26,1,7,138001,630
2025-26,2,16,138001,630
2025-26,3,30,138001,630
2025-26,4,36,138001,630
2025-26,5,46,138001,630
2025-26,6,55,138001,630
2025-26,7,66,138001,630
2025-26,8,76,138001,630
2025-26,9,86,138001,630
2025-26,10,98,138001,630
2025-26,11,105,138001,630
2025-26,12,118,138001,630
2025-26,13,125,138001,630
2025-26,14,132,138001,630
2025-26,15,144,138001,630
2025-26,16,154,138001,630
2025-26,17,164,138001,630
2025-26,18,173,138001,630
2025-26,19,188,138001,630
2025-26,20,194,138001,630
2025-26,21,206,138001,630
2025-26,22,211,138001,630
2025-26,23,226,138001,630
2025-26,24,232,138001,630
2025-26,1,9,141746,449
2025-26,2,17,141746,449
2025-26,3,26,141746,449
2025-26,4,38,141746,449
2025-26,5,47,141746,449
2025-26,6,52,141746,449
2025-26,7,68,141746,449
2025-26,8,75,141746,449
2025-26,9,88,141746,449
2025-26,10,97,141746,449
2025-26,11,109,141746,449
2025-26,12,118,141746,449
2025-26,13,124,141746,449
2025-26,14,138,141746,449
2025-26,15,150,141746,449
2025-26,16,157,141746,449
2025-26,17,161,141746,449
2025-26,18,177,141746,449
2025-26,19,187,141746,449
2025-26,20,196,141746,449
2025-26,21,204,141746,449
2025-26,22,216,141746,449
2025-26,23,221,141746,449
2025-26,24,236,141746,449
2025-26,1,7,149065,628
2025-26,2,12,149065,628
2025-26,3,30,149065,628
2025-26,4,39,149065,628
2025-26,5,50,149065,628
2025-26,6,60,149065,628
2025-26,7,70,149065,628
2025-26,8,78,149065,628
2025-26,9,90,149065,628
2025-26,10,94,149065,628
2025-26,11,103,149065,628
2025-26,12,120,149065,628
2025-26,13,121,149065,628
2025-26,14,140,149065,628
2025-26,15,150,149065,628
2025-26,16,151,149065,628
2025-26,17,170,149065,628
2025-26,18,176,149065,628
2025-26,19,187,149065,628
2025-26,20,200,149065,628
2025-26,21,206,149065,628
2025-26,22,220,149065,628
2025-26,23,228,149065,628
2025-26,24,240,149065,628
2025-26,1,2,149484,40
2025-26,2,13,149484,40
2025-26,3,21,149484,40
2025-26,4,36,149484,40
2025-26,5,48,149484,40
2025-26,6,51,149484,40
2025-26,7,62,149484,40
2025-26,8,79,149484,40
2025-26,9,82,149484,40
2025-26,10,95,149484,40
2025-26,11,101,149484,40
2025-26,12,116,149484,40
2025-26,13,121,149484,40
2025-26,14,133,149484,40
2025-26,15,141,149484,40
2025-26,16,160,149484,40
2025-26,17,161,149484,40
2025-26,18,174,149484,40
2025-26,19,181,149484,40
2025-26,20,191,149484,40
2025-26,21,205,149484,40
2025-26,22,211,149484,40
2025-26,23,229,149484,40
2025-26,24,231,149484,40
2025-26,1,5,149519,617
2025-26,2,20,149519,617
2025-26,3,27,149519,617
2025-26,4,40,149519,617
2025-26,5,49,149519,617
2025-26,6,55,149519,617
2025-26,7,61,149519,617
2025-26,8,80,149519,617
2025-26,9,87,149519,617
2025-26,10,100,149519,617
2025-26,11,110,149519,617
2025-26,12,112,149519,617
2025-26,13,130,149519,617
2025-26,14,138,149519,617
2025-26,15,143,149519,617
2025-26,16,160,149519,617
2025-26,17,167,149519,617
2025-26,18,180,149519,617
2025-26,19,190,149519,617
2025-26,20,200,149519,617
2025-26,21,210,149519,617
2025-26,22,219,149519,617
2025-26,23,230,149519,617
2025-26,24,233,149519,617
2025-26,1,2,151589,61
2025-26,2,13,151589,61
2025-26,3,21,151589,61
2025-26,4,36,151589,61
2025-26,5,48,151589,61
2025-26,6,51,151589,61
2025-26,7,62,151589,61
2025-26,8,79,151589,61
2025-26,9,82,151589,61
2025-26,10,95,151589,61
2025-26,11,101,151589,61
2025-26,12,116,151589,61
2025-26,13,121,151589,61
2025-26,14,133,151589,61
2025-26,15,141,151589,61
2025-26,16,160,151589,61
2025-26,17,161,151589,61
2025-26,18,174,151589,61
2025-26,19,181,151589,61
2025-26,20,191,151589,61
2025-26,21,205,151589,61
2025-26,22,211,151589,61
2025-26,23,229,151589,61
2025-26,24,231,151589,61
2025-26,1,8,152551,272
2025-26,2,15,152551,272
2025-26,3,21,152551,272
2025-26,4,35,152551,272
2025-26,5,49,152551,272
2025-26,6,54,152551,272
2025-26,7,66,152551,272
2025-26,8,73,152551,272
2025-26,9,81,152551,272
2025-26,10,93,152551,272
2025-26,11,104,152551,272
2025-26,12,120,152551,272
2025-26,13,124,152551,272
2025-26,14,134,152551,272
2025-26,15,145,152551,272
2025-26,16,155,152551,272
2025-26,17,166,152551,272
2025-26,18,175,152551,272
2025-26,19,185,152551,272
2025-26,20,198,152551,272
2025-26,21,205,152551,272
2025-26,22,218,152551,272
2025-26,23,225,152551,272
2025-26,24,237,152551,272
2025-26,1,2,153127,495
2025-26,2,19,153127,495
2025-26,3,24,153127,495
2025-26,4,39,153127,495
2025-26,5,42,153127,495
2025-26,6,58,153127,495
2025-26,7,69,153127,495
2025-26,8,71,153127,495
2025-26,9,89,153127,495
2025-26,10,100,153127,495
2025-26,11,102,153127,495
2025-26,12,119,153127,495
2025-26,13,125,153127,495
2025-26,14,139,153127,495
2025-26,15,148,153127,495
2025-26,16,159,153127,495
2025-26,17,168,153127,495
2025-26,18,177,153127,495
2025-26,19,183,153127,495
2025-26,20,198,153127,495
2025-26,21,209,153127,495
2025-26,22,220,153127,495
2025-26,23,229,153127,495
2025-26,24,235,153127,495
2025-26,1,3,153133,324
2025-26,2,17,153133,324
2025-26,3,23,153133,324
2025-26,4,37,153133,324
2025-26,5,45,153133,324
2025-26,6,51,153133,324
2025-26,7,63,153133,324
2025-26,8,74,153133,324
2025-26,9,89,153133,324
2025-26,10,94,153133,324
2025-26,11,105,153133,324
2025-26,12,115,153133,324
2025-26,13,129,153133,324
2025-26,14,135,153133,324
2025-26,15,145,153133,324
2025-26,16,153,153133,324
2025-26,17,165,153133,324
2025-26,18,180,153133,324
2025-26,19,185,153133,324
2025-26,20,195,153133,324
2025-26,21,207,153133,324
2025-26,22,214,153133,324
2025-26,23,227,153133,324
2025-26,24,236,153133,324
2025-26,1,3,153366,336
2025-26,2,17,153366,336
2025-26,3,23,153366,336
2025-26,4,37,153366,336
2025-26,5,45,153366,336
2025-26,6,51,153366,336
2025-26,7,63,153366,336
2025-26,8,74,153366,336
2025-26,9,89,153366,336
2025-26,10,94,153366,336
2025-26,11,105,153366,336
2025-26,12,115,153366,336
2025-26,13,129,153366,336
2025-26,14,135,153366,336
2025-26,15,145,153366,336
2025-26,16,153,153366,336
2025-26,17,165,153366,336
2025-26,18,180,153366,336
2025-26,19,185,153366,336
2025-26,20,195,153366,336
2025-26,21,207,153366,336
2025-26,22,214,153366,336
2025-26,23,227,153366,336
2025-26,24,236,153366,336
2025-26,1,3,153682,329
2025-26,2,17,153682,329
2025-26,3,23,153682,329
2025-26,4,37,153682,329
2025-26,5,45,153682,329
2025-26,6,51,153682,329
2025-26,7,63,153682,329
2025-26,8,74,153682,329
2025-26,9,89,153682,329
2025-26,10,94,153682,329
2025-26,11,105,153682,329
2025-26,12,115,153682,329
2025-26,13,129,153682,329
2025-26,14,135,153682,329
2025-26,15,145,153682,329
2025-26,16,153,153682,329
2025-26,17,165,153682,329
2025-26,18,180,153682,329
2025-26,19,185,153682,329
2025-26,20,195,153682,329
2025-26,21,207,153682,329
2025-26,22,214,153682,329
2025-26,23,227,153682,329
2025-26,24,236,153682,329
2025-26,1,6,154296,673
2025-26,2,18,154296,673
2025-26,3,29,154296,673
2025-26,4,40,154296,673
2025-26,5,43,154296,673
2025-26,6,60,154296,673
2025-26,7,67,154296,673
2025-26,8,79,154296,673
2025-26,9,86,154296,673
2025-26,10,99,154296,673
2025-26,11,109,154296,673
2025-26,12,111,154296,673
2025-26,13,129,154296,673
2025-26,14,139,154296,673
2025-26,15,149,154296,673
2025-26,16,158,154296,673
2025-26,17,169,154296,673
2025-26,18,175,154296,673
2025-26,19,182,154296,673
2025-26,20,199,154296,673
2025-26,21,202,154296,673
2025-26,22,219,154296,673
2025-26,23,224,154296,673
2025-26,24,239,154296,673
2025-26,1,9,154561,1
2025-26,2,11,154561,1
2025-26,3,25,154561,1
2025-26,4,31,154561,1
2025-26,5,41,154561,1
2025-26,6,58,154561,1
2025-26,7,61,154561,1
2025-26,8,74,154561,1
2025-26,9,81,154561,1
2025-26,10,92,154561,1
2025-26,11,108,154561,1
2025-26,12,111,154561,1
2025-26,13,123,154561,1
2025-26,14,131,154561,1
2025-26,15,141,154561,1
2025-26,16,151,154561,1
2025-26,17,164,154561,1
2025-26,18,171,154561,1
2025-26,19,181,154561,1
2025-26,20,192,154561,1
2025-26,21,201,154561,1
2025-26,22,217,154561,1
2025-26,23,221,154561,1
2025-26,24,234,154561,1
2025-26,1,6,154566,596
2025-26,2,18,154566,596
2025-26,3,29,154566,596
2025-26,4,40,154566,596
2025-26,5,43,154566,596
2025-26,6,60,154566,596
2025-26,7,67,154566,596
2025-26,8,79,154566,596
2025-26,9,86,154566,596
2025-26,10,99,154566,596
2025-26,11,109,154566,596
2025-26,12,111,154566,596
2025-26,13,129,154566,596
2025-26,14,139,154566,596
2025-26,15,149,154566,596
2025-26,16,158,154566,596
2025-26,17,169,154566,596
2025-26,18,175,154566,596
2025-26,19,182,154566,596
2025-26,20,199,154566,596
2025-26,21,202,154566,596
2025-26,22,219,154566,596
2025-26,23,224,154566,596
2025-26,24,239,154566,596
2025-26,1,7,155405,429
2025-26,2,18,155405,429
2025-26,3,22,155405,429
2025-26,4,38,155405,429
2025-26,5,41,155405,429
2025-26,6,57,155405,429
2025-26,7,64,155405,429
2025-26,8,76,155405,429
2025-26,9,82,155405,429
2025-26,10,96,155405,429
2025-26,11,106,155405,429
2025-26,12,119,155405,429
2025-26,13,126,155405,429
2025-26,14,135,155405,429
2025-26,15,147,155405,429
2025-26,16,155,155405,429
2025-26,17,167,155405,429
2025-26,18,178,155405,429
2025-26,19,189,155405,429
2025-26,20,197,155405,429
2025-26,21,208,155405,429
2025-26,22,216,155405,429
2025-26,23,228,155405,429
2025-26,24,239,155405,429
2025-26,1,1,155408,88
2025-26,2,12,155408,88
2025-26,3,29,155408,88
2025-26,4,32,155408,88
2025-26,5,42,155408,88
2025-26,6,56,155408,88
2025-26,7,63,155408,88
2025-26,8,73,155408,88
2025-26,9,83,155408,88
2025-26,10,96,155408,88
2025-26,11,101,155408,88
2025-26,12,112,155408,88
2025-26,13,128,155408,88
2025-26,14,132,155408,88
2025-26,15,142,155408,88
2025-26,16,157,155408,88
2025-26,17,162,155408,88
2025-26,18,172,155408,88
2025-26,19,184,155408,88
2025-26,20,192,155408,88
2025-26,21,202,155408,88
2025-26,22,212,155408,88
2025-26,23,222,155408,88
2025-26,24,240,155408,88
2025-26,1,1,155503,369
2025-26,2,19,155503,369
2025-26,3,25,155503,369
2025-26,4,34,155503,369
2025-26,5,46,155503,369
2025-26,6,54,155503,369
2025-26,7,65,155503,369
2025-26,8,75,155503,369
2025-26,9,84,155503,369
2025-26,10,95,155503,369
2025-26,11,106,155503,369
2025-26,12,117,155503,369
2025-26,13,130,155503,369
2025-26,14,137,155503,369
2025-26,15,146,155503,369
2025-26,16,156,155503,369
2025-26,17,169,155503,369
2025-26,18,176,155503,369
2025-26,19,186,155503,369
2025-26,20,195,155503,369
2025-26,21,201,155503,369
2025-26,22,215,155503,369
2025-26,23,222,155503,369
2025-26,24,235,155503,369
2025-26,1,8,156074,264
2025-26,2,15,156074,264
2025-26,3,21,156074,264
2025-26,4,35,156074,264
2025-26,5,49,156074,264
2025-26,6,54,156074,264
2025-26,7,66,156074,264
2025-26,8,73,156074,264
2025-26,9,81,156074,264
2025-26,10,93,156074,264
2025-26,11,104,156074,264
2025-26,12,120,156074,264
2025-26,13,124,156074,264
2025-26,14,134,156074,264
2025-26,15,145,156074,264
2025-26,16,155,156074,264
2025-26,17,166,156074,264
2025-26,18,175,156074,264
2025-26,19,185,156074,264
2025-26,20,198,156074,264
2025-26,21,205,156074,264
2025-26,22,218,156074,264
2025-26,23,225,156074,264
2025-26,24,237,156074,264
2025-26,1,3,156689,327
2025-26,2,17,156689,327
2025-26,3,23,156689,327
2025-26,4,37,156689,327
2025-26,5,45,156689,327
2025-26,6,51,156689,327
2025-26,7,63,156689,327
2025-26,8,74,156689,327
2025-26,9,89,156689,327
2025-26,10,94,156689,327
2025-26,11,105,156689,327
2025-26,12,115,156689,327
2025-26,13,129,156689,327
2025-26,14,135,156689,327
2025-26,15,145,156689,327
2025-26,16,153,156689,327
2025-26,17,165,156689,327
2025-26,18,180,156689,327
2025-26,19,185,156689,327
2025-26,20,195,156689,327
2025-26,21,207,156689,327
2025-26,22,214,156689,327
2025-26,23,227,156689,327
2025-26,24,236,156689,327
2025-26,1,1,158499,87
2025-26,2,12,158499,87
2025-26,3,29,158499,87
2025-26,4,32,158499,87
2025-26,5,42,158499,87
2025-26,6,56,158499,87
2025-26,7,63,158499,87
2025-26,8,73,158499,87
2025-26,9,83,158499,87
2025-26,10,96,158499,87
2025-26,11,101,158499,87
2025-26,12,112,158499,87
2025-26,13,128,158499,87
2025-26,14,132,158499,87
2025-26,15,142,158499,87
2025-26,16,157,158499,87
2025-26,17,162,158499,87
2025-26,18,172,158499,87
2025-26,19,184,158499,87
2025-26,20,192,158499,87
2025-26,21,202,158499,87
2025-26,22,212,158499,87
2025-26,23,222,158499,87
2025-26,24,240,158499,87
2025-26,1,5,158534,659
2025-26,2,20,158534,659
2025-26,3,27,158534,659
2025-26,4,40,158534,659
2025-26,5,49,158534,659
2025-26,6,55,158534,659
2025-26,7,61,158534,659
2025-26,8,80,158534,659
2025-26,9,87,158534,659
2025-26,10,100,158534,659
2025-26,11,110,158534,659
2025-26,12,112,158534,659
2025-26,13,130,158534,659
2025-26,14,138,158534,659
2025-26,15,143,158534,659
2025-26,16,160,158534,659
2025-26,17,167,158534,659
2025-26,18,180,158534,659
2025-26,19,190,158534,659
2025-26,20,200,158534,659
2025-26,21,210,158534,659
2025-26,22,219,158534,659
2025-26,23,230,158534,659
2025-26,24,233,158534,659
2025-26,1,1,158983,392
2025-26,2,19,158983,392
2025-26,3,25,158983,392
2025-26,4,34,158983,392
2025-26,5,46,158983,392
2025-26,6,54,158983,392
2025-26,7,65,158983,392
2025-26,8,75,158983,392
2025-26,9,84,158983,392
2025-26,10,95,158983,392
2025-26,11,106,158983,392
2025-26,12,117,158983,392
2025-26,13,130,158983,392
2025-26,14,137,158983,392
2025-26,15,146,158983,392
2025-26,16,156,158983,392
2025-26,17,169,158983,392
2025-26,18,176,158983,392
2025-26,19,186,158983,392
2025-26,20,195,158983,392
2025-26,21,201,158983,392
2025-26,22,215,158983,392
2025-26,23,222,158983,392
2025-26,24,235,158983,392
2025-26,1,4,159506,507
2025-26,2,15,159506,507
2025-26,3,27,159506,507
2025-26,4,31,159506,507
2025-26,5,44,159506,507
2025-26,6,59,159506,507
2025-26,7,69,159506,507
2025-26,8,77,159506,507
2025-26,9,83,159506,507
2025-26,10,97,159506,507
2025-26,11,107,159506,507
2025-26,12,117,159506,507
2025-26,13,127,159506,507
2025-26,14,140,159506,507
2025-26,15,144,159506,507
2025-26,16,158,159506,507
2025-26,17,165,159506,507
2025-26,18,178,159506,507
2025-26,19,188,159506,507
2025-26,20,191,159506,507
2025-26,21,210,159506,507
2025-26,22,217,159506,507
2025-26,23,223,159506,507
2025-26,24,237,159506,507
2025-26,1,3,159533,326
2025-26,2,17,159533,326
2025-26,3,23,159533,326
2025-26,4,37,159533,326
2025-26,5,45,159533,326
2025-26,6,51,159533,326
2025-26,7,63,159533,326
2025-26,8,74,159533,326
2025-26,9,89,159533,326
2025-26,10,94,159533,326
2025-26,11,105,159533,326
2025-26,12,115,159533,326
2025-26,13,129,159533,326
2025-26,14,135,159533,326
2025-26,15,145,159533,326
2025-26,16,153,159533,326
2025-26,17,165,159533,326
2025-26,18,180,159533,326
2025-26,19,185,159533,326
2025-26,20,195,159533,326
2025-26,21,207,159533,326
2025-26,22,214,159533,326
2025-26,23,227,159533,326
2025-26,24,233,159533,326
2025-26,1,7,165809,416
2025-26,2,18,165809,416
2025-26,3,22,165809,416
2025-26,4,38,165809,416
2025-26,5,41,165809,416
2025-26,6,57,165809,416
2025-26,7,64,165809,416
2025-26,8,76,165809,416
2025-26,9,82,165809,416
2025-26,10,96,165809,416
2025-26,11,106,165809,416
2025-26,12,119,165809,416
2025-26,13,126,165809,416
2025-26,14,135,165809,416
2025-26,15,147,165809,416
2025-26,16,155,165809,416
2025-26,17,167,165809,416
2025-26,18,178,165809,416
2025-26,19,189,165809,416
2025-26,20,197,165809,416
2025-26,21,208,165809,416
2025-26,22,216,165809,416
2025-26,23,228,165809,416
2025-26,24,239,165809,416
2025-26,1,3,166477,319
2025-26,2,17,166477,319
2025-26,3,23,166477,319
2025-26,4,37,166477,319
2025-26,5,45,166477,319
2025-26,6,51,166477,319
2025-26,7,63,166477,319
2025-26,8,74,166477,319
2025-26,9,89,166477,319
2025-26,10,94,166477,319
2025-26,11,105,166477,319
2025-26,12,115,166477,319
2025-26,13,129,166477,319
2025-26,14,135,166477,319
2025-26,15,145,166477,319
2025-26,16,153,166477,319
2025-26,17,165,166477,319
2025-26,18,180,166477,319
2025-26,19,185,166477,319
2025-26,20,195,166477,319
2025-26,21,207,166477,319
2025-26,22,214,166477,319
2025-26,23,227,166477,319
2025-26,24,236,166477,319
2025-26,1,2,166989,48
2025-26,2,13,166989,48
2025-26,3,21,166989,48
2025-26,4,36,166989,48
2025-26,5,48,166989,48
2025-26,6,51,166989,48
2025-26,7,62,166989,48
2025-26,8,79,166989,48
2025-26,9,82,166989,48
2025-26,10,95,166989,48
2025-26,11,101,166989,48
2025-26,12,116,166989,48
2025-26,13,121,166989,48
2025-26,14,133,166989,48
2025-26,15,141,166989,48
2025-26,16,160,166989,48
2025-26,17,161,166989,48
2025-26,18,174,166989,48
2025-26,19,181,166989,48
2025-26,20,191,166989,48
2025-26,21,205,166989,48
2025-26,22,211,166989,48
2025-26,23,229,166989,48
2025-26,24,231,166989,48
2025-26,1,3,167074,322
2025-26,2,17,167074,322
2025-26,3,23,167074,322
2025-26,4,37,167074,322
2025-26,5,45,167074,322
2025-26,6,51,167074,322
2025-26,7,63,167074,322
2025-26,8,74,167074,322
2025-26,9,89,167074,322
2025-26,10,94,167074,322
2025-26,11,105,167074,322
2025-26,12,115,167074,322
2025-26,13,129,167074,322
2025-26,14,135,167074,322
2025-26,15,145,167074,322
2025-26,16,153,167074,322
2025-26,17,165,167074,322
2025-26,18,180,167074,322
2025-26,19,185,167074,322
2025-26,20,195,167074,322
2025-26,21,207,167074,322
2025-26,22,214,167074,322
2025-26,23,227,167074,322
2025-26,24,236,167074,322
2025-26,1,5,167512,539
2025-26,2,14,167512,539
2025-26,3,28,167512,539
2025-26,4,35,167512,539
2025-26,5,48,167512,539
2025-26,6,59,167512,539
2025-26,7,68,167512,539
2025-26,8,78,167512,539
2025-26,9,85,167512,539
2025-26,10,98,167512,539
2025-26,11,108,167512,539
2025-26,12,115,167512,539
2025-26,13,128,167512,539
2025-26,14,137,167512,539
2025-26,15,147,167512,539
2025-26,16,159,167512,539
2025-26,17,163,167512,539
2025-26,18,179,167512,539
2025-26,19,189,167512,539
2025-26,20,199,167512,539
2025-26,21,203,167512,539
2025-26,22,218,167512,539
2025-26,23,230,167512,539
2025-26,24,238,167512,539
2025-26,1,6,167887,209
2025-26,2,14,167887,209
2025-26,3,26,167887,209
2025-26,4,34,167887,209
2025-26,5,44,167887,209
2025-26,6,57,167887,209
2025-26,7,62,167887,209
2025-26,8,72,167887,209
2025-26,9,90,167887,209
2025-26,10,92,167887,209
2025-26,11,110,167887,209
2025-26,12,114,167887,209
2025-26,13,122,167887,209
2025-26,14,134,167887,209
2025-26,15,148,167887,209
2025-26,16,153,167887,209
2025-26,17,162,167887,209
2025-26,18,173,167887,209
2025-26,19,183,167887,209
2025-26,20,193,167887,209
2025-26,21,204,167887,209
2025-26,22,215,167887,209
2025-26,23,224,167887,209
2025-26,24,238,167887,209
2025-26,1,1,168636,98
2025-26,2,12,168636,98
2025-26,3,29,168636,98
2025-26,4,32,168636,98
2025-26,5,42,168636,98
2025-26,6,56,168636,98
2025-26,7,63,168636,98
2025-26,8,73,168636,98
2025-26,9,83,168636,98
2025-26,10,96,168636,98
2025-26,11,101,168636,98
2025-26,12,112,168636,98
2025-26,13,128,168636,98
2025-26,14,132,168636,98
2025-26,15,142,168636,98
2025-26,16,157,168636,98
2025-26,17,162,168636,98
2025-26,18,172,168636,98
2025-26,19,184,168636,98
2025-26,20,192,168636,98
2025-26,21,202,168636,98
2025-26,22,212,168636,98
2025-26,23,222,168636,98
2025-26,24,240,168636,98
2025-26,1,1,168991,89
2025-26,2,12,168991,89
2025-26,3,29,168991,89
2025-26,4,32,168991,89
2025-26,5,42,168991,89
2025-26,6,56,168991,89
2025-26,7,63,168991,89
2025-26,8,73,168991,89
2025-26,9,83,168991,89
2025-26,10,96,168991,89
2025-26,11,101,168991,89
2025-26,12,112,168991,89
2025-26,13,128,168991,89
2025-26,14,132,168991,89
2025-26,15,142,168991,89
2025-26,16,157,168991,89
2025-26,17,162,168991,89
2025-26,18,172,168991,89
2025-26,19,184,168991,89
2025-26,20,192,168991,89
2025-26,21,202,168991,89
2025-26,22,212,168991,89
2025-26,23,222,168991,89
2025-26,24,240,168991,89
2025-26,1,2,169359,484
2025-26,2,19,169359,484
2025-26,3,24,169359,484
2025-26,4,39,169359,484
2025-26,5,42,169359,484
2025-26,6,58,169359,484
2025-26,7,69,169359,484
2025-26,8,71,169359,484
2025-26,9,89,169359,484
2025-26,10,100,169359,484
2025-26,11,102,169359,484
2025-26,12,119,169359,484
2025-26,13,125,169359,484
2025-26,14,139,169359,484
2025-26,15,148,169359,484
2025-26,16,159,169359,484
2025-26,17,168,169359,484
2025-26,18,177,169359,484
2025-26,19,183,169359,484
2025-26,20,198,169359,484
2025-26,21,209,169359,484
2025-26,22,220,169359,484
2025-26,23,229,169359,484
2025-26,24,235,169359,484
2025-26,1,3,169528,316
2025-26,2,17,169528,316
2025-26,3,23,169528,316
2025-26,4,37,169528,316
2025-26,5,45,169528,316
2025-26,6,51,169528,316
2025-26,7,63,169528,316
2025-26,8,74,169528,316
2025-26,9,89,169528,316
2025-26,10,94,169528,316
2025-26,11,105,169528,316
2025-26,12,115,169528,316
2025-26,13,129,169528,316
2025-26,14,135,169528,316
2025-26,15,145,169528,316
2025-26,16,153,169528,316
2025-26,17,165,169528,316
2025-26,18,180,169528,316
2025-26,19,185,169528,316
2025-26,20,195,169528,316
2025-26,21,207,169528,316
2025-26,22,214,169528,316
2025-26,23,227,169528,316
2025-26,24,236,169528,316
2025-26,1,8,169593,255
2025-26,2,15,169593,255
2025-26,3,21,169593,255
2025-26,4,35,169593,255
2025-26,5,49,169593,255
2025-26,6,54,169593,255
2025-26,7,66,169593,255
2025-26,8,73,169593,255
2025-26,9,81,169593,255
2025-26,10,93,169593,255
2025-26,11,104,169593,255
2025-26,12,120,169593,255
2025-26,13,124,169593,255
2025-26,14,134,169593,255
2025-26,15,145,169593,255
2025-26,16,155,169593,255
2025-26,17,166,169593,255
2025-26,18,175,169593,255
2025-26,19,185,169593,255
2025-26,20,198,169593,255
2025-26,21,205,169593,255
2025-26,22,218,169593,255
2025-26,23,225,169593,255
2025-26,24,237,169593,255
2025-26,1,1,171287,376
2025-26,2,19,171287,376
2025-26,3,25,171287,376
2025-26,4,34,171287,376
2025-26,5,46,171287,376
2025-26,6,54,171287,376
2025-26,7,65,171287,376
2025-26,8,75,171287,376
2025-26,9,84,171287,376
2025-26,10,95,171287,376
2025-26,11,106,171287,376
2025-26,12,117,171287,376
2025-26,13,130,171287,376
2025-26,14,137,171287,376
2025-26,15,146,171287,376
2025-26,16,156,171287,376
2025-26,17,169,171287,376
2025-26,18,176,171287,376
2025-26,19,186,171287,376
2025-26,20,195,171287,376
2025-26,21,201,171287,376
2025-26,22,215,171287,376
2025-26,23,222,171287,376
2025-26,24,235,171287,376
2025-26,1,7,171314,408
2025-26,2,18,171314,408
2025-26,3,22,171314,408
2025-26,4,38,171314,408
2025-26,5,41,171314,408
2025-26,6,57,171314,408
2025-26,7,64,171314,408
2025-26,8,76,171314,408
2025-26,9,82,171314,408
2025-26,10,96,171314,408
2025-26,11,106,171314,408
2025-26,12,119,171314,408
2025-26,13,126,171314,408
2025-26,14,135,171314,408
2025-26,15,147,171314,408
2025-26,16,155,171314,408
2025-26,17,167,171314,408
2025-26,18,178,171314,408
2025-26,19,189,171314,408
2025-26,20,197,171314,408
2025-26,21,208,171314,408
2025-26,22,216,171314,408
2025-26,23,228,171314,408
2025-26,24,239,171314,408
2025-26,1,5,171422,555
2025-26,2,14,171422,555
2025-26,3,28,171422,555
2025-26,4,35,171422,555
2025-26,5,48,171422,555
2025-26,6,59,171422,555
2025-26,7,68,171422,555
2025-26,8,78,171422,555
2025-26,9,85,171422,555
2025-26,10,98,171422,555
2025-26,11,108,171422,555
2025-26,12,115,171422,555
2025-26,13,128,171422,555
2025-26,14,137,171422,555
2025-26,15,147,171422,555
2025-26,16,159,171422,555
2025-26,17,163,171422,555
2025-26,18,179,171422,555
2025-26,19,189,171422,555
2025-26,20,199,171422,555
2025-26,21,203,171422,555
2025-26,22,218,171422,555
2025-26,23,230,171422,555
2025-26,24,238,171422,555
2025-26,1,6,172567,205
2025-26,2,14,172567,205
2025-26,3,26,172567,205
2025-26,4,34,172567,205
2025-26,5,44,172567,205
2025-26,6,57,172567,205
2025-26,7,62,172567,205
2025-26,8,72,172567,205
2025-26,9,90,172567,205
2025-26,10,92,172567,205
2025-26,11,110,172567,205
2025-26,12,114,172567,205
2025-26,13,122,172567,205
2025-26,14,134,172567,205
2025-26,15,148,172567,205
2025-26,16,153,172567,205
2025-26,17,162,172567,205
2025-26,18,173,172567,205
2025-26,19,183,172567,205
2025-26,20,193,172567,205
2025-26,21,204,172567,205
2025-26,22,215,172567,205
2025-26,23,224,172567,205
2025-26,24,238,172567,205
2025-26,1,8,172649,253
2025-26,2,15,172649,253
2025-26,3,21,172649,253
2025-26,4,35,172649,253
2025-26,5,49,172649,253
2025-26,6,54,172649,253
2025-26,7,66,172649,253
2025-26,8,73,172649,253
2025-26,9,81,172649,253
2025-26,10,93,172649,253
2025-26,11,104,172649,253
2025-26,12,120,172649,253
2025-26,13,124,172649,253
2025-26,14,134,172649,253
2025-26,15,145,172649,253
2025-26,16,155,172649,253
2025-26,17,166,172649,253
2025-26,18,175,172649,253
2025-26,19,185,172649,253
2025-26,20,198,172649,253
2025-26,21,205,172649,253
2025-26,22,218,172649,253
2025-26,23,225,172649,253
2025-26,24,237,172649,253
2025-26,1,6,172780,581
2025-26,2,18,172780,581
2025-26,3,29,172780,581
2025-26,4,40,172780,581
2025-26,5,43,172780,581
2025-26,6,60,172780,581
2025-26,7,67,172780,581
2025-26,8,79,172780,581
2025-26,9,86,172780,581
2025-26,10,99,172780,581
2025-26,11,109,172780,581
2025-26,12,111,172780,581
2025-26,13,129,172780,581
2025-26,14,139,172780,581
2025-26,15,149,172780,581
2025-26,16,158,172780,581
2025-26,17,169,172780,581
2025-26,18,175,172780,581
2025-26,19,182,172780,581
2025-26,20,199,172780,581
2025-26,21,202,172780,581
2025-26,22,219,172780,581
2025-26,23,224,172780,581
2025-26,24,239,172780,581
2025-26,24,231,173879,808
2025-26,1,6,174592,206
2025-26,2,14,174592,206
2025-26,3,26,174592,206
2025-26,4,34,174592,206
2025-26,5,44,174592,206
2025-26,6,57,174592,206
2025-26,7,62,174592,206
2025-26,8,72,174592,206
2025-26,9,90,174592,206
2025-26,10,92,174592,206
2025-26,11,110,174592,206
2025-26,12,114,174592,206
2025-26,13,122,174592,206
2025-26,14,134,174592,206
2025-26,15,148,174592,206
2025-26,16,153,174592,206
2025-26,17,162,174592,206
2025-26,18,173,174592,206
2025-26,19,183,174592,206
2025-26,20,193,174592,206
2025-26,21,204,174592,206
2025-26,22,215,174592,206
2025-26,23,224,174592,206
2025-26,24,238,174592,206
2025-26,1,10,174594,365
2025-26,2,11,174594,365
2025-26,3,24,174594,365
2025-26,4,37,174594,365
2025-26,5,50,174594,365
2025-26,6,56,174594,365
2025-26,7,67,174594,365
2025-26,8,72,174594,365
2025-26,9,87,174594,365
2025-26,10,91,174594,365
2025-26,11,107,174594,365
2025-26,12,116,174594,365
2025-26,13,126,174594,365
2025-26,14,136,174594,365
2025-26,15,146,174594,365
2025-26,16,152,174594,365
2025-26,17,166,174594,365
2025-26,18,179,174594,365
2025-26,19,186,174594,365
2025-26,20,196,174594,365
2025-26,21,209,174594,365
2025-26,22,214,174594,365
2025-26,23,226,174594,365
2025-26,24,234,174594,365
2025-26,1,3,174874,317
2025-26,2,17,174874,317
2025-26,3,23,174874,317
2025-26,4,37,174874,317
2025-26,5,45,174874,317
2025-26,6,51,174874,317
2025-26,7,63,174874,317
2025-26,8,74,174874,317
2025-26,9,89,174874,317
2025-26,10,94,174874,317
2025-26,11,105,174874,317
2025-26,12,115,174874,317
2025-26,13,129,174874,317
2025-26,14,135,174874,317
2025-26,15,145,174874,317
2025-26,16,153,174874,317
2025-26,17,165,174874,317
2025-26,18,180,174874,317
2025-26,19,185,174874,317
2025-26,20,195,174874,317
2025-26,21,207,174874,317
2025-26,22,214,174874,317
2025-26,23,227,174874,317
2025-26,24,236,174874,317
2025-26,1,9,176297,451
2025-26,2,17,176297,451
2025-26,3,26,176297,451
2025-26,4,38,176297,451
2025-26,5,47,176297,451
2025-26,6,52,176297,451
2025-26,7,68,176297,451
2025-26,8,75,176297,451
2025-26,9,88,176297,451
2025-26,10,97,176297,451
2025-26,11,109,176297,451
2025-26,12,118,176297,451
2025-26,13,124,176297,451
2025-26,14,138,176297,451
2025-26,15,150,176297,451
2025-26,16,157,176297,451
2025-26,17,161,176297,451
2025-26,18,177,176297,451
2025-26,19,187,176297,451
2025-26,20,196,176297,451
2025-26,21,204,176297,451
2025-26,22,216,176297,451
2025-26,23,221,176297,451
2025-26,24,236,176297,451
2025-26,2,11,177815,691
2025-26,3,24,177815,691
2025-26,4,37,177815,691
2025-26,5,50,177815,691
2025-26,6,56,177815,691
2025-26,7,67,177815,691
2025-26,8,72,177815,691
2025-26,9,87,177815,691
2025-26,10,91,177815,691
2025-26,11,107,177815,691
2025-26,12,116,177815,691
2025-26,13,126,177815,691
2025-26,14,136,177815,691
2025-26,15,146,177815,691
2025-26,16,152,177815,691
2025-26,17,166,177815,691
2025-26,18,179,177815,691
2025-26,19,186,177815,691
2025-26,20,196,177815,691
2025-26,21,209,177815,691
2025-26,22,214,177815,691
2025-26,23,226,177815,691
2025-26,24,234,177815,691
2025-26,1,5,178186,624
2025-26,2,20,178186,624
2025-26,3,27,178186,624
2025-26,4,40,178186,624
2025-26,5,49,178186,624
2025-26,6,55,178186,624
2025-26,7,61,178186,624
2025-26,8,80,178186,624
2025-26,9,87,178186,624
2025-26,10,100,178186,624
2025-26,11,110,178186,624
2025-26,12,112,178186,624
2025-26,13,130,178186,624
2025-26,14,138,178186,624
2025-26,15,143,178186,624
2025-26,16,160,178186,624
2025-26,17,167,178186,624
2025-26,18,180,178186,624
2025-26,19,190,178186,624
2025-26,20,200,178186,624
2025-26,21,210,178186,624
2025-26,22,219,178186,624
2025-26,23,230,178186,624
2025-26,24,233,178186,624
2025-26,1,2,178301,64
2025-26,2,13,178301,64
2025-26,3,21,178301,64
2025-26,4,36,178301,64
2025-26,5,48,178301,64
2025-26,6,51,178301,64
2025-26,7,62,178301,64
2025-26,8,79,178301,64
2025-26,9,82,178301,64
2025-26,10,95,178301,64
2025-26,11,101,178301,64
2025-26,12,116,178301,64
2025-26,13,121,178301,64
2025-26,14,133,178301,64
2025-26,15,141,178301,64
2025-26,16,160,178301,64
2025-26,17,161,178301,64
2025-26,18,174,178301,64
2025-26,19,181,178301,64
2025-26,20,191,178301,64
2025-26,21,205,178301,64
2025-26,22,211,178301,64
2025-26,23,229,178301,64
2025-26,24,231,178301,64
2025-26,1,8,179268,224
2025-26,2,20,179268,224
2025-26,3,23,179268,224
2025-26,4,33,179268,224
2025-26,5,47,179268,224
2025-26,6,53,179268,224
2025-26,7,65,179268,224
2025-26,8,77,179268,224
2025-26,9,85,179268,224
2025-26,10,99,179268,224
2025-26,11,103,179268,224
2025-26,12,114,179268,224
2025-26,13,123,179268,224
2025-26,14,136,179268,224
2025-26,15,142,179268,224
2025-26,16,154,179268,224
2025-26,17,168,179268,224
2025-26,18,174,179268,224
2025-26,19,184,179268,224
2025-26,20,197,179268,224
2025-26,21,207,179268,224
2025-26,22,213,179268,224
2025-26,23,225,179268,224
2025-26,24,233,179268,224
2025-26,1,6,179458,202
2025-26,2,14,179458,202
2025-26,3,26,179458,202
2025-26,4,34,179458,202
2025-26,5,44,179458,202
2025-26,6,57,179458,202
2025-26,7,62,179458,202
2025-26,8,72,179458,202
2025-26,9,90,179458,202
2025-26,10,92,179458,202
2025-26,11,110,179458,202
2025-26,12,114,179458,202
2025-26,13,122,179458,202
2025-26,14,134,179458,202
2025-26,15,148,179458,202
2025-26,16,153,179458,202
2025-26,17,162,179458,202
2025-26,18,173,179458,202
2025-26,19,183,179458,202
2025-26,20,193,179458,202
2025-26,21,204,179458,202
2025-26,22,215,179458,202
2025-26,23,224,179458,202
2025-26,24,238,179458,202
2025-26,1,10,180135,493
2025-26,2,11,180135,493
2025-26,3,24,180135,493
2025-26,4,37,180135,493
2025-26,5,50,180135,493
2025-26,6,56,180135,493
2025-26,7,67,180135,493
2025-26,8,72,180135,493
2025-26,9,87,180135,493
2025-26,10,91,180135,493
2025-26,11,107,180135,493
2025-26,12,116,180135,493
2025-26,13,126,180135,493
2025-26,14,136,180135,493
2025-26,15,146,180135,493
2025-26,16,152,180135,493
2025-26,17,166,180135,493
2025-26,18,179,180135,493
2025-26,19,186,180135,493
2025-26,20,196,180135,493
2025-26,21,209,180135,493
2025-26,22,214,180135,493
2025-26,23,226,180135,493
2025-26,24,234,180135,493
2025-26,1,8,180736,226
2025-26,2,20,180736,226
2025-26,3,23,180736,226
2025-26,4,33,180736,226
2025-26,5,47,180736,226
2025-26,6,53,180736,226
2025-26,7,65,180736,226
2025-26,8,77,180736,226
2025-26,9,85,180736,226
2025-26,10,99,180736,226
2025-26,11,103,180736,226
2025-26,12,114,180736,226
2025-26,13,123,180736,226
2025-26,14,136,180736,226
2025-26,15,142,180736,226
2025-26,16,154,180736,226
2025-26,17,168,180736,226
2025-26,18,174,180736,226
2025-26,19,184,180736,226
2025-26,20,197,180736,226
2025-26,21,207,180736,226
2025-26,22,213,180736,226
2025-26,23,225,180736,226
2025-26,24,233,180736,226
2025-26,1,6,180804,198
2025-26,2,14,180804,198
2025-26,3,26,180804,198
2025-26,4,34,180804,198
2025-26,5,44,180804,198
2025-26,6,57,180804,198
2025-26,7,62,180804,198
2025-26,8,72,180804,198
2025-26,9,90,180804,198
2025-26,10,92,180804,198
2025-26,11,110,180804,198
2025-26,12,114,180804,198
2025-26,13,122,180804,198
2025-26,14,134,180804,198
2025-26,15,148,180804,198
2025-26,16,153,180804,198
2025-26,17,162,180804,198
2025-26,18,173,180804,198
2025-26,19,183,180804,198
2025-26,20,193,180804,198
2025-26,21,204,180804,198
2025-26,22,215,180804,198
2025-26,23,224,180804,198
2025-26,24,238,180804,198
2025-26,1,2,180974,490
2025-26,2,19,180974,490
2025-26,3,24,180974,490
2025-26,4,39,180974,490
2025-26,5,42,180974,490
2025-26,6,58,180974,490
2025-26,7,69,180974,490
2025-26,8,71,180974,490
2025-26,9,89,180974,490
2025-26,10,100,180974,490
2025-26,11,102,180974,490
2025-26,12,119,180974,490
2025-26,13,125,180974,490
2025-26,14,139,180974,490
2025-26,15,148,180974,490
2025-26,16,159,180974,490
2025-26,17,168,180974,490
2025-26,18,177,180974,490
2025-26,19,183,180974,490
2025-26,20,198,180974,490
2025-26,21,209,180974,490
2025-26,22,220,180974,490
2025-26,23,229,180974,490
2025-26,24,235,180974,490
2025-26,1,7,181284,647
2025-26,2,12,181284,647
2025-26,3,30,181284,647
2025-26,4,39,181284,647
2025-26,5,50,181284,647
2025-26,6,60,181284,647
2025-26,7,70,181284,647
2025-26,8,78,181284,647
2025-26,9,90,181284,647
2025-26,10,94,181284,647
2025-26,11,103,181284,647
2025-26,12,120,181284,647
2025-26,13,121,181284,647
2025-26,14,140,181284,647
2025-26,15,150,181284,647
2025-26,16,151,181284,647
2025-26,17,170,181284,647
2025-26,18,176,181284,647
2025-26,19,187,181284,647
2025-26,20,200,181284,647
2025-26,21,206,181284,647
2025-26,22,220,181284,647
2025-26,23,228,181284,647
2025-26,24,240,181284,647
2025-26,11,102,183656,748
2025-26,12,113,183656,748
2025-26,13,122,183656,748
2025-26,14,131,183656,748
2025-26,15,149,183656,748
2025-26,16,152,183656,748
2025-26,17,170,183656,748
2025-26,18,172,183656,748
2025-26,19,182,183656,748
2025-26,20,194,183656,748
2025-26,21,203,183656,748
2025-26,22,213,183656,748
2025-26,23,223,183656,748
2025-26,24,231,183656,748
2025-26,1,6,183751,201
2025-26,2,14,183751,201
2025-26,3,26,183751,201
2025-26,4,34,183751,201
2025-26,5,44,183751,201
2025-26,6,57,183751,201
2025-26,7,62,183751,201
2025-26,8,72,183751,201
2025-26,9,90,183751,201
2025-26,10,92,183751,201
2025-26,11,110,183751,201
2025-26,12,114,183751,201
2025-26,13,122,183751,201
2025-26,14,134,183751,201
2025-26,15,148,183751,201
2025-26,16,153,183751,201
2025-26,17,162,183751,201
2025-26,18,173,183751,201
2025-26,19,183,183751,201
2025-26,20,193,183751,201
2025-26,21,204,183751,201
2025-26,22,215,183751,201
2025-26,23,224,183751,201
2025-26,24,238,183751,201
2025-26,1,9,184029,17
2025-26,2,11,184029,17
2025-26,3,25,184029,17
2025-26,4,31,184029,17
2025-26,5,41,184029,17
2025-26,6,58,184029,17
2025-26,7,61,184029,17
2025-26,8,74,184029,17
2025-26,9,81,184029,17
2025-26,10,92,184029,17
2025-26,11,108,184029,17
2025-26,12,111,184029,17
2025-26,13,123,184029,17
2025-26,14,131,184029,17
2025-26,15,141,184029,17
2025-26,16,151,184029,17
2025-26,17,164,184029,17
2025-26,18,171,184029,17
2025-26,19,181,184029,17
2025-26,20,192,184029,17
2025-26,21,201,184029,17
2025-26,22,217,184029,17
2025-26,23,221,184029,17
2025-26,24,234,184029,17
2025-26,1,6,184254,565
2025-26,2,18,184254,565
2025-26,3,29,184254,565
2025-26,4,40,184254,565
2025-26,5,43,184254,565
2025-26,6,60,184254,565
2025-26,7,67,184254,565
2025-26,8,79,184254,565
2025-26,9,86,184254,565
2025-26,10,99,184254,565
2025-26,11,109,184254,565
2025-26,12,111,184254,565
2025-26,13,129,184254,565
2025-26,14,139,184254,565
2025-26,15,149,184254,565
2025-26,16,158,184254,565
2025-26,17,169,184254,565
2025-26,18,175,184254,565
2025-26,19,182,184254,565
2025-26,20,199,184254,565
2025-26,21,202,184254,565
2025-26,22,219,184254,565
2025-26,23,224,184254,565
2025-26,24,239,184254,565
2025-26,1,9,184341,455
2025-26,2,17,184341,455
2025-26,3,26,184341,455
2025-26,4,38,184341,455
2025-26,5,47,184341,455
2025-26,6,52,184341,455
2025-26,7,68,184341,455
2025-26,8,75,184341,455
2025-26,9,88,184341,455
2025-26,10,97,184341,455
2025-26,11,109,184341,455
2025-26,12,118,184341,455
2025-26,13,124,184341,455
2025-26,14,138,184341,455
2025-26,15,150,184341,455
2025-26,16,157,184341,455
2025-26,17,161,184341,455
2025-26,18,177,184341,455
2025-26,19,187,184341,455
2025-26,20,196,184341,455
2025-26,21,204,184341,455
2025-26,22,216,184341,455
2025-26,23,221,184341,455
2025-26,24,236,184341,455
2025-26,1,3,184349,328
2025-26,2,17,184349,328
2025-26,3,23,184349,328
2025-26,4,37,184349,328
2025-26,5,45,184349,328
2025-26,6,51,184349,328
2025-26,7,63,184349,328
2025-26,8,74,184349,328
2025-26,9,89,184349,328
2025-26,10,94,184349,328
2025-26,11,105,184349,328
2025-26,12,115,184349,328
2025-26,13,129,184349,328
2025-26,14,135,184349,328
2025-26,15,145,184349,328
2025-26,16,153,184349,328
2025-26,17,165,184349,328
2025-26,18,180,184349,328
2025-26,19,185,184349,328
2025-26,20,195,184349,328
2025-26,21,207,184349,328
2025-26,22,214,184349,328
2025-26,23,227,184349,328
2025-26,24,236,184349,328
2025-26,4,36,184667,719
2025-26,5,48,184667,719
2025-26,6,51,184667,719
2025-26,7,62,184667,719
2025-26,8,79,184667,719
2025-26,9,82,184667,719
2025-26,10,95,184667,719
2025-26,11,101,184667,719
2025-26,12,116,184667,719
2025-26,13,121,184667,719
2025-26,14,133,184667,719
2025-26,15,141,184667,719
2025-26,16,160,184667,719
2025-26,17,161,184667,719
2025-26,18,174,184667,719
2025-26,19,181,184667,719
2025-26,20,191,184667,719
2025-26,21,205,184667,719
2025-26,22,211,184667,719
2025-26,23,229,184667,719
2025-26,24,231,184667,719
2025-26,1,7,184754,642
2025-26,2,12,184754,642
2025-26,3,30,184754,642
2025-26,4,39,184754,642
2025-26,5,50,184754,642
2025-26,6,60,184754,642
2025-26,7,70,184754,642
2025-26,8,78,184754,642
2025-26,9,90,184754,642
2025-26,10,94,184754,642
2025-26,11,103,184754,642
2025-26,12,120,184754,642
2025-26,13,121,184754,642
2025-26,14,140,184754,642
2025-26,15,150,184754,642
2025-26,16,151,184754,642
2025-26,17,170,184754,642
2025-26,18,176,184754,642
2025-26,19,187,184754,642
2025-26,20,200,184754,642
2025-26,21,206,184754,642
2025-26,22,220,184754,642
2025-26,23,228,184754,642
2025-26,24,240,184754,642
2025-26,1,4,191866,108
2025-26,2,13,191866,108
2025-26,3,28,191866,108
2025-26,4,33,191866,108
2025-26,5,45,191866,108
2025-26,6,52,191866,108
2025-26,7,64,191866,108
2025-26,8,80,191866,108
2025-26,9,84,191866,108
2025-26,10,93,191866,108
2025-26,11,102,191866,108
2025-26,12,113,191866,108
2025-26,13,122,191866,108
2025-26,14,131,191866,108
2025-26,15,149,191866,108
2025-26,16,152,191866,108
2025-26,17,170,191866,108
2025-26,18,172,191866,108
2025-26,19,182,191866,108
2025-26,20,194,191866,108
2025-26,21,203,191866,108
2025-26,22,213,191866,108
2025-26,23,223,191866,108
2025-26,24,231,191866,108
2025-26,1,6,192290,186
2025-26,2,14,192290,186
2025-26,3,26,192290,186
2025-26,4,34,192290,186
2025-26,5,44,192290,186
2025-26,6,57,192290,186
2025-26,7,62,192290,186
2025-26,8,72,192290,186
2025-26,9,90,192290,186
2025-26,10,92,192290,186
2025-26,11,110,192290,186
2025-26,12,114,192290,186
2025-26,13,122,192290,186
2025-26,14,134,192290,186
2025-26,15,148,192290,186
2025-26,16,153,192290,186
2025-26,17,162,192290,186
2025-26,18,173,192290,186
2025-26,19,183,192290,186
2025-26,20,193,192290,186
2025-26,21,204,192290,186
2025-26,22,215,192290,186
2025-26,23,224,192290,186
2025-26,24,238,192290,186
2025-26,1,4,194010,109
2025-26,2,13,194010,109
2025-26,3,28,194010,109
2025-26,4,33,194010,109
2025-26,5,45,194010,109
2025-26,6,52,194010,109
2025-26,7,64,194010,109
2025-26,8,80,194010,109
2025-26,9,84,194010,109
2025-26,10,93,194010,109
2025-26,11,102,194010,109
2025-26,12,113,194010,109
2025-26,13,122,194010,109
2025-26,14,131,194010,109
2025-26,15,149,194010,109
2025-26,16,152,194010,109
2025-26,17,170,194010,109
2025-26,18,172,194010,109
2025-26,19,182,194010,109
2025-26,20,194,194010,109
2025-26,21,203,194010,109
2025-26,22,213,194010,109
2025-26,23,223,194010,109
2025-26,24,231,194010,109
2025-26,1,9,195384,22
2025-26,2,11,195384,22
2025-26,3,25,195384,22
2025-26,4,31,195384,22
2025-26,5,41,195384,22
2025-26,6,58,195384,22
2025-26,7,61,195384,22
2025-26,8,74,195384,22
2025-26,9,81,195384,22
2025-26,10,92,195384,22
2025-26,11,108,195384,22
2025-26,12,111,195384,22
2025-26,13,123,195384,22
2025-26,14,131,195384,22
2025-26,15,141,195384,22
2025-26,16,151,195384,22
2025-26,17,164,195384,22
2025-26,18,171,195384,22
2025-26,19,181,195384,22
2025-26,20,192,195384,22
2025-26,21,201,195384,22
2025-26,22,217,195384,22
2025-26,23,221,195384,22
2025-26,24,234,195384,22
2025-26,1,2,195546,50
2025-26,2,13,195546,50
2025-26,3,21,195546,50
2025-26,4,36,195546,50
2025-26,5,48,195546,50
2025-26,6,51,195546,50
2025-26,7,62,195546,50
2025-26,8,79,195546,50
2025-26,9,82,195546,50
2025-26,10,95,195546,50
2025-26,11,101,195546,50
2025-26,12,116,195546,50
2025-26,13,121,195546,50
2025-26,14,133,195546,50
2025-26,15,141,195546,50
2025-26,16,160,195546,50
2025-26,17,161,195546,50
2025-26,18,174,195546,50
2025-26,19,181,195546,50
2025-26,20,191,195546,50
2025-26,21,205,195546,50
2025-26,22,211,195546,50
2025-26,23,229,195546,50
2025-26,24,231,195546,50
2025-26,1,5,197024,618
2025-26,2,20,197024,618
2025-26,3,27,197024,618
2025-26,4,40,197024,618
2025-26,5,49,197024,618
2025-26,6,55,197024,618
2025-26,7,61,197024,618
2025-26,8,80,197024,618
2025-26,9,87,197024,618
2025-26,10,100,197024,618
2025-26,11,110,197024,618
2025-26,12,112,197024,618
2025-26,13,130,197024,618
2025-26,14,138,197024,618
2025-26,15,143,197024,618
2025-26,16,160,197024,618
2025-26,17,167,197024,618
2025-26,18,180,197024,618
2025-26,19,190,197024,618
2025-26,20,200,197024,618
2025-26,21,210,197024,618
2025-26,22,219,197024,618
2025-26,23,230,197024,618
2025-26,24,233,197024,618
2025-26,1,9,198869,11
2025-26,2,11,198869,11
2025-26,3,25,198869,11
2025-26,4,31,198869,11
2025-26,5,41,198869,11
2025-26,6,58,198869,11
2025-26,7,61,198869,11
2025-26,8,74,198869,11
2025-26,9,81,198869,11
2025-26,10,92,198869,11
2025-26,11,108,198869,11
2025-26,12,111,198869,11
2025-26,13,123,198869,11
2025-26,14,131,198869,11
2025-26,15,141,198869,11
2025-26,16,151,198869,11
2025-26,17,164,198869,11
2025-26,18,171,198869,11
2025-26,19,181,198869,11
2025-26,20,192,198869,11
2025-26,21,201,198869,11
2025-26,22,217,198869,11
2025-26,23,221,198869,11
2025-26,24,234,198869,11
2025-26,1,10,199598,354
2025-26,2,11,199598,354
2025-26,3,24,199598,354
2025-26,4,37,199598,354
2025-26,5,50,199598,354
2025-26,6,56,199598,354
2025-26,7,67,199598,354
2025-26,8,72,199598,354
2025-26,9,87,199598,354
2025-26,10,91,199598,354
2025-26,11,107,199598,354
2025-26,12,116,199598,354
2025-26,13,126,199598,354
2025-26,14,136,199598,354
2025-26,15,146,199598,354
2025-26,16,152,199598,354
2025-26,17,166,199598,354
2025-26,18,179,199598,354
2025-26,19,186,199598,354
2025-26,20,196,199598,354
2025-26,21,209,199598,354
2025-26,22,214,199598,354
2025-26,23,226,199598,354
2025-26,24,234,199598,354
2025-26,1,8,199670,285
2025-26,2,15,199670,285
2025-26,3,21,199670,285
2025-26,4,35,199670,285
2025-26,5,49,199670,285
2025-26,6,54,199670,285
2025-26,7,66,199670,285
2025-26,8,73,199670,285
2025-26,9,81,199670,285
2025-26,10,93,199670,285
2025-26,11,104,199670,285
2025-26,12,120,199670,285
2025-26,13,124,199670,285
2025-26,14,134,199670,285
2025-26,15,145,199670,285
2025-26,16,155,199670,285
2025-26,17,166,199670,285
2025-26,18,175,199670,285
2025-26,19,185,199670,285
2025-26,20,198,199670,285
2025-26,21,205,199670,285
2025-26,22,218,199670,285
2025-26,23,225,199670,285
2025-26,24,237,199670,285
2025-26,1,2,199796,36
2025-26,2,13,199796,36
2025-26,3,21,199796,36
2025-26,4,36,199796,36
2025-26,5,48,199796,36
2025-26,6,51,199796,36
2025-26,7,62,199796,36
2025-26,8,79,199796,36
2025-26,9,82,199796,36
2025-26,10,95,199796,36
2025-26,11,101,199796,36
2025-26,12,116,199796,36
2025-26,13,121,199796,36
2025-26,14,133,199796,36
2025-26,15,141,199796,36
2025-26,16,160,199796,36
2025-26,17,161,199796,36
2025-26,18,174,199796,36
2025-26,19,181,199796,36
2025-26,20,191,199796,36
2025-26,21,205,199796,36
2025-26,22,211,199796,36
2025-26,23,229,199796,36
2025-26,24,231,199796,36
2025-26,1,2,199798,38
2025-26,2,13,199798,38
2025-26,3,21,199798,38
2025-26,4,36,199798,38
2025-26,5,48,199798,38
2025-26,6,51,199798,38
2025-26,7,62,199798,38
2025-26,8,79,199798,38
2025-26,9,82,199798,38
2025-26,10,95,199798,38
2025-26,11,101,199798,38
2025-26,12,116,199798,38
2025-26,13,121,199798,38
2025-26,14,133,199798,38
2025-26,15,141,199798,38
2025-26,16,160,199798,38
2025-26,17,161,199798,38
2025-26,18,174,199798,38
2025-26,19,181,199798,38
2025-26,20,191,199798,38
2025-26,21,205,199798,38
2025-26,22,211,199798,38
2025-26,23,229,199798,38
2025-26,24,231,199798,38
2025-26,1,2,200089,494
2025-26,2,19,200089,494
2025-26,3,24,200089,494
2025-26,4,39,200089,494
2025-26,5,42,200089,494
2025-26,6,58,200089,494
2025-26,7,69,200089,494
2025-26,8,71,200089,494
2025-26,9,89,200089,494
2025-26,10,100,200089,494
2025-26,11,102,200089,494
2025-26,12,119,200089,494
2025-26,13,125,200089,494
2025-26,14,139,200089,494
2025-26,15,148,200089,494
2025-26,16,159,200089,494
2025-26,17,168,200089,494
2025-26,18,177,200089,494
2025-26,19,183,200089,494
2025-26,20,198,200089,494
2025-26,21,209,200089,494
2025-26,22,220,200089,494
2025-26,23,229,200089,494
2025-26,24,235,200089,494
2025-26,1,10,200617,353
2025-26,2,11,200617,353
2025-26,3,24,200617,353
2025-26,4,37,200617,353
2025-26,5,50,200617,353
2025-26,6,56,200617,353
2025-26,7,67,200617,353
2025-26,8,72,200617,353
2025-26,9,87,200617,353
2025-26,10,91,200617,353
2025-26,11,107,200617,353
2025-26,12,116,200617,353
2025-26,13,126,200617,353
2025-26,14,136,200617,353
2025-26,15,146,200617,353
2025-26,16,152,200617,353
2025-26,17,166,200617,353
2025-26,18,179,200617,353
2025-26,19,186,200617,353
2025-26,20,196,200617,353
2025-26,21,209,200617,353
2025-26,22,214,200617,353
2025-26,23,226,200617,353
2025-26,24,234,200617,353
2025-26,1,9,200641,27
2025-26,2,11,200641,27
2025-26,3,25,200641,27
2025-26,4,33,200641,27
2025-26,5,45,200641,27
2025-26,6,52,200641,27
2025-26,7,64,200641,27
2025-26,8,80,200641,27
2025-26,9,84,200641,27
2025-26,10,93,200641,27
2025-26,11,102,200641,27
2025-26,12,113,200641,27
2025-26,13,122,200641,27
2025-26,14,131,200641,27
2025-26,15,149,200641,27
2025-26,16,152,200641,27
2025-26,17,170,200641,27
2025-26,18,172,200641,27
2025-26,19,182,200641,27
2025-26,20,194,200641,27
2025-26,21,203,200641,27
2025-26,22,213,200641,27
2025-26,23,223,200641,27
2025-26,24,231,200641,27
2025-26,1,4,200720,101
2025-26,2,13,200720,101
2025-26,3,28,200720,101
2025-26,4,33,200720,101
2025-26,5,45,200720,101
2025-26,6,52,200720,101
2025-26,7,64,200720,101
2025-26,8,80,200720,101
2025-26,9,84,200720,101
2025-26,10,93,200720,101
2025-26,11,102,200720,101
2025-26,12,113,200720,101
2025-26,13,122,200720,101
2025-26,14,131,200720,101
2025-26,15,149,200720,101
2025-26,16,152,200720,101
2025-26,17,170,200720,101
2025-26,18,172,200720,101
2025-26,19,182,200720,101
2025-26,20,194,200720,101
2025-26,21,203,200720,101
2025-26,22,213,200720,101
2025-26,23,223,200720,101
2025-26,24,231,200720,101
2025-26,1,1,200785,85
2025-26,2,12,200785,85
2025-26,3,29,200785,85
2025-26,4,32,200785,85
2025-26,5,42,200785,85
2025-26,6,56,200785,85
2025-26,7,63,200785,85
2025-26,8,73,200785,85
2025-26,9,83,200785,85
2025-26,10,96,200785,85
2025-26,11,101,200785,85
2025-26,12,112,200785,85
2025-26,13,128,200785,85
2025-26,14,132,200785,85
2025-26,15,142,200785,85
2025-26,16,157,200785,85
2025-26,17,162,200785,85
2025-26,18,172,200785,85
2025-26,19,184,200785,85
2025-26,20,192,200785,85
2025-26,21,202,200785,85
2025-26,22,212,200785,85
2025-26,23,222,200785,85
2025-26,24,240,200785,85
2025-26,2,14,200834,694
2025-26,3,28,200834,694
2025-26,4,35,200834,694
2025-26,5,48,200834,694
2025-26,6,59,200834,694
2025-26,7,68,200834,694
2025-26,8,78,200834,694
2025-26,9,85,200834,694
2025-26,10,98,200834,694
2025-26,11,108,200834,694
2025-26,12,115,200834,694
2025-26,13,128,200834,694
2025-26,14,137,200834,694
2025-26,15,147,200834,694
2025-26,16,159,200834,694
2025-26,17,163,200834,694
2025-26,18,179,200834,694
2025-26,19,189,200834,694
2025-26,20,199,200834,694
2025-26,21,203,200834,694
2025-26,22,218,200834,694
2025-26,23,230,200834,694
2025-26,24,238,200834,694
2025-26,1,10,201595,665
2025-26,2,11,201595,665
2025-26,3,24,201595,665
2025-26,4,37,201595,665
2025-26,5,50,201595,665
2025-26,6,56,201595,665
2025-26,7,67,201595,665
2025-26,8,72,201595,665
2025-26,9,87,201595,665
2025-26,10,91,201595,665
2025-26,11,107,201595,665
2025-26,12,116,201595,665
2025-26,13,126,201595,665
2025-26,14,136,201595,665
2025-26,15,146,201595,665
2025-26,16,152,201595,665
2025-26,17,166,201595,665
2025-26,18,179,201595,665
2025-26,19,186,201595,665
2025-26,20,196,201595,665
2025-26,21,209,201595,665
2025-26,22,214,201595,665
2025-26,23,226,201595,665
2025-26,24,234,201595,665
2025-26,1,1,201658,84
2025-26,2,12,201658,84
2025-26,3,29,201658,84
2025-26,4,32,201658,84
2025-26,5,42,201658,84
2025-26,6,56,201658,84
2025-26,7,63,201658,84
2025-26,8,73,201658,84
2025-26,9,83,201658,84
2025-26,10,96,201658,84
2025-26,11,101,201658,84
2025-26,12,112,201658,84
2025-26,13,128,201658,84
2025-26,14,132,201658,84
2025-26,15,142,201658,84
2025-26,16,157,201658,84
2025-26,17,162,201658,84
2025-26,18,172,201658,84
2025-26,19,184,201658,84
2025-26,20,192,201658,84
2025-26,21,202,201658,84
2025-26,22,212,201658,84
2025-26,23,222,201658,84
2025-26,24,240,201658,84
2025-26,1,2,201666,487
2025-26,2,19,201666,487
2025-26,3,24,201666,487
2025-26,4,39,201666,487
2025-26,5,42,201666,487
2025-26,6,58,201666,487
2025-26,7,69,201666,487
2025-26,8,71,201666,487
2025-26,9,89,201666,487
2025-26,10,100,201666,487
2025-26,11,102,201666,487
2025-26,12,119,201666,487
2025-26,13,125,201666,487
2025-26,14,139,201666,487
2025-26,15,148,201666,487
2025-26,16,159,201666,487
2025-26,17,168,201666,487
2025-26,18,177,201666,487
2025-26,19,183,201666,487
2025-26,20,198,201666,487
2025-26,21,209,201666,487
2025-26,22,220,201666,487
2025-26,23,229,201666,487
2025-26,24,235,201666,487
2025-26,1,5,201895,683
2025-26,2,14,201895,683
2025-26,3,28,201895,683
2025-26,4,35,201895,683
2025-26,5,48,201895,683
2025-26,6,59,201895,683
2025-26,7,68,201895,683
2025-26,8,78,201895,683
2025-26,9,85,201895,683
2025-26,10,98,201895,683
2025-26,11,108,201895,683
2025-26,12,115,201895,683
2025-26,13,128,201895,683
2025-26,14,137,201895,683
2025-26,15,147,201895,683
2025-26,16,159,201895,683
2025-26,17,163,201895,683
2025-26,18,179,201895,683
2025-26,19,189,201895,683
2025-26,20,199,201895,683
2025-26,21,203,201895,683
2025-26,22,218,201895,683
2025-26,23,230,201895,683
2025-26,24,238,201895,683
2025-26,1,9,202641,432
2025-26,2,17,202641,432
2025-26,3,26,202641,432
2025-26,4,38,202641,432
2025-26,5,47,202641,432
2025-26,6,52,202641,432
2025-26,7,68,202641,432
2025-26,8,75,202641,432
2025-26,9,88,202641,432
2025-26,10,97,202641,432
2025-26,11,109,202641,432
2025-26,12,118,202641,432
2025-26,13,124,202641,432
2025-26,14,138,202641,432
2025-26,15,150,202641,432
2025-26,16,157,202641,432
2025-26,17,161,202641,432
2025-26,18,177,202641,432
2025-26,19,187,202641,432
2025-26,20,196,202641,432
2025-26,21,204,202641,432
2025-26,22,216,202641,432
2025-26,23,221,202641,432
2025-26,24,236,202641,432
2025-26,1,6,202993,585
2025-26,2,18,202993,585
2025-26,3,29,202993,585
2025-26,4,40,202993,585
2025-26,5,43,202993,585
2025-26,6,60,202993,585
2025-26,7,67,202993,585
2025-26,8,79,202993,585
2025-26,9,86,202993,585
2025-26,10,99,202993,585
2025-26,11,109,202993,585
2025-26,12,111,202993,585
2025-26,13,129,202993,585
2025-26,14,139,202993,585
2025-26,15,149,202993,585
2025-26,16,158,202993,585
2025-26,17,169,202993,585
2025-26,18,175,202993,585
2025-26,19,182,202993,585
2025-26,20,199,202993,585
2025-26,21,202,202993,585
2025-26,22,219,202993,585
2025-26,23,224,202993,585
2025-26,24,239,202993,585
2025-26,1,3,204120,143
2025-26,2,16,204120,143
2025-26,3,22,204120,143
2025-26,4,32,204120,143
2025-26,5,43,204120,143
2025-26,6,53,204120,143
2025-26,7,70,204120,143
2025-26,8,71,204120,143
2025-26,9,88,204120,143
2025-26,10,91,204120,143
2025-26,11,104,204120,143
2025-26,12,113,204120,143
2025-26,13,127,204120,143
2025-26,14,133,204120,143
2025-26,15,143,204120,143
2025-26,16,156,204120,143
2025-26,17,163,204120,143
2025-26,18,171,204120,143
2025-26,19,190,204120,143
2025-26,20,193,204120,143
2025-26,21,208,204120,143
2025-26,22,212,204120,143
2025-26,23,227,204120,143
2025-26,24,232,204120,143
2025-26,1,3,204214,147
2025-26,2,16,204214,147
2025-26,3,22,204214,147
2025-26,4,32,204214,147
2025-26,5,43,204214,147
2025-26,6,53,204214,147
2025-26,7,70,204214,147
2025-26,8,71,204214,147
2025-26,9,88,204214,147
2025-26,10,91,204214,147
2025-26,11,104,204214,147
2025-26,12,113,204214,147
2025-26,13,127,204214,147
2025-26,14,133,204214,147
2025-26,15,143,204214,147
2025-26,16,156,204214,147
2025-26,17,163,204214,147
2025-26,18,171,204214,147
2025-26,19,190,204214,147
2025-26,20,193,204214,147
2025-26,21,208,204214,147
2025-26,22,212,204214,147
2025-26,23,227,204214,147
2025-26,24,232,204214,147
2025-26,1,9,204480,21
2025-26,2,11,204480,21
2025-26,3,25,204480,21
2025-26,4,31,204480,21
2025-26,5,41,204480,21
2025-26,6,58,204480,21
2025-26,7,61,204480,21
2025-26,8,74,204480,21
2025-26,9,81,204480,21
2025-26,10,92,204480,21
2025-26,11,108,204480,21
2025-26,12,111,204480,21
2025-26,13,123,204480,21
2025-26,14,131,204480,21
2025-26,15,141,204480,21
2025-26,16,151,204480,21
2025-26,17,164,204480,21
2025-26,18,171,204480,21
2025-26,19,181,204480,21
2025-26,20,192,204480,21
2025-26,21,201,204480,21
2025-26,22,217,204480,21
2025-26,23,221,204480,21
2025-26,24,234,204480,21
2025-26,1,4,204580,125
2025-26,2,13,204580,125
2025-26,3,28,204580,125
2025-26,4,33,204580,125
2025-26,5,45,204580,125
2025-26,6,52,204580,125
2025-26,7,64,204580,125
2025-26,8,80,204580,125
2025-26,9,84,204580,125
2025-26,10,93,204580,125
2025-26,11,102,204580,125
2025-26,12,113,204580,125
2025-26,13,122,204580,125
2025-26,14,131,204580,125
2025-26,15,149,204580,125
2025-26,16,152,204580,125
2025-26,17,170,204580,125
2025-26,18,172,204580,125
2025-26,19,182,204580,125
2025-26,20,194,204580,125
2025-26,21,203,204580,125
2025-26,22,213,204580,125
2025-26,23,223,204580,125
2025-26,24,231,204580,125
2025-26,1,2,204646,53
2025-26,2,13,204646,53
2025-26,3,21,204646,53
2025-26,4,36,204646,53
2025-26,5,48,204646,53
2025-26,6,51,204646,53
2025-26,7,62,204646,53
2025-26,8,79,204646,53
2025-26,9,82,204646,53
2025-26,10,95,204646,53
2025-26,11,101,204646,53
2025-26,12,116,204646,53
2025-26,13,121,204646,53
2025-26,14,133,204646,53
2025-26,15,141,204646,53
2025-26,16,160,204646,53
2025-26,17,161,204646,53
2025-26,18,174,204646,53
2025-26,19,181,204646,53
2025-26,20,191,204646,53
2025-26,21,205,204646,53
2025-26,22,211,204646,53
2025-26,23,229,204646,53
2025-26,24,231,204646,53
2025-26,1,1,204716,374
2025-26,2,19,204716,374
2025-26,3,25,204716,374
2025-26,4,34,204716,374
2025-26,5,46,204716,374
2025-26,6,54,204716,374
2025-26,7,65,204716,374
2025-26,8,75,204716,374
2025-26,9,84,204716,374
2025-26,10,95,204716,374
2025-26,11,106,204716,374
2025-26,12,117,204716,374
2025-26,13,130,204716,374
2025-26,14,137,204716,374
2025-26,15,146,204716,374
2025-26,16,156,204716,374
2025-26,17,169,204716,374
2025-26,18,176,204716,374
2025-26,19,186,204716,374
2025-26,20,195,204716,374
2025-26,21,201,204716,374
2025-26,22,215,204716,374
2025-26,23,222,204716,374
2025-26,24,235,204716,374
2025-26,1,4,204822,512
2025-26,2,15,204822,512
2025-26,3,27,204822,512
2025-26,4,31,204822,512
2025-26,5,44,204822,512
2025-26,6,59,204822,512
2025-26,7,69,204822,512
2025-26,8,77,204822,512
2025-26,9,83,204822,512
2025-26,10,97,204822,512
2025-26,11,107,204822,512
2025-26,12,117,204822,512
2025-26,13,127,204822,512
2025-26,14,140,204822,512
2025-26,15,144,204822,512
2025-26,16,158,204822,512
2025-26,17,165,204822,512
2025-26,18,178,204822,512
2025-26,19,188,204822,512
2025-26,20,191,204822,512
2025-26,21,210,204822,512
2025-26,22,217,204822,512
2025-26,23,223,204822,512
2025-26,24,237,204822,512
2025-26,4,38,204936,736
2025-26,5,41,204936,736
2025-26,6,57,204936,736
2025-26,7,64,204936,736
2025-26,8,76,204936,736
2025-26,9,82,204936,736
2025-26,10,96,204936,736
2025-26,11,106,204936,736
2025-26,12,119,204936,736
2025-26,13,126,204936,736
2025-26,14,135,204936,736
2025-26,15,147,204936,736
2025-26,16,155,204936,736
2025-26,17,167,204936,736
2025-26,18,178,204936,736
2025-26,19,189,204936,736
2025-26,20,197,204936,736
2025-26,21,208,204936,736
2025-26,22,216,204936,736
2025-26,23,228,204936,736
2025-26,24,239,204936,736
2025-26,1,4,204968,522
2025-26,2,15,204968,522
2025-26,3,27,204968,522
2025-26,4,31,204968,522
2025-26,5,44,204968,522
2025-26,6,59,204968,522
2025-26,7,69,204968,522
2025-26,8,77,204968,522
2025-26,9,83,204968,522
2025-26,10,97,204968,522
2025-26,11,107,204968,522
2025-26,12,117,204968,522
2025-26,13,127,204968,522
2025-26,14,140,204968,522
2025-26,15,144,204968,522
2025-26,16,158,204968,522
2025-26,17,165,204968,522
2025-26,18,178,204968,522
2025-26,19,188,204968,522
2025-26,20,191,204968,522
2025-26,21,210,204968,522
2025-26,22,217,204968,522
2025-26,23,223,204968,522
2025-26,24,237,204968,522
2025-26,1,8,205533,284
2025-26,2,15,205533,284
2025-26,3,21,205533,284
2025-26,4,35,205533,284
2025-26,5,49,205533,284
2025-26,6,54,205533,284
2025-26,7,66,205533,284
2025-26,8,73,205533,284
2025-26,9,81,205533,284
2025-26,10,93,205533,284
2025-26,11,104,205533,284
2025-26,12,120,205533,284
2025-26,13,124,205533,284
2025-26,14,134,205533,284
2025-26,15,145,205533,284
2025-26,16,155,205533,284
2025-26,17,166,205533,284
2025-26,18,175,205533,284
2025-26,19,185,205533,284
2025-26,20,198,205533,284
2025-26,21,205,205533,284
2025-26,22,218,205533,284
2025-26,23,225,205533,284
2025-26,24,237,205533,284
2025-26,1,9,205651,31
2025-26,2,11,205651,31
2025-26,3,25,205651,31
2025-26,4,31,205651,31
2025-26,5,41,205651,31
2025-26,6,58,205651,31
2025-26,7,61,205651,31
2025-26,8,74,205651,31
2025-26,9,81,205651,31
2025-26,10,92,205651,31
2025-26,11,108,205651,31
2025-26,12,111,205651,31
2025-26,13,123,205651,31
2025-26,14,131,205651,31
2025-26,15,141,205651,31
2025-26,16,151,205651,31
2025-26,17,164,205651,31
2025-26,18,171,205651,31
2025-26,19,181,205651,31
2025-26,20,192,205651,31
2025-26,21,201,205651,31
2025-26,22,217,205651,31
2025-26,23,221,205651,31
2025-26,24,234,205651,31
2025-26,1,9,206325,12
2025-26,2,11,206325,12
2025-26,3,25,206325,12
2025-26,4,31,206325,12
2025-26,5,44,206325,12
2025-26,6,59,206325,12
2025-26,7,69,206325,12
2025-26,8,77,206325,12
2025-26,9,83,206325,12
2025-26,10,97,206325,12
2025-26,11,107,206325,12
2025-26,12,117,206325,12
2025-26,13,127,206325,12
2025-26,14,140,206325,12
2025-26,15,144,206325,12
2025-26,16,158,206325,12
2025-26,17,165,206325,12
2025-26,18,178,206325,12
2025-26,19,188,206325,12
2025-26,20,191,206325,12
2025-26,21,210,206325,12
2025-26,22,217,206325,12
2025-26,23,223,206325,12
2025-26,24,237,206325,12
2025-26,1,1,206915,388
2025-26,2,19,206915,388
2025-26,3,25,206915,388
2025-26,4,34,206915,388
2025-26,5,46,206915,388
2025-26,6,54,206915,388
2025-26,7,65,206915,388
2025-26,8,75,206915,388
2025-26,9,84,206915,388
2025-26,10,95,206915,388
2025-26,11,106,206915,388
2025-26,12,117,206915,388
2025-26,13,130,206915,388
2025-26,14,137,206915,388
2025-26,15,146,206915,388
2025-26,16,156,206915,388
2025-26,17,169,206915,388
2025-26,18,176,206915,388
2025-26,19,186,206915,388
2025-26,20,195,206915,388
2025-26,21,201,206915,388
2025-26,22,215,206915,388
2025-26,23,222,206915,388
2025-26,24,235,206915,388
2025-26,1,3,207189,330
2025-26,2,17,207189,330
2025-26,3,23,207189,330
2025-26,4,37,207189,330
2025-26,5,45,207189,330
2025-26,6,51,207189,330
2025-26,7,63,207189,330
2025-26,8,74,207189,330
2025-26,9,89,207189,330
2025-26,10,94,207189,330
2025-26,11,105,207189,330
2025-26,12,115,207189,330
2025-26,13,129,207189,330
2025-26,14,135,207189,330
2025-26,15,145,207189,330
2025-26,16,153,207189,330
2025-26,17,165,207189,330
2025-26,18,180,207189,330
2025-26,19,185,207189,330
2025-26,20,195,207189,330
2025-26,21,207,207189,330
2025-26,22,214,207189,330
2025-26,23,227,207189,330
2025-26,24,236,207189,330
2025-26,1,4,207283,126
2025-26,2,13,207283,126
2025-26,3,28,207283,126
2025-26,4,33,207283,126
2025-26,5,45,207283,126
2025-26,6,52,207283,126
2025-26,7,64,207283,126
2025-26,8,80,207283,126
2025-26,9,84,207283,126
2025-26,10,93,207283,126
2025-26,11,102,207283,126
2025-26,12,113,207283,126
2025-26,13,122,207283,126
2025-26,14,131,207283,126
2025-26,15,149,207283,126
2025-26,16,152,207283,126
2025-26,17,170,207283,126
2025-26,18,172,207283,126
2025-26,19,182,207283,126
2025-26,20,194,207283,126
2025-26,21,203,207283,126
2025-26,22,213,207283,126
2025-26,23,223,207283,126
2025-26,24,231,207283,126
2025-26,1,2,208706,488
2025-26,2,19,208706,488
2025-26,3,24,208706,488
2025-26,4,39,208706,488
2025-26,5,42,208706,488
2025-26,6,58,208706,488
2025-26,7,69,208706,488
2025-26,8,71,208706,488
2025-26,9,89,208706,488
2025-26,10,100,208706,488
2025-26,11,102,208706,488
2025-26,12,119,208706,488
2025-26,13,125,208706,488
2025-26,14,139,208706,488
2025-26,15,148,208706,488
2025-26,16,159,208706,488
2025-26,17,168,208706,488
2025-26,18,177,208706,488
2025-26,19,183,208706,488
2025-26,20,198,208706,488
2025-26,21,209,208706,488
2025-26,22,220,208706,488
2025-26,23,229,208706,488
2025-26,24,235,208706,488
2025-26,1,6,208912,199
2025-26,2,14,208912,199
2025-26,3,26,208912,199
2025-26,4,34,208912,199
2025-26,5,44,208912,199
2025-26,6,57,208912,199
2025-26,7,62,208912,199
2025-26,8,72,208912,199
2025-26,9,90,208912,199
2025-26,10,92,208912,199
2025-26,11,110,208912,199
2025-26,12,114,208912,199
2025-26,13,122,208912,199
2025-26,14,134,208912,199
2025-26,15,148,208912,199
2025-26,16,153,208912,199
2025-26,17,162,208912,199
2025-26,18,173,208912,199
2025-26,19,183,208912,199
2025-26,20,193,208912,199
2025-26,21,204,208912,199
2025-26,22,215,208912,199
2025-26,23,224,208912,199
2025-26,24,238,208912,199
2025-26,1,8,209036,260
2025-26,2,15,209036,260
2025-26,3,21,209036,260
2025-26,4,35,209036,260
2025-26,5,49,209036,260
2025-26,6,54,209036,260
2025-26,7,66,209036,260
2025-26,8,73,209036,260
2025-26,9,81,209036,260
2025-26,10,93,209036,260
2025-26,11,104,209036,260
2025-26,12,120,209036,260
2025-26,13,124,209036,260
2025-26,14,134,209036,260
2025-26,15,145,209036,260
2025-26,16,155,209036,260
2025-26,17,166,209036,260
2025-26,18,175,209036,260
2025-26,19,185,209036,260
2025-26,20,198,209036,260
2025-26,21,205,209036,260
2025-26,22,218,209036,260
2025-26,23,228,209036,260
2025-26,24,239,209036,260
2025-26,1,4,209046,516
2025-26,2,15,209046,516
2025-26,3,27,209046,516
2025-26,4,31,209046,516
2025-26,5,44,209046,516
2025-26,6,59,209046,516
2025-26,7,69,209046,516
2025-26,8,77,209046,516
2025-26,9,83,209046,516
2025-26,10,97,209046,516
2025-26,11,107,209046,516
2025-26,12,117,209046,516
2025-26,13,127,209046,516
2025-26,14,140,209046,516
2025-26,15,144,209046,516
2025-26,16,158,209046,516
2025-26,17,165,209046,516
2025-26,18,178,209046,516
2025-26,19,188,209046,516
2025-26,20,191,209046,516
2025-26,21,210,209046,516
2025-26,22,217,209046,516
2025-26,23,223,209046,516
2025-26,24,237,209046,516
2025-26,1,9,209243,456
2025-26,2,17,209243,456
2025-26,3,26,209243,456
2025-26,4,36,209243,456
2025-26,5,48,209243,456
2025-26,6,51,209243,456
2025-26,7,62,209243,456
2025-26,8,79,209243,456
2025-26,9,82,209243,456
2025-26,10,95,209243,456
2025-26,11,101,209243,456
2025-26,12,116,209243,456
2025-26,13,121,209243,456
2025-26,14,133,209243,456
2025-26,15,141,209243,456
2025-26,16,160,209243,456
2025-26,17,161,209243,456
2025-26,18,174,209243,456
2025-26,19,181,209243,456
2025-26,20,191,209243,456
2025-26,21,205,209243,456
2025-26,22,211,209243,456
2025-26,23,229,209243,456
2025-26,24,231,209243,456
2025-26,1,7,209244,414
2025-26,2,18,209244,414
2025-26,3,22,209244,414
2025-26,4,38,209244,414
2025-26,5,41,209244,414
2025-26,6,57,209244,414
2025-26,7,64,209244,414
2025-26,8,76,209244,414
2025-26,9,82,209244,414
2025-26,10,96,209244,414
2025-26,11,106,209244,414
2025-26,12,119,209244,414
2025-26,13,126,209244,414
2025-26,14,135,209244,414
2025-26,15,147,209244,414
2025-26,16,155,209244,414
2025-26,17,167,209244,414
2025-26,18,178,209244,414
2025-26,19,189,209244,414
2025-26,20,197,209244,414
2025-26,21,208,209244,414
2025-26,22,216,209244,414
2025-26,23,228,209244,414
2025-26,24,239,209244,414
2025-26,1,3,209288,140
2025-26,2,16,209288,140
2025-26,3,22,209288,140
2025-26,4,32,209288,140
2025-26,5,43,209288,140
2025-26,6,53,209288,140
2025-26,7,70,209288,140
2025-26,8,71,209288,140
2025-26,9,88,209288,140
2025-26,10,91,209288,140
2025-26,11,104,209288,140
2025-26,12,113,209288,140
2025-26,13,127,209288,140
2025-26,14,133,209288,140
2025-26,15,143,209288,140
2025-26,16,156,209288,140
2025-26,17,163,209288,140
2025-26,18,171,209288,140
2025-26,19,190,209288,140
2025-26,20,193,209288,140
2025-26,21,208,209288,140
2025-26,22,212,209288,140
2025-26,23,227,209288,140
2025-26,24,232,209288,140
2025-26,1,3,209289,325
2025-26,2,17,209289,325
2025-26,3,23,209289,325
2025-26,4,37,209289,325
2025-26,5,45,209289,325
2025-26,6,51,209289,325
2025-26,7,63,209289,325
2025-26,8,74,209289,325
2025-26,9,89,209289,325
2025-26,10,94,209289,325
2025-26,11,105,209289,325
2025-26,12,115,209289,325
2025-26,13,129,209289,325
2025-26,14,135,209289,325
2025-26,15,145,209289,325
2025-26,16,153,209289,325
2025-26,17,165,209289,325
2025-26,18,180,209289,325
2025-26,19,185,209289,325
2025-26,20,195,209289,325
2025-26,21,207,209289,325
2025-26,22,214,209289,325
2025-26,23,227,209289,325
2025-26,24,236,209289,325
2025-26,1,9,209365,436
2025-26,2,17,209365,436
2025-26,3,26,209365,436
2025-26,4,38,209365,436
2025-26,5,47,209365,436
2025-26,6,52,209365,436
2025-26,7,68,209365,436
2025-26,8,75,209365,436
2025-26,9,88,209365,436
2025-26,10,97,209365,436
2025-26,11,109,209365,436
2025-26,12,118,209365,436
2025-26,13,124,209365,436
2025-26,14,138,209365,436
2025-26,15,150,209365,436
2025-26,16,157,209365,436
2025-26,17,161,209365,436
2025-26,18,177,209365,436
2025-26,19,187,209365,436
2025-26,20,196,209365,436
2025-26,21,204,209365,436
2025-26,22,216,209365,436
2025-26,23,221,209365,436
2025-26,24,236,209365,436
2025-26,1,8,209400,271
2025-26,2,15,209400,271
2025-26,3,21,209400,271
2025-26,4,35,209400,271
2025-26,5,49,209400,271
2025-26,6,54,209400,271
2025-26,7,66,209400,271
2025-26,8,73,209400,271
2025-26,9,81,209400,271
2025-26,10,93,209400,271
2025-26,11,104,209400,271
2025-26,12,120,209400,271
2025-26,13,124,209400,271
2025-26,14,134,209400,271
2025-26,15,145,209400,271
2025-26,16,155,209400,271
2025-26,17,166,209400,271
2025-26,18,175,209400,271
2025-26,19,185,209400,271
2025-26,20,198,209400,271
2025-26,21,205,209400,271
2025-26,22,218,209400,271
2025-26,23,225,209400,271
2025-26,24,237,209400,271
2025-26,1,4,210156,527
2025-26,2,15,210156,527
2025-26,3,27,210156,527
2025-26,4,31,210156,527
2025-26,5,44,210156,527
2025-26,6,59,210156,527
2025-26,7,69,210156,527
2025-26,8,77,210156,527
2025-26,9,83,210156,527
2025-26,10,97,210156,527
2025-26,11,107,210156,527
2025-26,12,117,210156,527
2025-26,13,127,210156,527
2025-26,14,140,210156,527
2025-26,15,144,210156,527
2025-26,16,158,210156,527
2025-26,17,165,210156,527
2025-26,18,178,210156,527
2025-26,19,188,210156,527
2025-26,20,191,210156,527
2025-26,21,210,210156,527
2025-26,22,217,210156,527
2025-26,23,223,210156,527
2025-26,24,237,210156,527
2025-26,1,4,210462,521
2025-26,2,15,210462,521
2025-26,3,27,210462,521
2025-26,4,31,210462,521
2025-26,5,44,210462,521
2025-26,6,59,210462,521
2025-26,7,69,210462,521
2025-26,8,77,210462,521
2025-26,9,83,210462,521
2025-26,10,97,210462,521
2025-26,11,107,210462,521
2025-26,12,117,210462,521
2025-26,13,127,210462,521
2025-26,14,140,210462,521
2025-26,15,144,210462,521
2025-26,16,158,210462,521
2025-26,17,165,210462,521
2025-26,18,178,210462,521
2025-26,19,188,210462,521
2025-26,20,191,210462,521
2025-26,21,210,210462,521
2025-26,22,217,210462,521
2025-26,23,223,210462,521
2025-26,24,237,210462,521
2025-26,1,5,210494,607
2025-26,2,20,210494,607
2025-26,3,27,210494,607
2025-26,4,40,210494,607
2025-26,5,49,210494,607
2025-26,6,55,210494,607
2025-26,7,61,210494,607
2025-26,8,80,210494,607
2025-26,9,87,210494,607
2025-26,10,100,210494,607
2025-26,11,110,210494,607
2025-26,12,112,210494,607
2025-26,13,130,210494,607
2025-26,14,138,210494,607
2025-26,15,143,210494,607
2025-26,16,160,210494,607
2025-26,17,167,210494,607
2025-26,18,180,210494,607
2025-26,19,190,210494,607
2025-26,20,200,210494,607
2025-26,21,210,210494,607
2025-26,22,219,210494,607
2025-26,23,230,210494,607
2025-26,24,233,210494,607
2025-26,1,7,211975,404
2025-26,2,18,211975,404
2025-26,3,22,211975,404
2025-26,4,38,211975,404
2025-26,5,41,211975,404
2025-26,6,57,211975,404
2025-26,7,64,211975,404
2025-26,8,76,211975,404
2025-26,9,82,211975,404
2025-26,10,96,211975,404
2025-26,11,106,211975,404
2025-26,12,119,211975,404
2025-26,13,126,211975,404
2025-26,14,135,211975,404
2025-26,15,147,211975,404
2025-26,16,155,211975,404
2025-26,17,167,211975,404
2025-26,18,178,211975,404
2025-26,19,189,211975,404
2025-26,20,197,211975,404
2025-26,21,208,211975,404
2025-26,22,216,211975,404
2025-26,23,228,211975,404
2025-26,24,239,211975,404
2025-26,1,3,212314,332
2025-26,2,17,212314,332
2025-26,3,23,212314,332
2025-26,4,37,212314,332
2025-26,5,45,212314,332
2025-26,6,51,212314,332
2025-26,7,63,212314,332
2025-26,8,74,212314,332
2025-26,9,89,212314,332
2025-26,10,94,212314,332
2025-26,11,105,212314,332
2025-26,12,115,212314,332
2025-26,13,129,212314,332
2025-26,14,135,212314,332
2025-26,15,145,212314,332
2025-26,16,153,212314,332
2025-26,17,165,212314,332
2025-26,18,180,212314,332
2025-26,19,185,212314,332
2025-26,20,195,212314,332
2025-26,21,207,212314,332
2025-26,22,214,212314,332
2025-26,23,227,212314,332
2025-26,24,236,212314,332
2025-26,1,6,212319,597
2025-26,2,18,212319,597
2025-26,3,29,212319,597
2025-26,4,40,212319,597
2025-26,5,43,212319,597
2025-26,6,60,212319,597
2025-26,7,67,212319,597
2025-26,8,79,212319,597
2025-26,9,86,212319,597
2025-26,10,99,212319,597
2025-26,11,109,212319,597
2025-26,12,111,212319,597
2025-26,13,129,212319,597
2025-26,14,139,212319,597
2025-26,15,149,212319,597
2025-26,16,158,212319,597
2025-26,17,169,212319,597
2025-26,18,175,212319,597
2025-26,19,182,212319,597
2025-26,20,199,212319,597
2025-26,21,202,212319,597
2025-26,22,219,212319,597
2025-26,23,224,212319,597
2025-26,24,239,212319,597
2025-26,1,8,213198,240
2025-26,2,20,213198,240
2025-26,3,23,213198,240
2025-26,4,33,213198,240
2025-26,5,47,213198,240
2025-26,6,53,213198,240
2025-26,7,65,213198,240
2025-26,8,77,213198,240
2025-26,9,85,213198,240
2025-26,10,99,213198,240
2025-26,11,103,213198,240
2025-26,12,114,213198,240
2025-26,13,123,213198,240
2025-26,14,136,213198,240
2025-26,15,142,213198,240
2025-26,16,154,213198,240
2025-26,17,168,213198,240
2025-26,18,174,213198,240
2025-26,19,184,213198,240
2025-26,20,197,213198,240
2025-26,21,207,213198,240
2025-26,22,213,213198,240
2025-26,23,225,213198,240
2025-26,24,233,213198,240
2025-26,1,5,213999,616
2025-26,2,20,213999,616
2025-26,3,27,213999,616
2025-26,4,40,213999,616
2025-26,5,49,213999,616
2025-26,6,55,213999,616
2025-26,7,61,213999,616
2025-26,8,80,213999,616
2025-26,9,87,213999,616
2025-26,10,100,213999,616
2025-26,11,110,213999,616
2025-26,12,112,213999,616
2025-26,13,130,213999,616
2025-26,14,138,213999,616
2025-26,15,143,213999,616
2025-26,16,160,213999,616
2025-26,17,167,213999,616
2025-26,18,180,213999,616
2025-26,19,190,213999,616
2025-26,20,200,213999,616
2025-26,21,210,213999,616
2025-26,22,219,213999,616
2025-26,23,230,213999,616
2025-26,24,233,213999,616
2025-26,1,5,214048,605
2025-26,2,20,214048,605
2025-26,3,27,214048,605
2025-26,4,40,214048,605
2025-26,5,49,214048,605
2025-26,6,55,214048,605
2025-26,7,61,214048,605
2025-26,8,80,214048,605
2025-26,9,87,214048,605
2025-26,10,100,214048,605
2025-26,11,110,214048,605
2025-26,12,112,214048,605
2025-26,13,130,214048,605
2025-26,14,138,214048,605
2025-26,15,143,214048,605
2025-26,16,160,214048,605
2025-26,17,167,214048,605
2025-26,18,180,214048,605
2025-26,19,190,214048,605
2025-26,20,200,214048,605
2025-26,21,210,214048,605
2025-26,22,219,214048,605
2025-26,23,230,214048,605
2025-26,24,233,214048,605
2025-26,1,10,214225,348
2025-26,2,11,214225,348
2025-26,3,24,214225,348
2025-26,4,37,214225,348
2025-26,5,50,214225,348
2025-26,6,56,214225,348
2025-26,7,67,214225,348
2025-26,8,72,214225,348
2025-26,9,87,214225,348
2025-26,10,91,214225,348
2025-26,11,107,214225,348
2025-26,12,116,214225,348
2025-26,13,126,214225,348
2025-26,14,136,214225,348
2025-26,15,146,214225,348
2025-26,16,152,214225,348
2025-26,17,166,214225,348
2025-26,18,179,214225,348
2025-26,19,186,214225,348
2025-26,20,196,214225,348
2025-26,21,209,214225,348
2025-26,22,214,214225,348
2025-26,23,226,214225,348
2025-26,24,234,214225,348
2025-26,1,1,214285,377
2025-26,2,19,214285,377
2025-26,3,25,214285,377
2025-26,4,34,214285,377
2025-26,5,46,214285,377
2025-26,6,54,214285,377
2025-26,7,65,214285,377
2025-26,8,75,214285,377
2025-26,9,84,214285,377
2025-26,10,95,214285,377
2025-26,11,106,214285,377
2025-26,12,117,214285,377
2025-26,13,130,214285,377
2025-26,14,137,214285,377
2025-26,15,146,214285,377
2025-26,16,156,214285,377
2025-26,17,169,214285,377
2025-26,18,176,214285,377
2025-26,19,186,214285,377
2025-26,20,195,214285,377
2025-26,21,201,214285,377
2025-26,22,215,214285,377
2025-26,23,222,214285,377
2025-26,24,235,214285,377
2025-26,1,6,214572,566
2025-26,2,18,214572,566
2025-26,3,29,214572,566
2025-26,4,40,214572,566
2025-26,5,43,214572,566
2025-26,6,60,214572,566
2025-26,7,67,214572,566
2025-26,8,79,214572,566
2025-26,9,86,214572,566
2025-26,10,99,214572,566
2025-26,11,109,214572,566
2025-26,12,111,214572,566
2025-26,13,129,214572,566
2025-26,14,139,214572,566
2025-26,15,149,214572,566
2025-26,16,158,214572,566
2025-26,17,169,214572,566
2025-26,18,175,214572,566
2025-26,19,182,214572,566
2025-26,20,199,214572,566
2025-26,21,202,214572,566
2025-26,22,219,214572,566
2025-26,23,224,214572,566
2025-26,24,239,214572,566
2025-26,1,5,214590,610
2025-26,2,20,214590,610
2025-26,3,27,214590,610
2025-26,4,40,214590,610
2025-26,5,49,214590,610
2025-26,6,55,214590,610
2025-26,7,61,214590,610
2025-26,8,80,214590,610
2025-26,9,87,214590,610
2025-26,10,100,214590,610
2025-26,11,110,214590,610
2025-26,12,112,214590,610
2025-26,13,130,214590,610
2025-26,14,138,214590,610
2025-26,15,143,214590,610
2025-26,16,160,214590,610
2025-26,17,167,214590,610
2025-26,18,180,214590,610
2025-26,19,190,214590,610
2025-26,20,200,214590,610
2025-26,21,210,214590,610
2025-26,22,219,214590,610
2025-26,23,230,214590,610
2025-26,24,233,214590,610
2025-26,1,8,215059,220
2025-26,2,20,215059,220
2025-26,3,23,215059,220
2025-26,4,33,215059,220
2025-26,5,47,215059,220
2025-26,6,53,215059,220
2025-26,7,65,215059,220
2025-26,8,77,215059,220
2025-26,9,85,215059,220
2025-26,10,99,215059,220
2025-26,11,103,215059,220
2025-26,12,114,215059,220
2025-26,13,123,215059,220
2025-26,14,136,215059,220
2025-26,15,142,215059,220
2025-26,16,154,215059,220
2025-26,17,168,215059,220
2025-26,18,174,215059,220
2025-26,19,184,215059,220
2025-26,20,197,215059,220
2025-26,21,207,215059,220
2025-26,22,213,215059,220
2025-26,23,225,215059,220
2025-26,24,233,215059,220
2025-26,1,4,215136,508
2025-26,2,15,215136,508
2025-26,3,27,215136,508
2025-26,4,31,215136,508
2025-26,5,44,215136,508
2025-26,6,59,215136,508
2025-26,7,69,215136,508
2025-26,8,77,215136,508
2025-26,9,83,215136,508
2025-26,10,97,215136,508
2025-26,11,107,215136,508
2025-26,12,117,215136,508
2025-26,13,127,215136,508
2025-26,14,140,215136,508
2025-26,15,144,215136,508
2025-26,16,158,215136,508
2025-26,17,165,215136,508
2025-26,18,178,215136,508
2025-26,19,188,215136,508
2025-26,20,191,215136,508
2025-26,21,210,215136,508
2025-26,22,217,215136,508
2025-26,23,223,215136,508
2025-26,24,237,215136,508
2025-26,1,4,215379,517
2025-26,2,15,215379,517
2025-26,3,27,215379,517
2025-26,4,31,215379,517
2025-26,5,44,215379,517
2025-26,6,59,215379,517
2025-26,7,69,215379,517
2025-26,8,77,215379,517
2025-26,9,83,215379,517
2025-26,10,97,215379,517
2025-26,11,107,215379,517
2025-26,12,117,215379,517
2025-26,13,127,215379,517
2025-26,14,140,215379,517
2025-26,15,144,215379,517
2025-26,16,158,215379,517
2025-26,17,165,215379,517
2025-26,18,178,215379,517
2025-26,19,188,215379,517
2025-26,20,191,215379,517
2025-26,21,210,215379,517
2025-26,22,217,215379,517
2025-26,23,223,215379,517
2025-26,24,237,215379,517
2025-26,1,10,215413,242
2025-26,2,16,215413,242
2025-26,3,30,215413,242
2025-26,4,36,215413,242
2025-26,5,46,215413,242
2025-26,6,55,215413,242
2025-26,7,66,215413,242
2025-26,8,76,215413,242
2025-26,9,86,215413,242
2025-26,10,98,215413,242
2025-26,11,105,215413,242
2025-26,12,118,215413,242
2025-26,13,125,215413,242
2025-26,14,132,215413,242
2025-26,15,144,215413,242
2025-26,16,154,215413,242
2025-26,17,164,215413,242
2025-26,18,173,215413,242
2025-26,19,188,215413,242
2025-26,20,194,215413,242
2025-26,21,206,215413,242
2025-26,22,211,215413,242
2025-26,23,226,215413,242
2025-26,24,232,215413,242
2025-26,1,5,215439,613
2025-26,2,20,215439,613
2025-26,3,27,215439,613
2025-26,4,40,215439,613
2025-26,5,49,215439,613
2025-26,6,55,215439,613
2025-26,7,61,215439,613
2025-26,8,80,215439,613
2025-26,9,87,215439,613
2025-26,10,100,215439,613
2025-26,11,110,215439,613
2025-26,12,112,215439,613
2025-26,13,130,215439,613
2025-26,14,138,215439,613
2025-26,15,143,215439,613
2025-26,16,160,215439,613
2025-26,17,167,215439,613
2025-26,18,180,215439,613
2025-26,19,190,215439,613
2025-26,20,200,215439,613
2025-26,21,210,215439,613
2025-26,22,219,215439,613
2025-26,23,230,215439,613
2025-26,24,233,215439,613
2025-26,1,5,215460,550
2025-26,2,14,215460,550
2025-26,3,28,215460,550
2025-26,4,35,215460,550
2025-26,5,48,215460,550
2025-26,6,59,215460,550
2025-26,7,68,215460,550
2025-26,8,78,215460,550
2025-26,9,85,215460,550
2025-26,10,98,215460,550
2025-26,11,108,215460,550
2025-26,12,115,215460,550
2025-26,13,128,215460,550
2025-26,14,137,215460,550
2025-26,15,147,215460,550
2025-26,16,159,215460,550
2025-26,17,163,215460,550
2025-26,18,179,215460,550
2025-26,19,189,215460,550
2025-26,20,199,215460,550
2025-26,21,203,215460,550
2025-26,22,218,215460,550
2025-26,23,230,215460,550
2025-26,24,238,215460,550
2025-26,1,2,215711,49
2025-26,2,13,215711,49
2025-26,3,21,215711,49
2025-26,4,36,215711,49
2025-26,5,48,215711,49
2025-26,6,51,215711,49
2025-26,7,62,215711,49
2025-26,8,79,215711,49
2025-26,9,82,215711,49
2025-26,10,95,215711,49
2025-26,11,101,215711,49
2025-26,12,116,215711,49
2025-26,13,121,215711,49
2025-26,14,133,215711,49
2025-26,15,141,215711,49
2025-26,16,160,215711,49
2025-26,17,161,215711,49
2025-26,18,174,215711,49
2025-26,19,181,215711,49
2025-26,20,191,215711,49
2025-26,21,205,215711,49
2025-26,22,211,215711,49
2025-26,23,229,215711,49
2025-26,24,231,215711,49
2025-26,1,9,216051,440
2025-26,2,17,216051,440
2025-26,3,26,216051,440
2025-26,4,38,216051,440
2025-26,5,47,216051,440
2025-26,6,52,216051,440
2025-26,7,68,216051,440
2025-26,8,75,216051,440
2025-26,9,88,216051,440
2025-26,10,97,216051,440
2025-26,11,109,216051,440
2025-26,12,118,216051,440
2025-26,13,124,216051,440
2025-26,14,138,216051,440
2025-26,15,150,216051,440
2025-26,16,157,216051,440
2025-26,17,161,216051,440
2025-26,18,177,216051,440
2025-26,19,187,216051,440
2025-26,20,196,216051,440
2025-26,21,204,216051,440
2025-26,22,216,216051,440
2025-26,23,221,216051,440
2025-26,24,236,216051,440
2025-26,4,34,216055,722
2025-26,5,44,216055,722
2025-26,6,57,216055,722
2025-26,7,62,216055,722
2025-26,8,72,216055,722
2025-26,9,90,216055,722
2025-26,10,92,216055,722
2025-26,11,110,216055,722
2025-26,12,114,216055,722
2025-26,13,122,216055,722
2025-26,14,134,216055,722
2025-26,15,148,216055,722
2025-26,16,153,216055,722
2025-26,17,162,216055,722
2025-26,18,173,216055,722
2025-26,19,183,216055,722
2025-26,20,193,216055,722
2025-26,21,204,216055,722
2025-26,22,215,216055,722
2025-26,23,224,216055,722
2025-26,24,238,216055,722
2025-26,1,1,216094,370
2025-26,2,19,216094,370
2025-26,3,25,216094,370
2025-26,4,34,216094,370
2025-26,5,46,216094,370
2025-26,6,54,216094,370
2025-26,7,65,216094,370
2025-26,8,75,216094,370
2025-26,9,84,216094,370
2025-26,10,95,216094,370
2025-26,11,106,216094,370
2025-26,12,117,216094,370
2025-26,13,130,216094,370
2025-26,14,137,216094,370
2025-26,15,146,216094,370
2025-26,16,156,216094,370
2025-26,17,169,216094,370
2025-26,18,176,216094,370
2025-26,19,186,216094,370
2025-26,20,195,216094,370
2025-26,21,201,216094,370
2025-26,22,215,216094,370
2025-26,23,222,216094,370
2025-26,24,235,216094,370
2025-26,1,4,216646,135
2025-26,2,13,216646,135
2025-26,3,28,216646,135
2025-26,4,39,216646,135
2025-26,5,42,216646,135
2025-26,6,58,216646,135
2025-26,7,69,216646,135
2025-26,8,71,216646,135
2025-26,9,89,216646,135
2025-26,10,100,216646,135
2025-26,11,102,216646,135
2025-26,12,119,216646,135
2025-26,13,125,216646,135
2025-26,14,139,216646,135
2025-26,15,148,216646,135
2025-26,16,159,216646,135
2025-26,17,168,216646,135
2025-26,18,177,216646,135
2025-26,19,183,216646,135
2025-26,20,198,216646,135
2025-26,21,209,216646,135
2025-26,22,220,216646,135
2025-26,23,229,216646,135
2025-26,24,235,216646,135
2025-26,4,37,218328,727
2025-26,5,45,218328,727
2025-26,6,51,218328,727
2025-26,7,63,218328,727
2025-26,8,74,218328,727
2025-26,9,89,218328,727
2025-26,10,94,218328,727
2025-26,11,105,218328,727
2025-26,12,115,218328,727
2025-26,13,129,218328,727
2025-26,14,135,218328,727
2025-26,15,145,218328,727
2025-26,16,153,218328,727
2025-26,17,165,218328,727
2025-26,18,180,218328,727
2025-26,19,185,218328,727
2025-26,20,195,218328,727
2025-26,21,207,218328,727
2025-26,22,214,218328,727
2025-26,23,227,218328,727
2025-26,24,236,218328,727
2025-26,1,8,218364,259
2025-26,2,15,218364,259
2025-26,3,21,218364,259
2025-26,4,35,218364,259
2025-26,5,49,218364,259
2025-26,6,54,218364,259
2025-26,7,66,218364,259
2025-26,8,73,218364,259
2025-26,9,81,218364,259
2025-26,10,93,218364,259
2025-26,11,104,218364,259
2025-26,12,120,218364,259
2025-26,13,124,218364,259
2025-26,14,134,218364,259
2025-26,15,145,218364,259
2025-26,16,155,218364,259
2025-26,17,166,218364,259
2025-26,18,175,218364,259
2025-26,19,185,218364,259
2025-26,20,198,218364,259
2025-26,21,205,218364,259
2025-26,22,218,218364,259
2025-26,23,225,218364,259
2025-26,24,237,218364,259
2025-26,1,2,219168,499
2025-26,2,19,219168,499
2025-26,3,24,219168,499
2025-26,4,34,219168,499
2025-26,5,46,219168,499
2025-26,6,54,219168,499
2025-26,7,65,219168,499
2025-26,8,75,219168,499
2025-26,9,84,219168,499
2025-26,10,95,219168,499
2025-26,11,106,219168,499
2025-26,12,117,219168,499
2025-26,13,130,219168,499
2025-26,14,137,219168,499
2025-26,15,146,219168,499
2025-26,16,156,219168,499
2025-26,17,169,219168,499
2025-26,18,176,219168,499
2025-26,19,186,219168,499
2025-26,20,195,219168,499
2025-26,21,201,219168,499
2025-26,22,215,219168,499
2025-26,23,222,219168,499
2025-26,24,235,219168,499
2025-26,1,3,219249,164
2025-26,2,16,219249,164
2025-26,3,22,219249,164
2025-26,4,32,219249,164
2025-26,5,43,219249,164
2025-26,6,53,219249,164
2025-26,7,70,219249,164
2025-26,8,71,219249,164
2025-26,9,88,219249,164
2025-26,10,91,219249,164
2025-26,11,104,219249,164
2025-26,12,113,219249,164
2025-26,13,127,219249,164
2025-26,14,133,219249,164
2025-26,15,143,219249,164
2025-26,16,156,219249,164
2025-26,17,163,219249,164
2025-26,18,171,219249,164
2025-26,19,190,219249,164
2025-26,20,193,219249,164
2025-26,21,208,219249,164
2025-26,22,212,219249,164
2025-26,23,227,219249,164
2025-26,24,232,219249,164
2025-26,1,9,219847,30
2025-26,2,11,219847,30
2025-26,3,25,219847,30
2025-26,4,31,219847,30
2025-26,5,41,219847,30
2025-26,6,58,219847,30
2025-26,7,61,219847,30
2025-26,8,74,219847,30
2025-26,9,81,219847,30
2025-26,10,92,219847,30
2025-26,11,108,219847,30
2025-26,12,111,219847,30
2025-26,13,123,219847,30
2025-26,14,131,219847,30
2025-26,15,141,219847,30
2025-26,16,151,219847,30
2025-26,17,164,219847,30
2025-26,18,171,219847,30
2025-26,19,181,219847,30
2025-26,20,192,219847,30
2025-26,21,201,219847,30
2025-26,22,217,219847,30
2025-26,23,221,219847,30
2025-26,24,234,219847,30
2025-26,1,3,219924,320
2025-26,2,17,219924,320
2025-26,3,23,219924,320
2025-26,4,37,219924,320
2025-26,5,45,219924,320
2025-26,6,51,219924,320
2025-26,7,63,219924,320
2025-26,8,74,219924,320
2025-26,9,89,219924,320
2025-26,10,94,219924,320
2025-26,11,105,219924,320
2025-26,12,115,219924,320
2025-26,13,129,219924,320
2025-26,14,135,219924,320
2025-26,15,145,219924,320
2025-26,16,153,219924,320
2025-26,17,165,219924,320
2025-26,18,180,219924,320
2025-26,19,185,219924,320
2025-26,20,195,219924,320
2025-26,21,207,219924,320
2025-26,22,214,219924,320
2025-26,23,227,219924,320
2025-26,24,236,219924,320
2025-26,1,1,219937,379
2025-26,2,19,219937,379
2025-26,3,25,219937,379
2025-26,4,34,219937,379
2025-26,5,46,219937,379
2025-26,6,54,219937,379
2025-26,7,65,219937,379
2025-26,8,75,219937,379
2025-26,9,84,219937,379
2025-26,10,95,219937,379
2025-26,11,106,219937,379
2025-26,12,117,219937,379
2025-26,13,130,219937,379
2025-26,14,137,219937,379
2025-26,15,146,219937,379
2025-26,16,156,219937,379
2025-26,17,169,219937,379
2025-26,18,176,219937,379
2025-26,19,186,219937,379
2025-26,20,195,219937,379
2025-26,21,201,219937,379
2025-26,22,215,219937,379
2025-26,23,222,219937,379
2025-26,24,235,219937,379
2025-26,1,2,220237,475
2025-26,2,19,220237,475
2025-26,3,24,220237,475
2025-26,4,39,220237,475
2025-26,5,42,220237,475
2025-26,6,58,220237,475
2025-26,7,69,220237,475
2025-26,8,71,220237,475
2025-26,9,89,220237,475
2025-26,10,100,220237,475
2025-26,11,102,220237,475
2025-26,12,119,220237,475
2025-26,13,125,220237,475
2025-26,14,139,220237,475
2025-26,15,148,220237,475
2025-26,16,159,220237,475
2025-26,17,168,220237,475
2025-26,18,177,220237,475
2025-26,19,183,220237,475
2025-26,20,198,220237,475
2025-26,21,209,220237,475
2025-26,22,220,220237,475
2025-26,23,229,220237,475
2025-26,24,235,220237,475
2025-26,1,7,220566,421
2025-26,2,18,220566,421
2025-26,3,22,220566,421
2025-26,4,38,220566,421
2025-26,5,41,220566,421
2025-26,6,57,220566,421
2025-26,7,64,220566,421
2025-26,8,76,220566,421
2025-26,9,82,220566,421
2025-26,10,96,220566,421
2025-26,11,106,220566,421
2025-26,12,119,220566,421
2025-26,13,126,220566,421
2025-26,14,135,220566,421
2025-26,15,147,220566,421
2025-26,16,155,220566,421
2025-26,17,167,220566,421
2025-26,18,178,220566,421
2025-26,19,189,220566,421
2025-26,20,197,220566,421
2025-26,21,208,220566,421
2025-26,22,216,220566,421
2025-26,23,228,220566,421
2025-26,24,239,220566,421
2025-26,1,6,220598,219
2025-26,2,14,220598,219
2025-26,3,26,220598,219
2025-26,4,34,220598,219
2025-26,5,44,220598,219
2025-26,6,57,220598,219
2025-26,7,62,220598,219
2025-26,8,72,220598,219
2025-26,9,90,220598,219
2025-26,10,92,220598,219
2025-26,11,110,220598,219
2025-26,12,114,220598,219
2025-26,13,122,220598,219
2025-26,14,134,220598,219
2025-26,15,148,220598,219
2025-26,16,153,220598,219
2025-26,17,162,220598,219
2025-26,18,173,220598,219
2025-26,19,183,220598,219
2025-26,20,193,220598,219
2025-26,21,204,220598,219
2025-26,22,215,220598,219
2025-26,23,224,220598,219
2025-26,24,238,220598,219
2025-26,3,24,220627,706
2025-26,4,37,220627,706
2025-26,5,50,220627,706
2025-26,6,56,220627,706
2025-26,7,67,220627,706
2025-26,8,72,220627,706
2025-26,9,87,220627,706
2025-26,10,91,220627,706
2025-26,11,107,220627,706
2025-26,12,116,220627,706
2025-26,13,126,220627,706
2025-26,14,136,220627,706
2025-26,15,146,220627,706
2025-26,16,152,220627,706
2025-26,17,166,220627,706
2025-26,18,179,220627,706
2025-26,19,186,220627,706
2025-26,20,196,220627,706
2025-26,21,209,220627,706
2025-26,22,214,220627,706
2025-26,23,226,220627,706
2025-26,24,234,220627,706
2025-26,1,5,220684,533
2025-26,2,14,220684,533
2025-26,3,28,220684,533
2025-26,4,35,220684,533
2025-26,5,48,220684,533
2025-26,6,59,220684,533
2025-26,7,68,220684,533
2025-26,8,78,220684,533
2025-26,9,85,220684,533
2025-26,10,98,220684,533
2025-26,11,108,220684,533
2025-26,12,115,220684,533
2025-26,13,128,220684,533
2025-26,14,137,220684,533
2025-26,15,147,220684,533
2025-26,16,159,220684,533
2025-26,17,163,220684,533
2025-26,18,179,220684,533
2025-26,19,189,220684,533
2025-26,20,199,220684,533
2025-26,21,203,220684,533
2025-26,22,218,220684,533
2025-26,23,230,220684,533
2025-26,24,238,220684,533
2025-26,1,4,220695,132
2025-26,2,13,220695,132
2025-26,3,28,220695,132
2025-26,4,33,220695,132
2025-26,5,45,220695,132
2025-26,6,52,220695,132
2025-26,7,64,220695,132
2025-26,8,80,220695,132
2025-26,9,84,220695,132
2025-26,10,93,220695,132
2025-26,11,102,220695,132
2025-26,12,113,220695,132
2025-26,13,122,220695,132
2025-26,14,131,220695,132
2025-26,15,149,220695,132
2025-26,16,152,220695,132
2025-26,17,170,220695,132
2025-26,18,172,220695,132
2025-26,19,182,220695,132
2025-26,20,194,220695,132
2025-26,21,203,220695,132
2025-26,22,213,220695,132
2025-26,23,223,220695,132
2025-26,24,231,220695,132
2025-26,4,31,221389,715
2025-26,5,44,221389,715
2025-26,6,59,221389,715
2025-26,7,69,221389,715
2025-26,8,77,221389,715
2025-26,9,83,221389,715
2025-26,10,97,221389,715
2025-26,11,107,221389,715
2025-26,12,117,221389,715
2025-26,13,127,221389,715
2025-26,14,140,221389,715
2025-26,15,144,221389,715
2025-26,16,158,221389,715
2025-26,17,165,221389,715
2025-26,18,178,221389,715
2025-26,19,188,221389,715
2025-26,20,191,221389,715
2025-26,21,210,221389,715
2025-26,22,217,221389,715
2025-26,23,223,221389,715
2025-26,24,237,221389,715
2025-26,1,10,221399,352
2025-26,2,11,221399,352
2025-26,3,24,221399,352
2025-26,4,37,221399,352
2025-26,5,50,221399,352
2025-26,6,56,221399,352
2025-26,7,67,221399,352
2025-26,8,72,221399,352
2025-26,9,87,221399,352
2025-26,10,91,221399,352
2025-26,11,107,221399,352
2025-26,12,116,221399,352
2025-26,13,126,221399,352
2025-26,14,136,221399,352
2025-26,15,146,221399,352
2025-26,16,152,221399,352
2025-26,17,166,221399,352
2025-26,18,179,221399,352
2025-26,19,186,221399,352
2025-26,20,196,221399,352
2025-26,21,209,221399,352
2025-26,22,214,221399,352
2025-26,23,226,221399,352
2025-26,24,234,221399,352
2025-26,1,1,221466,72
2025-26,2,12,221466,72
2025-26,3,29,221466,72
2025-26,4,32,221466,72
2025-26,5,42,221466,72
2025-26,6,56,221466,72
2025-26,7,63,221466,72
2025-26,8,73,221466,72
2025-26,9,83,221466,72
2025-26,10,96,221466,72
2025-26,11,101,221466,72
2025-26,12,112,221466,72
2025-26,13,128,221466,72
2025-26,14,132,221466,72
2025-26,15,142,221466,72
2025-26,16,157,221466,72
2025-26,17,162,221466,72
2025-26,18,172,221466,72
2025-26,19,184,221466,72
2025-26,20,192,221466,72
2025-26,21,202,221466,72
2025-26,22,212,221466,72
2025-26,23,222,221466,72
2025-26,24,240,221466,72
2025-26,1,6,221632,569
2025-26,2,18,221632,569
2025-26,3,29,221632,569
2025-26,4,40,221632,569
2025-26,5,43,221632,569
2025-26,6,60,221632,569
2025-26,7,67,221632,569
2025-26,8,79,221632,569
2025-26,9,86,221632,569
2025-26,10,99,221632,569
2025-26,11,109,221632,569
2025-26,12,111,221632,569
2025-26,13,129,221632,569
2025-26,14,139,221632,569
2025-26,15,149,221632,569
2025-26,16,158,221632,569
2025-26,17,169,221632,569
2025-26,18,175,221632,569
2025-26,19,182,221632,569
2025-26,20,199,221632,569
2025-26,21,202,221632,569
2025-26,22,219,221632,569
2025-26,23,224,221632,569
2025-26,24,239,221632,569
2025-26,1,9,221820,437
2025-26,2,17,221820,437
2025-26,3,26,221820,437
2025-26,4,38,221820,437
2025-26,5,47,221820,437
2025-26,6,52,221820,437
2025-26,7,68,221820,437
2025-26,8,75,221820,437
2025-26,9,88,221820,437
2025-26,10,97,221820,437
2025-26,11,109,221820,437
2025-26,12,118,221820,437
2025-26,13,124,221820,437
2025-26,14,138,221820,437
2025-26,15,150,221820,437
2025-26,16,157,221820,437
2025-26,17,161,221820,437
2025-26,18,177,221820,437
2025-26,19,187,221820,437
2025-26,20,196,221820,437
2025-26,21,204,221820,437
2025-26,22,216,221820,437
2025-26,23,221,221820,437
2025-26,24,236,221820,437
2025-26,1,4,222531,515
2025-26,2,15,222531,515
2025-26,3,27,222531,515
2025-26,4,31,222531,515
2025-26,5,44,222531,515
2025-26,6,59,222531,515
2025-26,7,69,222531,515
2025-26,8,77,222531,515
2025-26,9,83,222531,515
2025-26,10,97,222531,515
2025-26,11,107,222531,515
2025-26,12,117,222531,515
2025-26,13,127,222531,515
2025-26,14,140,222531,515
2025-26,15,144,222531,515
2025-26,16,158,222531,515
2025-26,17,165,222531,515
2025-26,18,178,222531,515
2025-26,19,188,222531,515
2025-26,20,191,222531,515
2025-26,21,210,222531,515
2025-26,22,217,222531,515
2025-26,23,223,222531,515
2025-26,24,237,222531,515
2025-26,1,1,222683,81
2025-26,2,12,222683,81
2025-26,3,29,222683,81
2025-26,4,32,222683,81
2025-26,5,42,222683,81
2025-26,6,56,222683,81
2025-26,7,63,222683,81
2025-26,8,73,222683,81
2025-26,9,83,222683,81
2025-26,10,96,222683,81
2025-26,11,101,222683,81
2025-26,12,112,222683,81
2025-26,13,128,222683,81
2025-26,14,132,222683,81
2025-26,15,142,222683,81
2025-26,16,157,222683,81
2025-26,17,162,222683,81
2025-26,18,172,222683,81
2025-26,19,184,222683,81
2025-26,20,192,222683,81
2025-26,21,202,222683,81
2025-26,22,212,222683,81
2025-26,23,222,222683,81
2025-26,24,240,222683,81
2025-26,1,9,222690,448
2025-26,2,17,222690,448
2025-26,3,26,222690,448
2025-26,4,38,222690,448
2025-26,5,47,222690,448
2025-26,6,52,222690,448
2025-26,7,68,222690,448
2025-26,8,75,222690,448
2025-26,9,88,222690,448
2025-26,10,97,222690,448
2025-26,11,109,222690,448
2025-26,12,118,222690,448
2025-26,13,124,222690,448
2025-26,14,138,222690,448
2025-26,15,150,222690,448
2025-26,16,157,222690,448
2025-26,17,161,222690,448
2025-26,18,177,222690,448
2025-26,19,187,222690,448
2025-26,20,196,222690,448
2025-26,21,204,222690,448
2025-26,22,216,222690,448
2025-26,23,221,222690,448
2025-26,24,236,222690,448
2025-26,1,10,222694,343
2025-26,2,11,222694,343
2025-26,3,24,222694,343
2025-26,4,37,222694,343
2025-26,5,50,222694,343
2025-26,6,56,222694,343
2025-26,7,67,222694,343
2025-26,8,72,222694,343
2025-26,9,87,222694,343
2025-26,10,91,222694,343
2025-26,11,107,222694,343
2025-26,12,116,222694,343
2025-26,13,126,222694,343
2025-26,14,136,222694,343
2025-26,15,146,222694,343
2025-26,16,152,222694,343
2025-26,17,166,222694,343
2025-26,18,179,222694,343
2025-26,19,186,222694,343
2025-26,20,196,222694,343
2025-26,21,209,222694,343
2025-26,22,214,222694,343
2025-26,23,226,222694,343
2025-26,24,234,222694,343
2025-26,1,7,223094,430
2025-26,2,18,223094,430
2025-26,3,22,223094,430
2025-26,4,38,223094,430
2025-26,5,41,223094,430
2025-26,6,57,223094,430
2025-26,7,64,223094,430
2025-26,8,76,223094,430
2025-26,9,82,223094,430
2025-26,10,96,223094,430
2025-26,11,106,223094,430
2025-26,12,119,223094,430
2025-26,13,126,223094,430
2025-26,14,135,223094,430
2025-26,15,147,223094,430
2025-26,16,155,223094,430
2025-26,17,167,223094,430
2025-26,18,178,223094,430
2025-26,19,189,223094,430
2025-26,20,197,223094,430
2025-26,21,208,223094,430
2025-26,22,216,223094,430
2025-26,23,228,223094,430
2025-26,24,239,223094,430
2025-26,1,5,223336,549
2025-26,2,14,223336,549
2025-26,3,28,223336,549
2025-26,4,35,223336,549
2025-26,5,48,223336,549
2025-26,6,59,223336,549
2025-26,7,68,223336,549
2025-26,8,78,223336,549
2025-26,9,85,223336,549
2025-26,10,98,223336,549
2025-26,11,108,223336,549
2025-26,12,115,223336,549
2025-26,13,128,223336,549
2025-26,14,137,223336,549
2025-26,15,147,223336,549
2025-26,16,159,223336,549
2025-26,17,163,223336,549
2025-26,18,179,223336,549
2025-26,19,189,223336,549
2025-26,20,199,223336,549
2025-26,21,203,223336,549
2025-26,22,218,223336,549
2025-26,23,230,223336,549
2025-26,24,238,223336,549
2025-26,1,9,223340,16
2025-26,2,11,223340,16
2025-26,3,25,223340,16
2025-26,4,31,223340,16
2025-26,5,41,223340,16
2025-26,6,58,223340,16
2025-26,7,61,223340,16
2025-26,8,74,223340,16
2025-26,9,81,223340,16
2025-26,10,92,223340,16
2025-26,11,108,223340,16
2025-26,12,111,223340,16
2025-26,13,123,223340,16
2025-26,14,131,223340,16
2025-26,15,141,223340,16
2025-26,16,151,223340,16
2025-26,17,164,223340,16
2025-26,18,171,223340,16
2025-26,19,181,223340,16
2025-26,20,192,223340,16
2025-26,21,201,223340,16
2025-26,22,217,223340,16
2025-26,23,221,223340,16
2025-26,24,234,223340,16
2025-26,1,3,223434,149
2025-26,2,16,223434,149
2025-26,3,22,223434,149
2025-26,4,40,223434,149
2025-26,5,49,223434,149
2025-26,6,55,223434,149
2025-26,7,61,223434,149
2025-26,8,80,223434,149
2025-26,9,87,223434,149
2025-26,10,100,223434,149
2025-26,11,110,223434,149
2025-26,12,112,223434,149
2025-26,13,130,223434,149
2025-26,14,138,223434,149
2025-26,15,143,223434,149
2025-26,16,160,223434,149
2025-26,17,167,223434,149
2025-26,18,180,223434,149
2025-26,19,190,223434,149
2025-26,20,200,223434,149
2025-26,21,210,223434,149
2025-26,22,219,223434,149
2025-26,23,230,223434,149
2025-26,24,232,223434,149
2025-26,1,1,223541,385
2025-26,2,19,223541,385
2025-26,3,25,223541,385
2025-26,4,34,223541,385
2025-26,5,46,223541,385
2025-26,6,54,223541,385
2025-26,7,65,223541,385
2025-26,8,75,223541,385
2025-26,9,84,223541,385
2025-26,10,95,223541,385
2025-26,11,106,223541,385
2025-26,12,117,223541,385
2025-26,13,130,223541,385
2025-26,14,137,223541,385
2025-26,15,146,223541,385
2025-26,16,156,223541,385
2025-26,17,169,223541,385
2025-26,18,176,223541,385
2025-26,19,186,223541,385
2025-26,20,195,223541,385
2025-26,21,201,223541,385
2025-26,22,215,223541,385
2025-26,23,222,223541,385
2025-26,24,235,223541,385
2025-26,1,5,223827,531
2025-26,2,14,223827,531
2025-26,3,28,223827,531
2025-26,4,35,223827,531
2025-26,5,48,223827,531
2025-26,6,59,223827,531
2025-26,7,68,223827,531
2025-26,8,78,223827,531
2025-26,9,85,223827,531
2025-26,10,98,223827,531
2025-26,11,108,223827,531
2025-26,12,115,223827,531
2025-26,13,128,223827,531
2025-26,14,137,223827,531
2025-26,15,147,223827,531
2025-26,16,159,223827,531
2025-26,17,163,223827,531
2025-26,18,179,223827,531
2025-26,19,189,223827,531
2025-26,20,199,223827,531
2025-26,21,203,223827,531
2025-26,22,218,223827,531
2025-26,23,230,223827,531
2025-26,24,238,223827,531
2025-26,1,1,223911,79
2025-26,2,12,223911,79
2025-26,3,29,223911,79
2025-26,4,32,223911,79
2025-26,5,42,223911,79
2025-26,6,56,223911,79
2025-26,7,63,223911,79
2025-26,8,73,223911,79
2025-26,9,83,223911,79
2025-26,10,96,223911,79
2025-26,11,101,223911,79
2025-26,12,112,223911,79
2025-26,13,128,223911,79
2025-26,14,132,223911,79
2025-26,15,142,223911,79
2025-26,16,157,223911,79
2025-26,17,162,223911,79
2025-26,18,172,223911,79
2025-26,19,184,223911,79
2025-26,20,192,223911,79
2025-26,21,202,223911,79
2025-26,22,212,223911,79
2025-26,23,222,223911,79
2025-26,24,240,223911,79
2025-26,1,5,224024,612
2025-26,2,20,224024,612
2025-26,3,27,224024,612
2025-26,4,40,224024,612
2025-26,5,49,224024,612
2025-26,6,55,224024,612
2025-26,7,61,224024,612
2025-26,8,80,224024,612
2025-26,9,87,224024,612
2025-26,10,100,224024,612
2025-26,11,110,224024,612
2025-26,12,112,224024,612
2025-26,13,130,224024,612
2025-26,14,138,224024,612
2025-26,15,143,224024,612
2025-26,16,160,224024,612
2025-26,17,167,224024,612
2025-26,18,180,224024,612
2025-26,19,190,224024,612
2025-26,20,200,224024,612
2025-26,21,210,224024,612
2025-26,22,219,224024,612
2025-26,23,230,224024,612
2025-26,24,233,224024,612
2025-26,1,4,224068,504
2025-26,2,15,224068,504
2025-26,3,27,224068,504
2025-26,4,31,224068,504
2025-26,5,44,224068,504
2025-26,6,59,224068,504
2025-26,7,69,224068,504
2025-26,8,77,224068,504
2025-26,9,83,224068,504
2025-26,10,97,224068,504
2025-26,11,107,224068,504
2025-26,12,117,224068,504
2025-26,13,127,224068,504
2025-26,14,140,224068,504
2025-26,15,144,224068,504
2025-26,16,158,224068,504
2025-26,17,165,224068,504
2025-26,18,178,224068,504
2025-26,19,188,224068,504
2025-26,20,191,224068,504
2025-26,21,210,224068,504
2025-26,22,217,224068,504
2025-26,23,223,224068,504
2025-26,24,237,224068,504
2025-26,1,9,224117,666
2025-26,2,11,224117,666
2025-26,3,25,224117,666
2025-26,4,31,224117,666
2025-26,5,41,224117,666
2025-26,6,58,224117,666
2025-26,7,61,224117,666
2025-26,8,74,224117,666
2025-26,9,81,224117,666
2025-26,10,92,224117,666
2025-26,11,108,224117,666
2025-26,12,111,224117,666
2025-26,13,123,224117,666
2025-26,14,131,224117,666
2025-26,15,141,224117,666
2025-26,16,151,224117,666
2025-26,17,164,224117,666
2025-26,18,171,224117,666
2025-26,19,181,224117,666
2025-26,20,192,224117,666
2025-26,21,201,224117,666
2025-26,22,217,224117,666
2025-26,23,221,224117,666
2025-26,24,234,224117,666
2025-26,1,10,224967,292
2025-26,2,16,224967,292
2025-26,3,30,224967,292
2025-26,4,36,224967,292
2025-26,5,46,224967,292
2025-26,6,55,224967,292
2025-26,7,66,224967,292
2025-26,8,76,224967,292
2025-26,9,86,224967,292
2025-26,10,98,224967,292
2025-26,11,105,224967,292
2025-26,12,118,224967,292
2025-26,13,125,224967,292
2025-26,14,132,224967,292
2025-26,15,144,224967,292
2025-26,16,154,224967,292
2025-26,17,164,224967,292
2025-26,18,173,224967,292
2025-26,19,188,224967,292
2025-26,20,194,224967,292
2025-26,21,206,224967,292
2025-26,22,211,224967,292
2025-26,23,226,224967,292
2025-26,24,232,224967,292
2025-26,1,1,224995,91
2025-26,2,12,224995,91
2025-26,3,29,224995,91
2025-26,4,32,224995,91
2025-26,5,42,224995,91
2025-26,6,56,224995,91
2025-26,7,63,224995,91
2025-26,8,73,224995,91
2025-26,9,83,224995,91
2025-26,10,96,224995,91
2025-26,11,101,224995,91
2025-26,12,112,224995,91
2025-26,13,128,224995,91
2025-26,14,132,224995,91
2025-26,15,142,224995,91
2025-26,16,157,224995,91
2025-26,17,162,224995,91
2025-26,18,172,224995,91
2025-26,19,184,224995,91
2025-26,20,192,224995,91
2025-26,21,202,224995,91
2025-26,22,212,224995,91
2025-26,23,222,224995,91
2025-26,24,240,224995,91
2025-26,1,2,225321,674
2025-26,2,19,225321,674
2025-26,3,24,225321,674
2025-26,4,39,225321,674
2025-26,5,42,225321,674
2025-26,6,58,225321,674
2025-26,7,69,225321,674
2025-26,8,71,225321,674
2025-26,9,89,225321,674
2025-26,10,100,225321,674
2025-26,11,102,225321,674
2025-26,12,119,225321,674
2025-26,13,125,225321,674
2025-26,14,139,225321,674
2025-26,15,148,225321,674
2025-26,16,159,225321,674
2025-26,17,168,225321,674
2025-26,18,177,225321,674
2025-26,19,183,225321,674
2025-26,20,198,225321,674
2025-26,21,209,225321,674
2025-26,22,220,225321,674
2025-26,23,229,225321,674
2025-26,24,235,225321,674
2025-26,1,8,225796,225
2025-26,2,20,225796,225
2025-26,3,23,225796,225
2025-26,4,33,225796,225
2025-26,5,47,225796,225
2025-26,6,53,225796,225
2025-26,7,65,225796,225
2025-26,8,77,225796,225
2025-26,9,85,225796,225
2025-26,10,99,225796,225
2025-26,11,103,225796,225
2025-26,12,114,225796,225
2025-26,13,123,225796,225
2025-26,14,136,225796,225
2025-26,15,142,225796,225
2025-26,16,154,225796,225
2025-26,17,168,225796,225
2025-26,18,174,225796,225
2025-26,19,184,225796,225
2025-26,20,197,225796,225
2025-26,21,207,225796,225
2025-26,22,213,225796,225
2025-26,23,225,225796,225
2025-26,24,233,225796,225
2025-26,1,10,226182,342
2025-26,2,11,226182,342
2025-26,3,24,226182,342
2025-26,4,37,226182,342
2025-26,5,50,226182,342
2025-26,6,56,226182,342
2025-26,7,67,226182,342
2025-26,8,72,226182,342
2025-26,9,87,226182,342
2025-26,10,91,226182,342
2025-26,11,107,226182,342
2025-26,12,116,226182,342
2025-26,13,126,226182,342
2025-26,14,136,226182,342
2025-26,15,146,226182,342
2025-26,16,152,226182,342
2025-26,17,166,226182,342
2025-26,18,179,226182,342
2025-26,19,186,226182,342
2025-26,20,196,226182,342
2025-26,21,209,226182,342
2025-26,22,214,226182,342
2025-26,23,226,226182,342
2025-26,24,234,226182,342
2025-26,1,9,226597,5
2025-26,2,11,226597,5
2025-26,3,25,226597,5
2025-26,4,31,226597,5
2025-26,5,41,226597,5
2025-26,6,58,226597,5
2025-26,7,61,226597,5
2025-26,8,74,226597,5
2025-26,9,81,226597,5
2025-26,10,92,226597,5
2025-26,11,108,226597,5
2025-26,12,111,226597,5
2025-26,13,123,226597,5
2025-26,14,131,226597,5
2025-26,15,141,226597,5
2025-26,16,151,226597,5
2025-26,17,164,226597,5
2025-26,18,171,226597,5
2025-26,19,181,226597,5
2025-26,20,192,226597,5
2025-26,21,201,226597,5
2025-26,22,217,226597,5
2025-26,23,221,226597,5
2025-26,24,234,226597,5
2025-26,1,2,226944,58
2025-26,2,13,226944,58
2025-26,3,21,226944,58
2025-26,4,36,226944,58
2025-26,5,48,226944,58
2025-26,6,51,226944,58
2025-26,7,62,226944,58
2025-26,8,79,226944,58
2025-26,9,82,226944,58
2025-26,10,95,226944,58
2025-26,11,101,226944,58
2025-26,12,116,226944,58
2025-26,13,121,226944,58
2025-26,14,133,226944,58
2025-26,15,141,226944,58
2025-26,16,160,226944,58
2025-26,17,161,226944,58
2025-26,18,174,226944,58
2025-26,19,181,226944,58
2025-26,20,191,226944,58
2025-26,21,205,226944,58
2025-26,22,211,226944,58
2025-26,23,229,226944,58
2025-26,24,231,226944,58
2025-26,1,4,226956,112
2025-26,2,13,226956,112
2025-26,3,28,226956,112
2025-26,4,33,226956,112
2025-26,5,45,226956,112
2025-26,6,52,226956,112
2025-26,7,64,226956,112
2025-26,8,80,226956,112
2025-26,9,84,226956,112
2025-26,10,93,226956,112
2025-26,11,102,226956,112
2025-26,12,113,226956,112
2025-26,13,122,226956,112
2025-26,14,131,226956,112
2025-26,15,149,226956,112
2025-26,16,152,226956,112
2025-26,17,170,226956,112
2025-26,18,172,226956,112
2025-26,19,182,226956,112
2025-26,20,194,226956,112
2025-26,21,203,226956,112
2025-26,22,213,226956,112
2025-26,23,223,226956,112
2025-26,24,231,226956,112
2025-26,1,6,227127,587
2025-26,2,18,227127,587
2025-26,3,29,227127,587
2025-26,4,40,227127,587
2025-26,5,43,227127,587
2025-26,6,60,227127,587
2025-26,7,67,227127,587
2025-26,8,79,227127,587
2025-26,9,86,227127,587
2025-26,10,99,227127,587
2025-26,11,109,227127,587
2025-26,12,111,227127,587
2025-26,13,129,227127,587
2025-26,14,139,227127,587
2025-26,15,149,227127,587
2025-26,16,158,227127,587
2025-26,17,169,227127,587
2025-26,18,175,227127,587
2025-26,19,182,227127,587
2025-26,20,199,227127,587
2025-26,21,202,227127,587
2025-26,22,219,227127,587
2025-26,23,224,227127,587
2025-26,24,239,227127,587
2025-26,1,4,227444,505
2025-26,2,15,227444,505
2025-26,3,27,227444,505
2025-26,4,31,227444,505
2025-26,5,44,227444,505
2025-26,6,59,227444,505
2025-26,7,69,227444,505
2025-26,8,77,227444,505
2025-26,9,83,227444,505
2025-26,10,97,227444,505
2025-26,11,107,227444,505
2025-26,12,117,227444,505
2025-26,13,127,227444,505
2025-26,14,140,227444,505
2025-26,15,144,227444,505
2025-26,16,158,227444,505
2025-26,17,165,227444,505
2025-26,18,178,227444,505
2025-26,19,188,227444,505
2025-26,20,191,227444,505
2025-26,21,210,227444,505
2025-26,22,217,227444,505
2025-26,23,223,227444,505
2025-26,24,237,227444,505
2025-26,1,5,229384,621
2025-26,2,20,229384,621
2025-26,3,27,229384,621
2025-26,4,40,229384,621
2025-26,5,49,229384,621
2025-26,6,55,229384,621
2025-26,7,61,229384,621
2025-26,8,80,229384,621
2025-26,9,87,229384,621
2025-26,10,100,229384,621
2025-26,11,110,229384,621
2025-26,12,112,229384,621
2025-26,13,130,229384,621
2025-26,14,138,229384,621
2025-26,15,143,229384,621
2025-26,16,160,229384,621
2025-26,17,167,229384,621
2025-26,18,180,229384,621
2025-26,19,190,229384,621
2025-26,20,200,229384,621
2025-26,21,210,229384,621
2025-26,22,219,229384,621
2025-26,23,230,229384,621
2025-26,24,233,229384,621
2025-26,1,10,229600,288
2025-26,2,16,229600,288
2025-26,3,30,229600,288
2025-26,4,36,229600,288
2025-26,5,46,229600,288
2025-26,6,55,229600,288
2025-26,7,66,229600,288
2025-26,8,76,229600,288
2025-26,9,86,229600,288
2025-26,10,98,229600,288
2025-26,11,105,229600,288
2025-26,12,118,229600,288
2025-26,13,125,229600,288
2025-26,14,132,229600,288
2025-26,15,144,229600,288
2025-26,16,154,229600,288
2025-26,17,164,229600,288
2025-26,18,173,229600,288
2025-26,19,188,229600,288
2025-26,20,194,229600,288
2025-26,21,206,229600,288
2025-26,22,211,229600,288
2025-26,23,226,229600,288
2025-26,24,232,229600,288
2025-26,1,9,230001,438
2025-26,2,17,230001,438
2025-26,3,26,230001,438
2025-26,4,38,230001,438
2025-26,5,47,230001,438
2025-26,6,52,230001,438
2025-26,7,68,230001,438
2025-26,8,75,230001,438
2025-26,9,88,230001,438
2025-26,10,97,230001,438
2025-26,11,109,230001,438
2025-26,12,118,230001,438
2025-26,13,124,230001,438
2025-26,14,138,230001,438
2025-26,15,150,230001,438
2025-26,16,157,230001,438
2025-26,17,161,230001,438
2025-26,18,177,230001,438
2025-26,19,187,230001,438
2025-26,20,196,230001,438
2025-26,21,204,230001,438
2025-26,22,216,230001,438
2025-26,23,221,230001,438
2025-26,24,236,230001,438
2025-26,2,15,230046,699
2025-26,3,27,230046,699
2025-26,4,31,230046,699
2025-26,5,44,230046,699
2025-26,6,59,230046,699
2025-26,7,69,230046,699
2025-26,8,77,230046,699
2025-26,9,83,230046,699
2025-26,10,97,230046,699
2025-26,11,107,230046,699
2025-26,12,117,230046,699
2025-26,13,127,230046,699
2025-26,14,140,230046,699
2025-26,15,144,230046,699
2025-26,16,158,230046,699
2025-26,17,165,230046,699
2025-26,18,178,230046,699
2025-26,19,188,230046,699
2025-26,20,191,230046,699
2025-26,21,210,230046,699
2025-26,22,217,230046,699
2025-26,23,223,230046,699
2025-26,24,231,230046,699
2025-26,1,7,230376,663
2025-26,2,12,230376,663
2025-26,3,30,230376,663
2025-26,4,39,230376,663
2025-26,5,50,230376,663
2025-26,6,60,230376,663
2025-26,7,70,230376,663
2025-26,8,78,230376,663
2025-26,9,90,230376,663
2025-26,10,94,230376,663
2025-26,11,103,230376,663
2025-26,12,120,230376,663
2025-26,13,121,230376,663
2025-26,14,140,230376,663
2025-26,15,150,230376,663
2025-26,16,151,230376,663
2025-26,17,170,230376,663
2025-26,18,176,230376,663
2025-26,19,187,230376,663
2025-26,20,200,230376,663
2025-26,21,206,230376,663
2025-26,22,220,230376,663
2025-26,23,228,230376,663
2025-26,24,240,230376,663
2025-26,1,7,231057,644
2025-26,2,12,231057,644
2025-26,3,30,231057,644
2025-26,4,39,231057,644
2025-26,5,50,231057,644
2025-26,6,60,231057,644
2025-26,7,70,231057,644
2025-26,8,78,231057,644
2025-26,9,90,231057,644
2025-26,10,94,231057,644
2025-26,11,103,231057,644
2025-26,12,120,231057,644
2025-26,13,121,231057,644
2025-26,14,140,231057,644
2025-26,15,150,231057,644
2025-26,16,151,231057,644
2025-26,17,170,231057,644
2025-26,18,176,231057,644
2025-26,19,187,231057,644
2025-26,20,200,231057,644
2025-26,21,206,231057,644
2025-26,22,220,231057,644
2025-26,23,228,231057,644
2025-26,24,240,231057,644
2025-26,1,4,231065,111
2025-26,2,13,231065,111
2025-26,3,28,231065,111
2025-26,4,33,231065,111
2025-26,5,45,231065,111
2025-26,6,52,231065,111
2025-26,7,64,231065,111
2025-26,8,80,231065,111
2025-26,9,84,231065,111
2025-26,10,93,231065,111
2025-26,11,102,231065,111
2025-26,12,113,231065,111
2025-26,13,122,231065,111
2025-26,14,131,231065,111
2025-26,15,149,231065,111
2025-26,16,152,231065,111
2025-26,17,170,231065,111
2025-26,18,172,231065,111
2025-26,19,182,231065,111
2025-26,20,194,231065,111
2025-26,21,203,231065,111
2025-26,22,213,231065,111
2025-26,23,223,231065,111
2025-26,24,231,231065,111
2025-26,1,3,231416,148
2025-26,2,16,231416,148
2025-26,3,22,231416,148
2025-26,4,32,231416,148
2025-26,5,43,231416,148
2025-26,6,53,231416,148
2025-26,7,70,231416,148
2025-26,8,71,231416,148
2025-26,9,88,231416,148
2025-26,10,91,231416,148
2025-26,11,104,231416,148
2025-26,12,113,231416,148
2025-26,13,127,231416,148
2025-26,14,133,231416,148
2025-26,15,143,231416,148
2025-26,16,156,231416,148
2025-26,17,163,231416,148
2025-26,18,171,231416,148
2025-26,19,190,231416,148
2025-26,20,193,231416,148
2025-26,21,208,231416,148
2025-26,22,212,231416,148
2025-26,23,227,231416,148
2025-26,24,232,231416,148
2025-26,1,7,231480,636
2025-26,2,12,231480,636
2025-26,3,30,231480,636
2025-26,4,39,231480,636
2025-26,5,50,231480,636
2025-26,6,60,231480,636
2025-26,7,70,231480,636
2025-26,8,78,231480,636
2025-26,9,90,231480,636
2025-26,10,94,231480,636
2025-26,11,103,231480,636
2025-26,12,120,231480,636
2025-26,13,121,231480,636
2025-26,14,140,231480,636
2025-26,15,150,231480,636
2025-26,16,151,231480,636
2025-26,17,170,231480,636
2025-26,18,176,231480,636
2025-26,19,187,231480,636
2025-26,20,200,231480,636
2025-26,21,206,231480,636
2025-26,22,220,231480,636
2025-26,23,228,231480,636
2025-26,24,240,231480,636
2025-26,1,8,231747,283
2025-26,2,15,231747,283
2025-26,3,21,231747,283
2025-26,4,35,231747,283
2025-26,5,49,231747,283
2025-26,6,54,231747,283
2025-26,7,66,231747,283
2025-26,8,73,231747,283
2025-26,9,81,231747,283
2025-26,10,93,231747,283
2025-26,11,104,231747,283
2025-26,12,120,231747,283
2025-26,13,124,231747,283
2025-26,14,134,231747,283
2025-26,15,145,231747,283
2025-26,16,155,231747,283
2025-26,17,166,231747,283
2025-26,18,175,231747,283
2025-26,19,185,231747,283
2025-26,20,198,231747,283
2025-26,21,205,231747,283
2025-26,22,218,231747,283
2025-26,23,225,231747,283
2025-26,24,237,231747,283
2025-26,1,9,232112,459
2025-26,2,17,232112,459
2025-26,3,26,232112,459
2025-26,4,38,232112,459
2025-26,5,47,232112,459
2025-26,6,52,232112,459
2025-26,7,68,232112,459
2025-26,8,75,232112,459
2025-26,9,88,232112,459
2025-26,10,97,232112,459
2025-26,11,109,232112,459
2025-26,12,118,232112,459
2025-26,13,124,232112,459
2025-26,14,138,232112,459
2025-26,15,150,232112,459
2025-26,16,157,232112,459
2025-26,17,161,232112,459
2025-26,18,177,232112,459
2025-26,19,187,232112,459
2025-26,20,196,232112,459
2025-26,21,204,232112,459
2025-26,22,216,232112,459
2025-26,23,221,232112,459
2025-26,24,236,232112,459
2025-26,1,8,232185,267
2025-26,2,15,232185,267
2025-26,3,21,232185,267
2025-26,4,35,232185,267
2025-26,5,49,232185,267
2025-26,6,54,232185,267
2025-26,7,66,232185,267
2025-26,8,73,232185,267
2025-26,9,81,232185,267
2025-26,10,93,232185,267
2025-26,11,104,232185,267
2025-26,12,120,232185,267
2025-26,13,124,232185,267
2025-26,14,134,232185,267
2025-26,15,145,232185,267
2025-26,16,155,232185,267
2025-26,17,166,232185,267
2025-26,18,175,232185,267
2025-26,19,185,232185,267
2025-26,20,198,232185,267
2025-26,21,205,232185,267
2025-26,22,218,232185,267
2025-26,23,225,232185,267
2025-26,24,237,232185,267
2025-26,18,179,232356,774
2025-26,19,189,232356,774
2025-26,20,199,232356,774
2025-26,21,203,232356,774
2025-26,22,218,232356,774
2025-26,23,230,232356,774
2025-26,24,238,232356,774
2025-26,1,8,232413,266
2025-26,2,15,232413,266
2025-26,3,25,232413,266
2025-26,4,31,232413,266
2025-26,5,41,232413,266
2025-26,6,58,232413,266
2025-26,7,61,232413,266
2025-26,8,74,232413,266
2025-26,9,81,232413,266
2025-26,10,92,232413,266
2025-26,11,108,232413,266
2025-26,12,111,232413,266
2025-26,13,123,232413,266
2025-26,14,131,232413,266
2025-26,15,141,232413,266
2025-26,16,151,232413,266
2025-26,17,164,232413,266
2025-26,18,171,232413,266
2025-26,19,181,232413,266
2025-26,20,192,232413,266
2025-26,21,201,232413,266
2025-26,22,217,232413,266
2025-26,23,221,232413,266
2025-26,24,234,232413,266
2025-26,1,5,232571,528
2025-26,2,14,232571,528
2025-26,3,28,232571,528
2025-26,4,35,232571,528
2025-26,5,48,232571,528
2025-26,6,59,232571,528
2025-26,7,68,232571,528
2025-26,8,78,232571,528
2025-26,9,85,232571,528
2025-26,10,98,232571,528
2025-26,11,108,232571,528
2025-26,12,115,232571,528
2025-26,13,128,232571,528
2025-26,14,137,232571,528
2025-26,15,147,232571,528
2025-26,16,159,232571,528
2025-26,17,163,232571,528
2025-26,18,179,232571,528
2025-26,19,189,232571,528
2025-26,20,199,232571,528
2025-26,21,203,232571,528
2025-26,22,218,232571,528
2025-26,23,230,232571,528
2025-26,24,238,232571,528
2025-26,1,2,232653,52
2025-26,2,19,232653,52
2025-26,3,24,232653,52
2025-26,4,39,232653,52
2025-26,5,42,232653,52
2025-26,6,58,232653,52
2025-26,7,69,232653,52
2025-26,8,71,232653,52
2025-26,9,89,232653,52
2025-26,10,100,232653,52
2025-26,11,102,232653,52
2025-26,12,119,232653,52
2025-26,13,125,232653,52
2025-26,14,139,232653,52
2025-26,15,148,232653,52
2025-26,16,159,232653,52
2025-26,17,168,232653,52
2025-26,18,177,232653,52
2025-26,19,183,232653,52
2025-26,20,198,232653,52
2025-26,21,209,232653,52
2025-26,22,220,232653,52
2025-26,23,229,232653,52
2025-26,24,235,232653,52
2025-26,22,219,232787,796
2025-26,23,224,232787,796
2025-26,24,239,232787,796
2025-26,1,3,232792,150
2025-26,2,16,232792,150
2025-26,3,22,232792,150
2025-26,4,32,232792,150
2025-26,5,43,232792,150
2025-26,6,53,232792,150
2025-26,7,70,232792,150
2025-26,8,71,232792,150
2025-26,9,88,232792,150
2025-26,10,91,232792,150
2025-26,11,104,232792,150
2025-26,12,113,232792,150
2025-26,13,127,232792,150
2025-26,14,133,232792,150
2025-26,15,143,232792,150
2025-26,16,156,232792,150
2025-26,17,163,232792,150
2025-26,18,171,232792,150
2025-26,19,190,232792,150
2025-26,20,193,232792,150
2025-26,21,208,232792,150
2025-26,22,212,232792,150
2025-26,23,227,232792,150
2025-26,24,232,232792,150
2025-26,1,5,232820,534
2025-26,2,14,232820,534
2025-26,3,28,232820,534
2025-26,4,35,232820,534
2025-26,5,48,232820,534
2025-26,6,59,232820,534
2025-26,7,68,232820,534
2025-26,8,78,232820,534
2025-26,9,85,232820,534
2025-26,10,98,232820,534
2025-26,11,108,232820,534
2025-26,12,115,232820,534
2025-26,13,128,232820,534
2025-26,14,137,232820,534
2025-26,15,147,232820,534
2025-26,16,159,232820,534
2025-26,17,163,232820,534
2025-26,18,179,232820,534
2025-26,19,189,232820,534
2025-26,20,199,232820,534
2025-26,21,203,232820,534
2025-26,22,218,232820,534
2025-26,23,230,232820,534
2025-26,24,238,232820,534
2025-26,1,2,232826,485
2025-26,2,19,232826,485
2025-26,3,24,232826,485
2025-26,4,39,232826,485
2025-26,5,42,232826,485
2025-26,6,58,232826,485
2025-26,7,69,232826,485
2025-26,8,71,232826,485
2025-26,9,89,232826,485
2025-26,10,100,232826,485
2025-26,11,102,232826,485
2025-26,12,119,232826,485
2025-26,13,125,232826,485
2025-26,14,139,232826,485
2025-26,15,148,232826,485
2025-26,16,159,232826,485
2025-26,17,168,232826,485
2025-26,18,177,232826,485
2025-26,19,183,232826,485
2025-26,20,198,232826,485
2025-26,21,209,232826,485
2025-26,22,220,232826,485
2025-26,23,229,232826,485
2025-26,24,235,232826,485
2025-26,1,6,232859,573
2025-26,2,18,232859,573
2025-26,3,29,232859,573
2025-26,4,40,232859,573
2025-26,5,43,232859,573
2025-26,6,60,232859,573
2025-26,7,67,232859,573
2025-26,8,79,232859,573
2025-26,9,86,232859,573
2025-26,10,99,232859,573
2025-26,11,109,232859,573
2025-26,12,111,232859,573
2025-26,13,129,232859,573
2025-26,14,139,232859,573
2025-26,15,149,232859,573
2025-26,16,158,232859,573
2025-26,17,169,232859,573
2025-26,18,175,232859,573
2025-26,19,182,232859,573
2025-26,20,199,232859,573
2025-26,21,202,232859,573
2025-26,22,219,232859,573
2025-26,23,224,232859,573
2025-26,24,239,232859,573
2025-26,1,3,232892,318
2025-26,2,17,232892,318
2025-26,3,23,232892,318
2025-26,4,37,232892,318
2025-26,5,45,232892,318
2025-26,6,51,232892,318
2025-26,7,63,232892,318
2025-26,8,74,232892,318
2025-26,9,89,232892,318
2025-26,10,94,232892,318
2025-26,11,105,232892,318
2025-26,12,115,232892,318
2025-26,13,129,232892,318
2025-26,14,135,232892,318
2025-26,15,145,232892,318
2025-26,16,153,232892,318
2025-26,17,165,232892,318
2025-26,18,180,232892,318
2025-26,19,185,232892,318
2025-26,20,195,232892,318
2025-26,21,207,232892,318
2025-26,22,214,232892,318
2025-26,23,227,232892,318
2025-26,24,236,232892,318
2025-26,1,10,232928,303
2025-26,2,16,232928,303
2025-26,3,30,232928,303
2025-26,4,36,232928,303
2025-26,5,46,232928,303
2025-26,6,55,232928,303
2025-26,7,66,232928,303
2025-26,8,76,232928,303
2025-26,9,86,232928,303
2025-26,10,98,232928,303
2025-26,11,105,232928,303
2025-26,12,118,232928,303
2025-26,13,125,232928,303
2025-26,14,132,232928,303
2025-26,15,144,232928,303
2025-26,16,154,232928,303
2025-26,17,164,232928,303
2025-26,18,173,232928,303
2025-26,19,188,232928,303
2025-26,20,194,232928,303
2025-26,21,206,232928,303
2025-26,22,211,232928,303
2025-26,23,226,232928,303
2025-26,24,232,232928,303
2025-26,1,5,233963,606
2025-26,2,20,233963,606
2025-26,3,27,233963,606
2025-26,4,40,233963,606
2025-26,5,49,233963,606
2025-26,6,55,233963,606
2025-26,7,61,233963,606
2025-26,8,80,233963,606
2025-26,9,87,233963,606
2025-26,10,100,233963,606
2025-26,11,110,233963,606
2025-26,12,112,233963,606
2025-26,13,130,233963,606
2025-26,14,138,233963,606
2025-26,15,143,233963,606
2025-26,16,160,233963,606
2025-26,17,167,233963,606
2025-26,18,180,233963,606
2025-26,19,190,233963,606
2025-26,20,200,233963,606
2025-26,21,210,233963,606
2025-26,22,219,233963,606
2025-26,23,230,233963,606
2025-26,24,233,233963,606
2025-26,1,4,235448,102
2025-26,2,13,235448,102
2025-26,3,28,235448,102
2025-26,4,33,235448,102
2025-26,5,45,235448,102
2025-26,6,52,235448,102
2025-26,7,64,235448,102
2025-26,8,80,235448,102
2025-26,9,84,235448,102
2025-26,10,93,235448,102
2025-26,11,102,235448,102
2025-26,12,113,235448,102
2025-26,13,122,235448,102
2025-26,14,131,235448,102
2025-26,15,149,235448,102
2025-26,16,152,235448,102
2025-26,17,170,235448,102
2025-26,18,172,235448,102
2025-26,19,182,235448,102
2025-26,20,194,235448,102
2025-26,21,203,235448,102
2025-26,22,213,235448,102
2025-26,23,223,235448,102
2025-26,24,231,235448,102
2025-26,1,6,235674,589
2025-26,2,18,235674,589
2025-26,3,29,235674,589
2025-26,4,40,235674,589
2025-26,5,43,235674,589
2025-26,6,60,235674,589
2025-26,7,67,235674,589
2025-26,8,79,235674,589
2025-26,9,86,235674,589
2025-26,10,99,235674,589
2025-26,11,109,235674,589
2025-26,12,111,235674,589
2025-26,13,129,235674,589
2025-26,14,139,235674,589
2025-26,15,149,235674,589
2025-26,16,158,235674,589
2025-26,17,169,235674,589
2025-26,18,175,235674,589
2025-26,19,182,235674,589
2025-26,20,199,235674,589
2025-26,21,202,235674,589
2025-26,22,219,235674,589
2025-26,23,224,235674,589
2025-26,24,239,235674,589
2025-26,1,10,235826,362
2025-26,2,11,235826,362
2025-26,3,24,235826,362
2025-26,4,37,235826,362
2025-26,5,50,235826,362
2025-26,6,56,235826,362
2025-26,7,67,235826,362
2025-26,8,72,235826,362
2025-26,9,87,235826,362
2025-26,10,91,235826,362
2025-26,11,107,235826,362
2025-26,12,116,235826,362
2025-26,13,126,235826,362
2025-26,14,136,235826,362
2025-26,15,146,235826,362
2025-26,16,152,235826,362
2025-26,17,166,235826,362
2025-26,18,179,235826,362
2025-26,19,186,235826,362
2025-26,20,196,235826,362
2025-26,21,209,235826,362
2025-26,22,214,235826,362
2025-26,23,226,235826,362
2025-26,24,234,235826,362
2025-26,1,7,240299,653
2025-26,2,12,240299,653
2025-26,3,30,240299,653
2025-26,4,39,240299,653
2025-26,5,50,240299,653
2025-26,6,60,240299,653
2025-26,7,70,240299,653
2025-26,8,78,240299,653
2025-26,9,90,240299,653
2025-26,10,94,240299,653
2025-26,11,103,240299,653
2025-26,12,120,240299,653
2025-26,13,121,240299,653
2025-26,14,140,240299,653
2025-26,15,150,240299,653
2025-26,16,151,240299,653
2025-26,17,170,240299,653
2025-26,18,176,240299,653
2025-26,19,187,240299,653
2025-26,20,200,240299,653
2025-26,21,206,240299,653
2025-26,22,220,240299,653
2025-26,23,228,240299,653
2025-26,24,240,240299,653
2025-26,1,3,240514,142
2025-26,2,16,240514,142
2025-26,3,22,240514,142
2025-26,4,32,240514,142
2025-26,5,43,240514,142
2025-26,6,53,240514,142
2025-26,7,70,240514,142
2025-26,8,71,240514,142
2025-26,9,88,240514,142
2025-26,10,91,240514,142
2025-26,11,104,240514,142
2025-26,12,113,240514,142
2025-26,13,127,240514,142
2025-26,14,133,240514,142
2025-26,15,143,240514,142
2025-26,16,156,240514,142
2025-26,17,163,240514,142
2025-26,18,171,240514,142
2025-26,19,190,240514,142
2025-26,20,193,240514,142
2025-26,21,208,240514,142
2025-26,22,212,240514,142
2025-26,23,227,240514,142
2025-26,24,232,240514,142
2025-26,1,6,241231,194
2025-26,2,14,241231,194
2025-26,3,26,241231,194
2025-26,4,34,241231,194
2025-26,5,44,241231,194
2025-26,6,57,241231,194
2025-26,7,62,241231,194
2025-26,8,72,241231,194
2025-26,9,90,241231,194
2025-26,10,92,241231,194
2025-26,11,110,241231,194
2025-26,12,114,241231,194
2025-26,13,122,241231,194
2025-26,14,134,241231,194
2025-26,15,148,241231,194
2025-26,16,153,241231,194
2025-26,17,162,241231,194
2025-26,18,173,241231,194
2025-26,19,183,241231,194
2025-26,20,193,241231,194
2025-26,21,204,241231,194
2025-26,22,215,241231,194
2025-26,23,224,241231,194
2025-26,24,238,241231,194
2025-26,1,8,242880,229
2025-26,2,20,242880,229
2025-26,3,23,242880,229
2025-26,4,33,242880,229
2025-26,5,47,242880,229
2025-26,6,53,242880,229
2025-26,7,65,242880,229
2025-26,8,77,242880,229
2025-26,9,85,242880,229
2025-26,10,99,242880,229
2025-26,11,103,242880,229
2025-26,12,114,242880,229
2025-26,13,123,242880,229
2025-26,14,136,242880,229
2025-26,15,142,242880,229
2025-26,16,154,242880,229
2025-26,17,168,242880,229
2025-26,18,174,242880,229
2025-26,19,184,242880,229
2025-26,20,197,242880,229
2025-26,21,207,242880,229
2025-26,22,213,242880,229
2025-26,23,225,242880,229
2025-26,24,233,242880,229
2025-26,1,1,242882,685
2025-26,2,12,242882,685
2025-26,3,29,242882,685
2025-26,4,32,242882,685
2025-26,5,42,242882,685
2025-26,6,56,242882,685
2025-26,7,63,242882,685
2025-26,8,73,242882,685
2025-26,9,83,242882,685
2025-26,10,96,242882,685
2025-26,11,101,242882,685
2025-26,12,112,242882,685
2025-26,13,128,242882,685
2025-26,14,132,242882,685
2025-26,15,142,242882,685
2025-26,16,157,242882,685
2025-26,17,162,242882,685
2025-26,18,172,242882,685
2025-26,19,184,242882,685
2025-26,20,192,242882,685
2025-26,21,202,242882,685
2025-26,22,212,242882,685
2025-26,23,222,242882,685
2025-26,24,240,242882,685
2025-26,1,6,242898,580
2025-26,2,18,242898,580
2025-26,3,29,242898,580
2025-26,4,40,242898,580
2025-26,5,43,242898,580
2025-26,6,60,242898,580
2025-26,7,67,242898,580
2025-26,8,79,242898,580
2025-26,9,86,242898,580
2025-26,10,99,242898,580
2025-26,11,109,242898,580
2025-26,12,111,242898,580
2025-26,13,129,242898,580
2025-26,14,139,242898,580
2025-26,15,149,242898,580
2025-26,16,158,242898,580
2025-26,17,169,242898,580
2025-26,18,175,242898,580
2025-26,19,182,242898,580
2025-26,20,198,242898,580
2025-26,21,205,242898,580
2025-26,22,218,242898,580
2025-26,23,225,242898,580
2025-26,24,237,242898,580
2025-26,1,1,243016,386
2025-26,2,19,243016,386
2025-26,3,25,243016,386
2025-26,4,34,243016,386
2025-26,5,46,243016,386
2025-26,6,54,243016,386
2025-26,7,65,243016,386
2025-26,8,75,243016,386
2025-26,9,84,243016,386
2025-26,10,95,243016,386
2025-26,11,106,243016,386
2025-26,12,117,243016,386
2025-26,13,130,243016,386
2025-26,14,137,243016,386
2025-26,15,146,243016,386
2025-26,16,156,243016,386
2025-26,17,169,243016,386
2025-26,18,176,243016,386
2025-26,19,186,243016,386
2025-26,20,195,243016,386
2025-26,21,201,243016,386
2025-26,22,215,243016,386
2025-26,23,222,243016,386
2025-26,24,235,243016,386
2025-26,1,1,243298,384
2025-26,2,19,243298,384
2025-26,3,25,243298,384
2025-26,4,34,243298,384
2025-26,5,46,243298,384
2025-26,6,54,243298,384
2025-26,7,65,243298,384
2025-26,8,75,243298,384
2025-26,9,84,243298,384
2025-26,10,95,243298,384
2025-26,11,106,243298,384
2025-26,12,117,243298,384
2025-26,13,130,243298,384
2025-26,14,137,243298,384
2025-26,15,146,243298,384
2025-26,16,156,243298,384
2025-26,17,169,243298,384
2025-26,18,176,243298,384
2025-26,19,186,243298,384
2025-26,20,195,243298,384
2025-26,21,201,243298,384
2025-26,22,215,243298,384
2025-26,23,222,243298,384
2025-26,24,235,243298,384
2025-26,1,4,243345,520
2025-26,2,15,243345,520
2025-26,3,27,243345,520
2025-26,4,31,243345,520
2025-26,5,44,243345,520
2025-26,6,59,243345,520
2025-26,7,69,243345,520
2025-26,8,77,243345,520
2025-26,9,83,243345,520
2025-26,10,97,243345,520
2025-26,11,107,243345,520
2025-26,12,117,243345,520
2025-26,13,127,243345,520
2025-26,14,140,243345,520
2025-26,15,144,243345,520
2025-26,16,158,243345,520
2025-26,17,165,243345,520
2025-26,18,178,243345,520
2025-26,19,188,243345,520
2025-26,20,191,243345,520
2025-26,21,210,243345,520
2025-26,22,217,243345,520
2025-26,23,223,243345,520
2025-26,24,237,243345,520
2025-26,1,10,243526,347
2025-26,2,11,243526,347
2025-26,3,24,243526,347
2025-26,4,37,243526,347
2025-26,5,50,243526,347
2025-26,6,56,243526,347
2025-26,7,67,243526,347
2025-26,8,72,243526,347
2025-26,9,87,243526,347
2025-26,10,91,243526,347
2025-26,11,107,243526,347
2025-26,12,116,243526,347
2025-26,13,126,243526,347
2025-26,14,136,243526,347
2025-26,15,146,243526,347
2025-26,16,152,243526,347
2025-26,17,166,243526,347
2025-26,18,179,243526,347
2025-26,19,186,243526,347
2025-26,20,196,243526,347
2025-26,21,209,243526,347
2025-26,22,214,243526,347
2025-26,23,226,243526,347
2025-26,24,234,243526,347
2025-26,1,10,243571,296
2025-26,2,16,243571,296
2025-26,3,30,243571,296
2025-26,4,36,243571,296
2025-26,5,46,243571,296
2025-26,6,55,243571,296
2025-26,7,66,243571,296
2025-26,8,76,243571,296
2025-26,9,86,243571,296
2025-26,10,98,243571,296
2025-26,11,105,243571,296
2025-26,12,118,243571,296
2025-26,13,125,243571,296
2025-26,14,132,243571,296
2025-26,15,144,243571,296
2025-26,16,154,243571,296
2025-26,17,164,243571,296
2025-26,18,173,243571,296
2025-26,19,188,243571,296
2025-26,20,194,243571,296
2025-26,21,206,243571,296
2025-26,22,211,243571,296
2025-26,23,226,243571,296
2025-26,24,232,243571,296
2025-26,1,3,244042,338
2025-26,2,17,244042,338
2025-26,3,23,244042,338
2025-26,4,37,244042,338
2025-26,5,45,244042,338
2025-26,6,51,244042,338
2025-26,7,63,244042,338
2025-26,8,74,244042,338
2025-26,9,89,244042,338
2025-26,10,94,244042,338
2025-26,11,105,244042,338
2025-26,12,115,244042,338
2025-26,13,129,244042,338
2025-26,14,135,244042,338
2025-26,15,145,244042,338
2025-26,16,153,244042,338
2025-26,17,165,244042,338
2025-26,18,180,244042,338
2025-26,19,185,244042,338
2025-26,20,195,244042,338
2025-26,21,207,244042,338
2025-26,22,214,244042,338
2025-26,23,227,244042,338
2025-26,24,236,244042,338
2025-26,1,8,244723,258
2025-26,2,15,244723,258
2025-26,3,21,244723,258
2025-26,4,35,244723,258
2025-26,5,49,244723,258
2025-26,6,54,244723,258
2025-26,7,66,244723,258
2025-26,8,73,244723,258
2025-26,9,81,244723,258
2025-26,10,93,244723,258
2025-26,11,104,244723,258
2025-26,12,120,244723,258
2025-26,13,124,244723,258
2025-26,14,134,244723,258
2025-26,15,145,244723,258
2025-26,16,155,244723,258
2025-26,17,166,244723,258
2025-26,18,175,244723,258
2025-26,19,185,244723,258
2025-26,20,198,244723,258
2025-26,21,205,244723,258
2025-26,22,218,244723,258
2025-26,23,225,244723,258
2025-26,24,237,244723,258
2025-26,1,1,244731,383
2025-26,2,19,244731,383
2025-26,3,25,244731,383
2025-26,4,34,244731,383
2025-26,5,46,244731,383
2025-26,6,54,244731,383
2025-26,7,65,244731,383
2025-26,8,75,244731,383
2025-26,9,84,244731,383
2025-26,10,95,244731,383
2025-26,11,106,244731,383
2025-26,12,117,244731,383
2025-26,13,130,244731,383
2025-26,14,137,244731,383
2025-26,15,146,244731,383
2025-26,16,156,244731,383
2025-26,17,169,244731,383
2025-26,18,176,244731,383
2025-26,19,186,244731,383
2025-26,20,195,244731,383
2025-26,21,201,244731,383
2025-26,22,215,244731,383
2025-26,23,222,244731,383
2025-26,24,235,244731,383
2025-26,1,2,244850,47
2025-26,2,13,244850,47
2025-26,3,21,244850,47
2025-26,4,36,244850,47
2025-26,5,48,244850,47
2025-26,6,51,244850,47
2025-26,7,62,244850,47
2025-26,8,79,244850,47
2025-26,9,82,244850,47
2025-26,10,95,244850,47
2025-26,11,101,244850,47
2025-26,12,116,244850,47
2025-26,13,121,244850,47
2025-26,14,133,244850,47
2025-26,15,141,244850,47
2025-26,16,160,244850,47
2025-26,17,161,244850,47
2025-26,18,174,244850,47
2025-26,19,181,244850,47
2025-26,20,191,244850,47
2025-26,21,205,244850,47
2025-26,22,211,244850,47
2025-26,23,229,244850,47
2025-26,24,231,244850,47
2025-26,1,8,244851,235
2025-26,2,20,244851,235
2025-26,3,23,244851,235
2025-26,4,33,244851,235
2025-26,5,47,244851,235
2025-26,6,53,244851,235
2025-26,7,65,244851,235
2025-26,8,77,244851,235
2025-26,9,85,244851,235
2025-26,10,99,244851,235
2025-26,11,103,244851,235
2025-26,12,114,244851,235
2025-26,13,123,244851,235
2025-26,14,136,244851,235
2025-26,15,142,244851,235
2025-26,16,154,244851,235
2025-26,17,168,244851,235
2025-26,18,174,244851,235
2025-26,19,184,244851,235
2025-26,20,197,244851,235
2025-26,21,207,244851,235
2025-26,22,213,244851,235
2025-26,23,225,244851,235
2025-26,24,233,244851,235
2025-26,1,4,244858,123
2025-26,2,13,244858,123
2025-26,3,28,244858,123
2025-26,4,33,244858,123
2025-26,5,45,244858,123
2025-26,6,52,244858,123
2025-26,7,64,244858,123
2025-26,8,80,244858,123
2025-26,9,84,244858,123
2025-26,10,93,244858,123
2025-26,11,102,244858,123
2025-26,12,113,244858,123
2025-26,13,122,244858,123
2025-26,14,131,244858,123
2025-26,15,149,244858,123
2025-26,16,152,244858,123
2025-26,17,170,244858,123
2025-26,18,172,244858,123
2025-26,19,182,244858,123
2025-26,20,194,244858,123
2025-26,21,203,244858,123
2025-26,22,213,244858,123
2025-26,23,223,244858,123
2025-26,24,231,244858,123
2025-26,1,2,244954,41
2025-26,2,13,244954,41
2025-26,3,21,244954,41
2025-26,4,36,244954,41
2025-26,5,48,244954,41
2025-26,6,51,244954,41
2025-26,7,62,244954,41
2025-26,8,79,244954,41
2025-26,9,82,244954,41
2025-26,10,95,244954,41
2025-26,11,101,244954,41
2025-26,12,116,244954,41
2025-26,13,121,244954,41
2025-26,14,133,244954,41
2025-26,15,141,244954,41
2025-26,16,160,244954,41
2025-26,17,161,244954,41
2025-26,18,174,244954,41
2025-26,19,181,244954,41
2025-26,20,191,244954,41
2025-26,21,205,244954,41
2025-26,22,211,244954,41
2025-26,23,229,244954,41
2025-26,24,231,244954,41
2025-26,1,3,246301,321
2025-26,2,17,246301,321
2025-26,3,23,246301,321
2025-26,4,37,246301,321
2025-26,5,45,246301,321
2025-26,6,51,246301,321
2025-26,7,63,246301,321
2025-26,8,74,246301,321
2025-26,9,89,246301,321
2025-26,10,94,246301,321
2025-26,11,105,246301,321
2025-26,12,115,246301,321
2025-26,13,129,246301,321
2025-26,14,135,246301,321
2025-26,15,145,246301,321
2025-26,16,153,246301,321
2025-26,17,165,246301,321
2025-26,18,180,246301,321
2025-26,19,185,246301,321
2025-26,20,195,246301,321
2025-26,21,207,246301,321
2025-26,22,214,246301,321
2025-26,23,227,246301,321
2025-26,24,236,246301,321
2025-26,1,6,247245,188
2025-26,2,14,247245,188
2025-26,3,26,247245,188
2025-26,4,34,247245,188
2025-26,5,44,247245,188
2025-26,6,57,247245,188
2025-26,7,62,247245,188
2025-26,8,72,247245,188
2025-26,9,90,247245,188
2025-26,10,92,247245,188
2025-26,11,110,247245,188
2025-26,12,114,247245,188
2025-26,13,122,247245,188
2025-26,14,134,247245,188
2025-26,15,148,247245,188
2025-26,16,153,247245,188
2025-26,17,162,247245,188
2025-26,18,173,247245,188
2025-26,19,183,247245,188
2025-26,20,193,247245,188
2025-26,21,204,247245,188
2025-26,22,215,247245,188
2025-26,23,224,247245,188
2025-26,24,238,247245,188
2025-26,1,8,247348,256
2025-26,2,15,247348,256
2025-26,3,21,247348,256
2025-26,4,35,247348,256
2025-26,5,49,247348,256
2025-26,6,54,247348,256
2025-26,7,66,247348,256
2025-26,8,73,247348,256
2025-26,9,81,247348,256
2025-26,10,93,247348,256
2025-26,11,104,247348,256
2025-26,12,120,247348,256
2025-26,13,124,247348,256
2025-26,14,134,247348,256
2025-26,15,145,247348,256
2025-26,16,155,247348,256
2025-26,17,166,247348,256
2025-26,18,175,247348,256
2025-26,19,185,247348,256
2025-26,20,198,247348,256
2025-26,21,205,247348,256
2025-26,22,218,247348,256
2025-26,23,225,247348,256
2025-26,24,237,247348,256
2025-26,1,7,247412,654
2025-26,2,12,247412,654
2025-26,3,30,247412,654
2025-26,4,39,247412,654
2025-26,5,50,247412,654
2025-26,6,60,247412,654
2025-26,7,70,247412,654
2025-26,8,78,247412,654
2025-26,9,90,247412,654
2025-26,10,94,247412,654
2025-26,11,103,247412,654
2025-26,12,120,247412,654
2025-26,13,121,247412,654
2025-26,14,140,247412,654
2025-26,15,150,247412,654
2025-26,16,151,247412,654
2025-26,17,170,247412,654
2025-26,18,176,247412,654
2025-26,19,187,247412,654
2025-26,20,200,247412,654
2025-26,21,206,247412,654
2025-26,22,220,247412,654
2025-26,23,228,247412,654
2025-26,24,240,247412,654
2025-26,1,8,247632,236
2025-26,2,20,247632,236
2025-26,3,23,247632,236
2025-26,4,33,247632,236
2025-26,5,47,247632,236
2025-26,6,53,247632,236
2025-26,7,65,247632,236
2025-26,8,77,247632,236
2025-26,9,85,247632,236
2025-26,10,99,247632,236
2025-26,11,103,247632,236
2025-26,12,114,247632,236
2025-26,13,123,247632,236
2025-26,14,136,247632,236
2025-26,15,142,247632,236
2025-26,16,154,247632,236
2025-26,17,168,247632,236
2025-26,18,174,247632,236
2025-26,19,184,247632,236
2025-26,20,197,247632,236
2025-26,21,207,247632,236
2025-26,22,213,247632,236
2025-26,23,225,247632,236
2025-26,24,233,247632,236
2025-26,21,210,247670,791
2025-26,22,219,247670,791
2025-26,23,230,247670,791
2025-26,24,233,247670,791
2025-26,4,40,247693,726
2025-26,5,43,247693,726
2025-26,6,60,247693,726
2025-26,7,67,247693,726
2025-26,8,79,247693,726
2025-26,9,86,247693,726
2025-26,10,99,247693,726
2025-26,11,109,247693,726
2025-26,12,111,247693,726
2025-26,13,129,247693,726
2025-26,14,139,247693,726
2025-26,15,149,247693,726
2025-26,16,158,247693,726
2025-26,17,169,247693,726
2025-26,18,175,247693,726
2025-26,19,182,247693,726
2025-26,20,199,247693,726
2025-26,21,202,247693,726
2025-26,22,219,247693,726
2025-26,23,224,247693,726
2025-26,24,239,247693,726
2025-26,4,35,247955,724
2025-26,5,48,247955,724
2025-26,6,59,247955,724
2025-26,7,68,247955,724
2025-26,8,78,247955,724
2025-26,9,85,247955,724
2025-26,10,98,247955,724
2025-26,11,108,247955,724
2025-26,12,115,247955,724
2025-26,13,128,247955,724
2025-26,14,137,247955,724
2025-26,15,147,247955,724
2025-26,16,159,247955,724
2025-26,17,163,247955,724
2025-26,18,179,247955,724
2025-26,19,189,247955,724
2025-26,20,199,247955,724
2025-26,21,203,247955,724
2025-26,22,218,247955,724
2025-26,23,230,247955,724
2025-26,24,238,247955,724
2025-26,1,10,248056,358
2025-26,2,11,248056,358
2025-26,3,24,248056,358
2025-26,4,37,248056,358
2025-26,5,50,248056,358
2025-26,6,56,248056,358
2025-26,7,67,248056,358
2025-26,8,72,248056,358
2025-26,9,87,248056,358
2025-26,10,91,248056,358
2025-26,11,107,248056,358
2025-26,12,116,248056,358
2025-26,13,126,248056,358
2025-26,14,136,248056,358
2025-26,15,146,248056,358
2025-26,16,152,248056,358
2025-26,17,166,248056,358
2025-26,18,179,248056,358
2025-26,19,186,248056,358
2025-26,20,196,248056,358
2025-26,21,209,248056,358
2025-26,22,214,248056,358
2025-26,23,226,248056,358
2025-26,24,234,248056,358
2025-26,1,9,248857,18
2025-26,2,11,248857,18
2025-26,3,25,248857,18
2025-26,4,31,248857,18
2025-26,5,41,248857,18
2025-26,6,58,248857,18
2025-26,7,61,248857,18
2025-26,8,74,248857,18
2025-26,9,81,248857,18
2025-26,10,92,248857,18
2025-26,11,108,248857,18
2025-26,12,111,248857,18
2025-26,13,123,248857,18
2025-26,14,131,248857,18
2025-26,15,141,248857,18
2025-26,16,151,248857,18
2025-26,17,164,248857,18
2025-26,18,171,248857,18
2025-26,19,181,248857,18
2025-26,20,192,248857,18
2025-26,21,201,248857,18
2025-26,22,217,248857,18
2025-26,23,221,248857,18
2025-26,24,234,248857,18
2025-26,1,7,248875,418
2025-26,2,18,248875,418
2025-26,3,22,248875,418
2025-26,4,38,248875,418
2025-26,5,41,248875,418
2025-26,6,57,248875,418
2025-26,7,64,248875,418
2025-26,8,76,248875,418
2025-26,9,82,248875,418
2025-26,10,96,248875,418
2025-26,11,106,248875,418
2025-26,12,119,248875,418
2025-26,13,126,248875,418
2025-26,14,135,248875,418
2025-26,15,147,248875,418
2025-26,16,155,248875,418
2025-26,17,167,248875,418
2025-26,18,178,248875,418
2025-26,19,189,248875,418
2025-26,20,197,248875,418
2025-26,21,208,248875,418
2025-26,22,216,248875,418
2025-26,23,228,248875,418
2025-26,24,239,248875,418
2025-26,1,10,248937,355
2025-26,2,11,248937,355
2025-26,3,24,248937,355
2025-26,4,37,248937,355
2025-26,5,50,248937,355
2025-26,6,56,248937,355
2025-26,7,67,248937,355
2025-26,8,72,248937,355
2025-26,9,87,248937,355
2025-26,10,91,248937,355
2025-26,11,107,248937,355
2025-26,12,116,248937,355
2025-26,13,126,248937,355
2025-26,14,136,248937,355
2025-26,15,146,248937,355
2025-26,16,152,248937,355
2025-26,17,166,248937,355
2025-26,18,179,248937,355
2025-26,19,186,248937,355
2025-26,20,196,248937,355
2025-26,21,209,248937,355
2025-26,22,214,248937,355
2025-26,23,226,248937,355
2025-26,24,234,248937,355
2025-26,1,4,249231,107
2025-26,2,13,249231,107
2025-26,3,28,249231,107
2025-26,4,33,249231,107
2025-26,5,45,249231,107
2025-26,6,52,249231,107
2025-26,7,64,249231,107
2025-26,8,80,249231,107
2025-26,9,84,249231,107
2025-26,10,93,249231,107
2025-26,11,102,249231,107
2025-26,12,113,249231,107
2025-26,13,122,249231,107
2025-26,14,131,249231,107
2025-26,15,149,249231,107
2025-26,16,152,249231,107
2025-26,17,170,249231,107
2025-26,18,172,249231,107
2025-26,19,182,249231,107
2025-26,20,194,249231,107
2025-26,21,203,249231,107
2025-26,22,213,249231,107
2025-26,23,223,249231,107
2025-26,24,231,249231,107
2025-26,1,4,250199,519
2025-26,2,15,250199,519
2025-26,3,27,250199,519
2025-26,4,31,250199,519
2025-26,5,44,250199,519
2025-26,6,59,250199,519
2025-26,7,69,250199,519
2025-26,8,77,250199,519
2025-26,9,83,250199,519
2025-26,10,97,250199,519
2025-26,11,107,250199,519
2025-26,12,117,250199,519
2025-26,13,127,250199,519
2025-26,14,140,250199,519
2025-26,15,144,250199,519
2025-26,16,158,250199,519
2025-26,17,165,250199,519
2025-26,18,178,250199,519
2025-26,19,188,250199,519
2025-26,20,191,250199,519
2025-26,21,210,250199,519
2025-26,22,217,250199,519
2025-26,23,223,250199,519
2025-26,24,237,250199,519
2025-26,1,6,250735,204
2025-26,2,14,250735,204
2025-26,3,26,250735,204
2025-26,4,34,250735,204
2025-26,5,44,250735,204
2025-26,6,57,250735,204
2025-26,7,62,250735,204
2025-26,8,72,250735,204
2025-26,9,90,250735,204
2025-26,10,92,250735,204
2025-26,11,110,250735,204
2025-26,12,114,250735,204
2025-26,13,122,250735,204
2025-26,14,134,250735,204
2025-26,15,148,250735,204
2025-26,16,153,250735,204
2025-26,17,162,250735,204
2025-26,18,173,250735,204
2025-26,19,183,250735,204
2025-26,20,193,250735,204
2025-26,21,204,250735,204
2025-26,22,215,250735,204
2025-26,23,224,250735,204
2025-26,24,238,250735,204
2025-26,1,1,424044,93
2025-26,2,12,424044,93
2025-26,3,29,424044,93
2025-26,4,32,424044,93
2025-26,5,42,424044,93
2025-26,6,56,424044,93
2025-26,7,63,424044,93
2025-26,8,73,424044,93
2025-26,9,83,424044,93
2025-26,10,96,424044,93
2025-26,11,101,424044,93
2025-26,12,112,424044,93
2025-26,13,128,424044,93
2025-26,14,132,424044,93
2025-26,15,142,424044,93
2025-26,16,157,424044,93
2025-26,17,162,424044,93
2025-26,18,172,424044,93
2025-26,19,184,424044,93
2025-26,20,192,424044,93
2025-26,21,202,424044,93
2025-26,22,212,424044,93
2025-26,23,222,424044,93
2025-26,24,240,424044,93
2025-26,1,1,424876,387
2025-26,2,19,424876,387
2025-26,3,25,424876,387
2025-26,4,34,424876,387
2025-26,5,46,424876,387
2025-26,6,54,424876,387
2025-26,7,65,424876,387
2025-26,8,75,424876,387
2025-26,9,84,424876,387
2025-26,10,95,424876,387
2025-26,11,106,424876,387
2025-26,12,117,424876,387
2025-26,13,130,424876,387
2025-26,14,137,424876,387
2025-26,15,146,424876,387
2025-26,16,156,424876,387
2025-26,17,169,424876,387
2025-26,18,176,424876,387
2025-26,19,186,424876,387
2025-26,20,195,424876,387
2025-26,21,201,424876,387
2025-26,22,215,424876,387
2025-26,23,222,424876,387
2025-26,24,235,424876,387
2025-26,1,8,427623,261
2025-26,2,15,427623,261
2025-26,3,21,427623,261
2025-26,4,35,427623,261
2025-26,5,49,427623,261
2025-26,6,54,427623,261
2025-26,7,66,427623,261
2025-26,8,73,427623,261
2025-26,9,81,427623,261
2025-26,10,93,427623,261
2025-26,11,104,427623,261
2025-26,12,120,427623,261
2025-26,13,124,427623,261
2025-26,14,134,427623,261
2025-26,15,145,427623,261
2025-26,16,155,427623,261
2025-26,17,166,427623,261
2025-26,18,175,427623,261
2025-26,19,185,427623,261
2025-26,20,198,427623,261
2025-26,21,205,427623,261
2025-26,22,218,427623,261
2025-26,23,225,427623,261
2025-26,24,237,427623,261
2025-26,1,10,427637,350
2025-26,2,11,427637,350
2025-26,3,24,427637,350
2025-26,4,37,427637,350
2025-26,5,50,427637,350
2025-26,6,56,427637,350
2025-26,7,67,427637,350
2025-26,8,72,427637,350
2025-26,9,87,427637,350
2025-26,10,91,427637,350
2025-26,11,107,427637,350
2025-26,12,116,427637,350
2025-26,13,126,427637,350
2025-26,14,136,427637,350
2025-26,15,146,427637,350
2025-26,16,152,427637,350
2025-26,17,166,427637,350
2025-26,18,179,427637,350
2025-26,19,186,427637,350
2025-26,20,196,427637,350
2025-26,21,209,427637,350
2025-26,22,214,427637,350
2025-26,23,226,427637,350
2025-26,24,234,427637,350
2025-26,1,4,428580,128
2025-26,2,13,428580,128
2025-26,3,28,428580,128
2025-26,4,33,428580,128
2025-26,5,45,428580,128
2025-26,6,52,428580,128
2025-26,7,64,428580,128
2025-26,8,80,428580,128
2025-26,9,84,428580,128
2025-26,10,93,428580,128
2025-26,11,102,428580,128
2025-26,12,113,428580,128
2025-26,13,122,428580,128
2025-26,14,131,428580,128
2025-26,15,149,428580,128
2025-26,16,152,428580,128
2025-26,17,170,428580,128
2025-26,18,172,428580,128
2025-26,19,182,428580,128
2025-26,20,194,428580,128
2025-26,21,203,428580,128
2025-26,22,213,428580,128
2025-26,23,223,428580,128
2025-26,24,231,428580,128
2025-26,1,3,428971,315
2025-26,2,17,428971,315
2025-26,3,23,428971,315
2025-26,4,37,428971,315
2025-26,5,45,428971,315
2025-26,6,51,428971,315
2025-26,7,63,428971,315
2025-26,8,74,428971,315
2025-26,9,89,428971,315
2025-26,10,94,428971,315
2025-26,11,105,428971,315
2025-26,12,115,428971,315
2025-26,13,129,428971,315
2025-26,14,135,428971,315
2025-26,15,145,428971,315
2025-26,16,153,428971,315
2025-26,17,165,428971,315
2025-26,18,180,428971,315
2025-26,19,185,428971,315
2025-26,20,195,428971,315
2025-26,21,207,428971,315
2025-26,22,214,428971,315
2025-26,23,227,428971,315
2025-26,24,236,428971,315
2025-26,1,7,429414,656
2025-26,2,12,429414,656
2025-26,3,30,429414,656
2025-26,4,39,429414,656
2025-26,5,50,429414,656
2025-26,6,60,429414,656
2025-26,7,70,429414,656
2025-26,8,78,429414,656
2025-26,9,90,429414,656
2025-26,10,94,429414,656
2025-26,11,103,429414,656
2025-26,12,120,429414,656
2025-26,13,121,429414,656
2025-26,14,140,429414,656
2025-26,15,150,429414,656
2025-26,16,151,429414,656
2025-26,17,170,429414,656
2025-26,18,176,429414,656
2025-26,19,187,429414,656
2025-26,20,200,429414,656
2025-26,21,206,429414,656
2025-26,22,220,429414,656
2025-26,23,228,429414,656
2025-26,24,240,429414,656
2025-26,1,9,430871,450
2025-26,2,17,430871,450
2025-26,3,26,430871,450
2025-26,4,38,430871,450
2025-26,5,47,430871,450
2025-26,6,52,430871,450
2025-26,7,68,430871,450
2025-26,8,75,430871,450
2025-26,9,88,430871,450
2025-26,10,97,430871,450
2025-26,11,109,430871,450
2025-26,12,118,430871,450
2025-26,13,124,430871,450
2025-26,14,138,430871,450
2025-26,15,150,430871,450
2025-26,16,157,430871,450
2025-26,17,161,430871,450
2025-26,18,177,430871,450
2025-26,19,187,430871,450
2025-26,20,196,430871,450
2025-26,21,204,430871,450
2025-26,22,216,430871,450
2025-26,23,221,430871,450
2025-26,24,236,430871,450
2025-26,3,30,431248,709
2025-26,4,39,431248,709
2025-26,5,50,431248,709
2025-26,6,60,431248,709
2025-26,7,70,431248,709
2025-26,8,78,431248,709
2025-26,9,90,431248,709
2025-26,10,94,431248,709
2025-26,11,103,431248,709
2025-26,12,120,431248,709
2025-26,13,121,431248,709
2025-26,14,140,431248,709
2025-26,15,150,431248,709
2025-26,16,151,431248,709
2025-26,17,170,431248,709
2025-26,18,176,431248,709
2025-26,19,187,431248,709
2025-26,20,200,431248,709
2025-26,21,206,431248,709
2025-26,22,220,431248,709
2025-26,23,228,431248,709
2025-26,24,240,431248,709
2025-26,1,6,431639,215
2025-26,2,14,431639,215
2025-26,3,26,431639,215
2025-26,4,34,431639,215
2025-26,5,44,431639,215
2025-26,6,57,431639,215
2025-26,7,62,431639,215
2025-26,8,72,431639,215
2025-26,9,90,431639,215
2025-26,10,92,431639,215
2025-26,11,110,431639,215
2025-26,12,114,431639,215
2025-26,13,122,431639,215
2025-26,14,134,431639,215
2025-26,15,148,431639,215
2025-26,16,153,431639,215
2025-26,17,162,431639,215
2025-26,18,173,431639,215
2025-26,19,183,431639,215
2025-26,20,193,431639,215
2025-26,21,204,431639,215
2025-26,22,215,431639,215
2025-26,23,224,431639,215
2025-26,24,238,431639,215
2025-26,1,2,432422,491
2025-26,2,19,432422,491
2025-26,3,24,432422,491
2025-26,4,39,432422,491
2025-26,5,42,432422,491
2025-26,6,58,432422,491
2025-26,7,69,432422,491
2025-26,8,71,432422,491
2025-26,9,89,432422,491
2025-26,10,100,432422,491
2025-26,11,102,432422,491
2025-26,12,119,432422,491
2025-26,13,125,432422,491
2025-26,14,139,432422,491
2025-26,15,148,432422,491
2025-26,16,159,432422,491
2025-26,17,168,432422,491
2025-26,18,177,432422,491
2025-26,19,183,432422,491
2025-26,20,198,432422,491
2025-26,21,209,432422,491
2025-26,22,220,432422,491
2025-26,23,229,432422,491
2025-26,24,235,432422,491
2025-26,1,7,432714,426
2025-26,2,15,432714,426
2025-26,3,27,432714,426
2025-26,4,31,432714,426
2025-26,5,44,432714,426
2025-26,6,59,432714,426
2025-26,7,69,432714,426
2025-26,8,77,432714,426
2025-26,9,83,432714,426
2025-26,10,97,432714,426
2025-26,11,107,432714,426
2025-26,12,117,432714,426
2025-26,13,127,432714,426
2025-26,14,140,432714,426
2025-26,15,144,432714,426
2025-26,16,158,432714,426
2025-26,17,165,432714,426
2025-26,18,178,432714,426
2025-26,19,188,432714,426
2025-26,20,191,432714,426
2025-26,21,210,432714,426
2025-26,22,217,432714,426
2025-26,23,223,432714,426
2025-26,24,237,432714,426
2025-26,1,7,432720,182
2025-26,2,18,432720,182
2025-26,3,22,432720,182
2025-26,4,38,432720,182
2025-26,5,41,432720,182
2025-26,6,57,432720,182
2025-26,7,64,432720,182
2025-26,8,76,432720,182
2025-26,9,82,432720,182
2025-26,10,96,432720,182
2025-26,11,106,432720,182
2025-26,12,119,432720,182
2025-26,13,126,432720,182
2025-26,14,135,432720,182
2025-26,15,147,432720,182
2025-26,16,155,432720,182
2025-26,17,167,432720,182
2025-26,18,178,432720,182
2025-26,19,189,432720,182
2025-26,20,197,432720,182
2025-26,21,208,432720,182
2025-26,22,216,432720,182
2025-26,23,228,432720,182
2025-26,24,239,432720,182
2025-26,1,4,432830,106
2025-26,2,13,432830,106
2025-26,3,28,432830,106
2025-26,4,33,432830,106
2025-26,5,45,432830,106
2025-26,6,52,432830,106
2025-26,7,64,432830,106
2025-26,8,80,432830,106
2025-26,9,84,432830,106
2025-26,10,93,432830,106
2025-26,11,102,432830,106
2025-26,12,113,432830,106
2025-26,13,122,432830,106
2025-26,14,131,432830,106
2025-26,15,149,432830,106
2025-26,16,152,432830,106
2025-26,17,170,432830,106
2025-26,18,172,432830,106
2025-26,19,182,432830,106
2025-26,20,194,432830,106
2025-26,21,203,432830,106
2025-26,22,213,432830,106
2025-26,23,223,432830,106
2025-26,24,231,432830,106
2025-26,1,7,433036,427
2025-26,2,18,433036,427
2025-26,3,22,433036,427
2025-26,4,38,433036,427
2025-26,5,41,433036,427
2025-26,6,57,433036,427
2025-26,7,64,433036,427
2025-26,8,76,433036,427
2025-26,9,82,433036,427
2025-26,10,96,433036,427
2025-26,11,106,433036,427
2025-26,12,119,433036,427
2025-26,13,126,433036,427
2025-26,14,135,433036,427
2025-26,15,147,433036,427
2025-26,16,155,433036,427
2025-26,17,167,433036,427
2025-26,18,178,433036,427
2025-26,19,189,433036,427
2025-26,20,197,433036,427
2025-26,21,208,433036,427
2025-26,22,216,433036,427
2025-26,23,228,433036,427
2025-26,24,239,433036,427
2025-26,1,10,433154,300
2025-26,2,16,433154,300
2025-26,3,30,433154,300
2025-26,4,36,433154,300
2025-26,5,46,433154,300
2025-26,6,55,433154,300
2025-26,7,66,433154,300
2025-26,8,76,433154,300
2025-26,9,86,433154,300
2025-26,10,98,433154,300
2025-26,11,105,433154,300
2025-26,12,118,433154,300
2025-26,13,125,433154,300
2025-26,14,132,433154,300
2025-26,15,144,433154,300
2025-26,16,154,433154,300
2025-26,17,164,433154,300
2025-26,18,173,433154,300
2025-26,19,188,433154,300
2025-26,20,194,433154,300
2025-26,21,206,433154,300
2025-26,22,211,433154,300
2025-26,23,226,433154,300
2025-26,24,232,433154,300
2025-26,1,7,433312,648
2025-26,2,12,433312,648
2025-26,3,30,433312,648
2025-26,4,39,433312,648
2025-26,5,50,433312,648
2025-26,6,60,433312,648
2025-26,7,70,433312,648
2025-26,8,78,433312,648
2025-26,9,90,433312,648
2025-26,10,94,433312,648
2025-26,11,103,433312,648
2025-26,12,120,433312,648
2025-26,13,121,433312,648
2025-26,14,140,433312,648
2025-26,15,150,433312,648
2025-26,16,151,433312,648
2025-26,17,170,433312,648
2025-26,18,176,433312,648
2025-26,19,187,433312,648
2025-26,20,200,433312,648
2025-26,21,206,433312,648
2025-26,22,220,433312,648
2025-26,23,228,433312,648
2025-26,24,240,433312,648
2025-26,1,10,433952,357
2025-26,2,11,433952,357
2025-26,3,24,433952,357
2025-26,4,37,433952,357
2025-26,5,50,433952,357
2025-26,6,56,433952,357
2025-26,7,67,433952,357
2025-26,8,72,433952,357
2025-26,9,87,433952,357
2025-26,10,91,433952,357
2025-26,11,107,433952,357
2025-26,12,116,433952,357
2025-26,13,126,433952,357
2025-26,14,136,433952,357
2025-26,15,146,433952,357
2025-26,16,152,433952,357
2025-26,17,166,433952,357
2025-26,18,179,433952,357
2025-26,19,186,433952,357
2025-26,20,196,433952,357
2025-26,21,209,433952,357
2025-26,22,214,433952,357
2025-26,23,226,433952,357
2025-26,24,234,433952,357
2025-26,1,5,434399,541
2025-26,2,14,434399,541
2025-26,3,28,434399,541
2025-26,4,35,434399,541
2025-26,5,48,434399,541
2025-26,6,59,434399,541
2025-26,7,68,434399,541
2025-26,8,78,434399,541
2025-26,9,85,434399,541
2025-26,10,98,434399,541
2025-26,11,108,434399,541
2025-26,12,115,434399,541
2025-26,13,128,434399,541
2025-26,14,137,434399,541
2025-26,15,147,434399,541
2025-26,16,159,434399,541
2025-26,17,163,434399,541
2025-26,18,179,434399,541
2025-26,19,189,434399,541
2025-26,20,199,434399,541
2025-26,21,203,434399,541
2025-26,22,218,434399,541
2025-26,23,230,434399,541
2025-26,24,238,434399,541
2025-26,1,10,434752,344
2025-26,2,11,434752,344
2025-26,3,24,434752,344
2025-26,4,37,434752,344
2025-26,5,50,434752,344
2025-26,6,56,434752,344
2025-26,7,67,434752,344
2025-26,8,72,434752,344
2025-26,9,87,434752,344
2025-26,10,91,434752,344
2025-26,11,107,434752,344
2025-26,12,116,434752,344
2025-26,13,126,434752,344
2025-26,14,136,434752,344
2025-26,15,146,434752,344
2025-26,16,152,434752,344
2025-26,17,166,434752,344
2025-26,18,179,434752,344
2025-26,19,186,434752,344
2025-26,20,196,434752,344
2025-26,21,209,434752,344
2025-26,22,214,434752,344
2025-26,23,226,434752,344
2025-26,24,234,434752,344
2025-26,1,6,435973,217
2025-26,2,14,435973,217
2025-26,3,26,435973,217
2025-26,4,34,435973,217
2025-26,5,44,435973,217
2025-26,6,57,435973,217
2025-26,7,62,435973,217
2025-26,8,72,435973,217
2025-26,9,90,435973,217
2025-26,10,92,435973,217
2025-26,11,110,435973,217
2025-26,12,114,435973,217
2025-26,13,122,435973,217
2025-26,14,134,435973,217
2025-26,15,148,435973,217
2025-26,16,153,435973,217
2025-26,17,162,435973,217
2025-26,18,173,435973,217
2025-26,19,183,435973,217
2025-26,20,193,435973,217
2025-26,21,204,435973,217
2025-26,22,215,435973,217
2025-26,23,224,435973,217
2025-26,24,238,435973,217
2025-26,2,11,435997,698
2025-26,3,24,435997,698
2025-26,4,37,435997,698
2025-26,5,50,435997,698
2025-26,6,56,435997,698
2025-26,7,67,435997,698
2025-26,8,72,435997,698
2025-26,9,87,435997,698
2025-26,10,91,435997,698
2025-26,11,107,435997,698
2025-26,12,116,435997,698
2025-26,13,126,435997,698
2025-26,14,136,435997,698
2025-26,15,146,435997,698
2025-26,16,152,435997,698
2025-26,17,166,435997,698
2025-26,18,179,435997,698
2025-26,19,186,435997,698
2025-26,20,196,435997,698
2025-26,21,209,435997,698
2025-26,22,214,435997,698
2025-26,23,226,435997,698
2025-26,24,234,435997,698
2025-26,1,6,436234,590
2025-26,2,18,436234,590
2025-26,3,29,436234,590
2025-26,4,40,436234,590
2025-26,5,43,436234,590
2025-26,6,60,436234,590
2025-26,7,67,436234,590
2025-26,8,79,436234,590
2025-26,9,86,436234,590
2025-26,10,99,436234,590
2025-26,11,109,436234,590
2025-26,12,111,436234,590
2025-26,13,129,436234,590
2025-26,14,139,436234,590
2025-26,15,149,436234,590
2025-26,16,158,436234,590
2025-26,17,169,436234,590
2025-26,18,175,436234,590
2025-26,19,182,436234,590
2025-26,20,199,436234,590
2025-26,21,202,436234,590
2025-26,22,219,436234,590
2025-26,23,224,436234,590
2025-26,24,239,436234,590
2025-26,24,240,436416,806
2025-26,1,1,436893,78
2025-26,2,12,436893,78
2025-26,3,29,436893,78
2025-26,4,32,436893,78
2025-26,5,42,436893,78
2025-26,6,56,436893,78
2025-26,7,63,436893,78
2025-26,8,73,436893,78
2025-26,9,83,436893,78
2025-26,10,96,436893,78
2025-26,11,101,436893,78
2025-26,12,112,436893,78
2025-26,13,128,436893,78
2025-26,14,132,436893,78
2025-26,15,142,436893,78
2025-26,16,157,436893,78
2025-26,17,162,436893,78
2025-26,18,172,436893,78
2025-26,19,184,436893,78
2025-26,20,192,436893,78
2025-26,21,202,436893,78
2025-26,22,212,436893,78
2025-26,23,222,436893,78
2025-26,24,240,436893,78
2025-26,1,10,437495,339
2025-26,2,11,437495,339
2025-26,3,24,437495,339
2025-26,4,37,437495,339
2025-26,5,50,437495,339
2025-26,6,56,437495,339
2025-26,7,67,437495,339
2025-26,8,72,437495,339
2025-26,9,87,437495,339
2025-26,10,91,437495,339
2025-26,11,107,437495,339
2025-26,12,116,437495,339
2025-26,13,126,437495,339
2025-26,14,136,437495,339
2025-26,15,146,437495,339
2025-26,16,152,437495,339
2025-26,17,166,437495,339
2025-26,18,179,437495,339
2025-26,19,186,437495,339
2025-26,20,196,437495,339
2025-26,21,209,437495,339
2025-26,22,214,437495,339
2025-26,23,226,437495,339
2025-26,24,234,437495,339
2025-26,1,8,437499,257
2025-26,2,15,437499,257
2025-26,3,21,437499,257
2025-26,4,35,437499,257
2025-26,5,49,437499,257
2025-26,6,54,437499,257
2025-26,7,66,437499,257
2025-26,8,73,437499,257
2025-26,9,81,437499,257
2025-26,10,93,437499,257
2025-26,11,104,437499,257
2025-26,12,120,437499,257
2025-26,13,124,437499,257
2025-26,14,134,437499,257
2025-26,15,145,437499,257
2025-26,16,155,437499,257
2025-26,17,166,437499,257
2025-26,18,175,437499,257
2025-26,19,185,437499,257
2025-26,20,198,437499,257
2025-26,21,205,437499,257
2025-26,22,218,437499,257
2025-26,23,225,437499,257
2025-26,24,237,437499,257
2025-26,1,5,437505,560
2025-26,2,14,437505,560
2025-26,3,28,437505,560
2025-26,4,35,437505,560
2025-26,5,48,437505,560
2025-26,6,59,437505,560
2025-26,7,68,437505,560
2025-26,8,78,437505,560
2025-26,9,85,437505,560
2025-26,10,98,437505,560
2025-26,11,108,437505,560
2025-26,12,115,437505,560
2025-26,13,128,437505,560
2025-26,14,137,437505,560
2025-26,15,147,437505,560
2025-26,16,159,437505,560
2025-26,17,163,437505,560
2025-26,18,179,437505,560
2025-26,19,189,437505,560
2025-26,20,199,437505,560
2025-26,21,203,437505,560
2025-26,22,218,437505,560
2025-26,23,230,437505,560
2025-26,24,238,437505,560
2025-26,1,1,437730,82
2025-26,2,12,437730,82
2025-26,3,29,437730,82
2025-26,4,32,437730,82
2025-26,5,42,437730,82
2025-26,6,56,437730,82
2025-26,7,63,437730,82
2025-26,8,73,437730,82
2025-26,9,83,437730,82
2025-26,10,96,437730,82
2025-26,11,101,437730,82
2025-26,12,112,437730,82
2025-26,13,128,437730,82
2025-26,14,132,437730,82
2025-26,15,142,437730,82
2025-26,16,157,437730,82
2025-26,17,162,437730,82
2025-26,18,172,437730,82
2025-26,19,184,437730,82
2025-26,20,192,437730,82
2025-26,21,202,437730,82
2025-26,22,216,437730,82
2025-26,23,228,437730,82
2025-26,24,239,437730,82
2025-26,1,10,437738,345
2025-26,2,11,437738,345
2025-26,3,24,437738,345
2025-26,4,37,437738,345
2025-26,5,50,437738,345
2025-26,6,56,437738,345
2025-26,7,67,437738,345
2025-26,8,72,437738,345
2025-26,9,87,437738,345
2025-26,10,91,437738,345
2025-26,11,107,437738,345
2025-26,12,116,437738,345
2025-26,13,126,437738,345
2025-26,14,136,437738,345
2025-26,15,146,437738,345
2025-26,16,152,437738,345
2025-26,17,166,437738,345
2025-26,18,179,437738,345
2025-26,19,186,437738,345
2025-26,20,196,437738,345
2025-26,21,209,437738,345
2025-26,22,214,437738,345
2025-26,23,226,437738,345
2025-26,24,234,437738,345
2025-26,1,9,437742,29
2025-26,2,11,437742,29
2025-26,3,25,437742,29
2025-26,4,31,437742,29
2025-26,5,41,437742,29
2025-26,6,58,437742,29
2025-26,7,61,437742,29
2025-26,8,74,437742,29
2025-26,9,81,437742,29
2025-26,10,92,437742,29
2025-26,11,108,437742,29
2025-26,12,111,437742,29
2025-26,13,123,437742,29
2025-26,14,131,437742,29
2025-26,15,141,437742,29
2025-26,16,151,437742,29
2025-26,17,164,437742,29
2025-26,18,171,437742,29
2025-26,19,181,437742,29
2025-26,20,192,437742,29
2025-26,21,201,437742,29
2025-26,22,217,437742,29
2025-26,23,221,437742,29
2025-26,24,234,437742,29
2025-26,1,6,437748,214
2025-26,2,14,437748,214
2025-26,3,26,437748,214
2025-26,4,34,437748,214
2025-26,5,44,437748,214
2025-26,6,57,437748,214
2025-26,7,62,437748,214
2025-26,8,72,437748,214
2025-26,9,90,437748,214
2025-26,10,92,437748,214
2025-26,11,110,437748,214
2025-26,12,114,437748,214
2025-26,13,122,437748,214
2025-26,14,134,437748,214
2025-26,15,148,437748,214
2025-26,16,153,437748,214
2025-26,17,162,437748,214
2025-26,18,173,437748,214
2025-26,19,183,437748,214
2025-26,20,193,437748,214
2025-26,21,204,437748,214
2025-26,22,215,437748,214
2025-26,23,224,437748,214
2025-26,24,238,437748,214
2025-26,1,9,438098,23
2025-26,2,11,438098,23
2025-26,3,25,438098,23
2025-26,4,31,438098,23
2025-26,5,41,438098,23
2025-26,6,58,438098,23
2025-26,7,61,438098,23
2025-26,8,74,438098,23
2025-26,9,81,438098,23
2025-26,10,92,438098,23
2025-26,11,108,438098,23
2025-26,12,111,438098,23
2025-26,13,123,438098,23
2025-26,14,131,438098,23
2025-26,15,141,438098,23
2025-26,16,151,438098,23
2025-26,17,164,438098,23
2025-26,18,171,438098,23
2025-26,19,181,438098,23
2025-26,20,192,438098,23
2025-26,21,201,438098,23
2025-26,22,217,438098,23
2025-26,23,221,438098,23
2025-26,24,234,438098,23
2025-26,1,7,438234,413
2025-26,2,18,438234,413
2025-26,3,22,438234,413
2025-26,4,38,438234,413
2025-26,5,41,438234,413
2025-26,6,57,438234,413
2025-26,7,64,438234,413
2025-26,8,76,438234,413
2025-26,9,82,438234,413
2025-26,10,96,438234,413
2025-26,11,106,438234,413
2025-26,12,119,438234,413
2025-26,13,126,438234,413
2025-26,14,135,438234,413
2025-26,15,147,438234,413
2025-26,16,155,438234,413
2025-26,17,167,438234,413
2025-26,18,178,438234,413
2025-26,19,189,438234,413
2025-26,20,197,438234,413
2025-26,21,208,438234,413
2025-26,22,216,438234,413
2025-26,23,228,438234,413
2025-26,24,239,438234,413
2025-26,1,8,438464,268
2025-26,2,15,438464,268
2025-26,3,21,438464,268
2025-26,4,35,438464,268
2025-26,5,49,438464,268
2025-26,6,54,438464,268
2025-26,7,66,438464,268
2025-26,8,73,438464,268
2025-26,9,81,438464,268
2025-26,10,93,438464,268
2025-26,11,104,438464,268
2025-26,12,120,438464,268
2025-26,13,124,438464,268
2025-26,14,134,438464,268
2025-26,15,145,438464,268
2025-26,16,155,438464,268
2025-26,17,166,438464,268
2025-26,18,175,438464,268
2025-26,19,185,438464,268
2025-26,20,198,438464,268
2025-26,21,205,438464,268
2025-26,22,218,438464,268
2025-26,23,225,438464,268
2025-26,24,237,438464,268
2025-26,1,3,439135,154
2025-26,2,16,439135,154
2025-26,3,22,439135,154
2025-26,4,32,439135,154
2025-26,5,43,439135,154
2025-26,6,53,439135,154
2025-26,7,70,439135,154
2025-26,8,71,439135,154
2025-26,9,88,439135,154
2025-26,10,91,439135,154
2025-26,11,104,439135,154
2025-26,12,113,439135,154
2025-26,13,127,439135,154
2025-26,14,133,439135,154
2025-26,15,143,439135,154
2025-26,16,156,439135,154
2025-26,17,163,439135,154
2025-26,18,171,439135,154
2025-26,19,190,439135,154
2025-26,20,193,439135,154
2025-26,21,208,439135,154
2025-26,22,212,439135,154
2025-26,23,227,439135,154
2025-26,24,232,439135,154
2025-26,1,4,440089,121
2025-26,2,13,440089,121
2025-26,3,28,440089,121
2025-26,4,33,440089,121
2025-26,5,45,440089,121
2025-26,6,52,440089,121
2025-26,7,64,440089,121
2025-26,8,80,440089,121
2025-26,9,84,440089,121
2025-26,10,93,440089,121
2025-26,11,102,440089,121
2025-26,12,113,440089,121
2025-26,13,122,440089,121
2025-26,14,131,440089,121
2025-26,15,149,440089,121
2025-26,16,152,440089,121
2025-26,17,170,440089,121
2025-26,18,172,440089,121
2025-26,19,182,440089,121
2025-26,20,194,440089,121
2025-26,21,203,440089,121
2025-26,22,213,440089,121
2025-26,23,223,440089,121
2025-26,24,231,440089,121
2025-26,1,1,440148,395
2025-26,2,19,440148,395
2025-26,3,25,440148,395
2025-26,4,34,440148,395
2025-26,5,46,440148,395
2025-26,6,54,440148,395
2025-26,7,65,440148,395
2025-26,8,75,440148,395
2025-26,9,84,440148,395
2025-26,10,95,440148,395
2025-26,11,106,440148,395
2025-26,12,117,440148,395
2025-26,13,130,440148,395
2025-26,14,137,440148,395
2025-26,15,146,440148,395
2025-26,16,156,440148,395
2025-26,17,169,440148,395
2025-26,18,176,440148,395
2025-26,19,186,440148,395
2025-26,20,195,440148,395
2025-26,21,201,440148,395
2025-26,22,215,440148,395
2025-26,23,222,440148,395
2025-26,24,235,440148,395
2025-26,1,6,440323,680
2025-26,2,14,440323,680
2025-26,3,26,440323,680
2025-26,4,34,440323,680
2025-26,5,44,440323,680
2025-26,6,57,440323,680
2025-26,7,62,440323,680
2025-26,8,72,440323,680
2025-26,9,90,440323,680
2025-26,10,92,440323,680
2025-26,11,110,440323,680
2025-26,12,114,440323,680
2025-26,13,122,440323,680
2025-26,14,134,440323,680
2025-26,15,148,440323,680
2025-26,16,153,440323,680
2025-26,17,162,440323,680
2025-26,18,173,440323,680
2025-26,19,183,440323,680
2025-26,20,193,440323,680
2025-26,21,204,440323,680
2025-26,22,215,440323,680
2025-26,23,224,440323,680
2025-26,24,238,440323,680
2025-26,1,9,440854,9
2025-26,2,11,440854,9
2025-26,3,25,440854,9
2025-26,4,31,440854,9
2025-26,5,41,440854,9
2025-26,6,58,440854,9
2025-26,7,61,440854,9
2025-26,8,74,440854,9
2025-26,9,81,440854,9
2025-26,10,92,440854,9
2025-26,11,108,440854,9
2025-26,12,111,440854,9
2025-26,13,123,440854,9
2025-26,14,131,440854,9
2025-26,15,141,440854,9
2025-26,16,151,440854,9
2025-26,17,164,440854,9
2025-26,18,171,440854,9
2025-26,19,181,440854,9
2025-26,20,192,440854,9
2025-26,21,201,440854,9
2025-26,22,217,440854,9
2025-26,23,221,440854,9
2025-26,24,234,440854,9
2025-26,1,5,440955,564
2025-26,2,14,440955,564
2025-26,3,28,440955,564
2025-26,4,35,440955,564
2025-26,5,48,440955,564
2025-26,6,59,440955,564
2025-26,7,68,440955,564
2025-26,8,78,440955,564
2025-26,9,85,440955,564
2025-26,10,98,440955,564
2025-26,11,108,440955,564
2025-26,12,115,440955,564
2025-26,13,128,440955,564
2025-26,14,137,440955,564
2025-26,15,147,440955,564
2025-26,16,159,440955,564
2025-26,17,163,440955,564
2025-26,18,179,440955,564
2025-26,19,189,440955,564
2025-26,20,199,440955,564
2025-26,21,203,440955,564
2025-26,22,218,440955,564
2025-26,23,230,440955,564
2025-26,24,238,440955,564
2025-26,1,10,440993,299
2025-26,2,16,440993,299
2025-26,3,30,440993,299
2025-26,4,36,440993,299
2025-26,5,46,440993,299
2025-26,6,55,440993,299
2025-26,7,66,440993,299
2025-26,8,76,440993,299
2025-26,9,86,440993,299
2025-26,10,98,440993,299
2025-26,11,105,440993,299
2025-26,12,118,440993,299
2025-26,13,125,440993,299
2025-26,14,132,440993,299
2025-26,15,144,440993,299
2025-26,16,154,440993,299
2025-26,17,164,440993,299
2025-26,18,173,440993,299
2025-26,19,188,440993,299
2025-26,20,194,440993,299
2025-26,21,206,440993,299
2025-26,22,211,440993,299
2025-26,23,226,440993,299
2025-26,24,232,440993,299
2025-26,1,2,441024,482
2025-26,2,19,441024,482
2025-26,3,24,441024,482
2025-26,4,39,441024,482
2025-26,5,42,441024,482
2025-26,6,58,441024,482
2025-26,7,69,441024,482
2025-26,8,71,441024,482
2025-26,9,89,441024,482
2025-26,10,100,441024,482
2025-26,11,102,441024,482
2025-26,12,119,441024,482
2025-26,13,125,441024,482
2025-26,14,139,441024,482
2025-26,15,148,441024,482
2025-26,16,159,441024,482
2025-26,17,168,441024,482
2025-26,18,177,441024,482
2025-26,19,183,441024,482
2025-26,20,198,441024,482
2025-26,21,209,441024,482
2025-26,22,220,441024,482
2025-26,23,229,441024,482
2025-26,24,235,441024,482
2025-26,1,6,441164,568
2025-26,2,18,441164,568
2025-26,3,29,441164,568
2025-26,4,40,441164,568
2025-26,5,43,441164,568
2025-26,6,60,441164,568
2025-26,7,67,441164,568
2025-26,8,79,441164,568
2025-26,9,86,441164,568
2025-26,10,99,441164,568
2025-26,11,109,441164,568
2025-26,12,111,441164,568
2025-26,13,129,441164,568
2025-26,14,139,441164,568
2025-26,15,149,441164,568
2025-26,16,158,441164,568
2025-26,17,169,441164,568
2025-26,18,175,441164,568
2025-26,19,182,441164,568
2025-26,20,199,441164,568
2025-26,21,202,441164,568
2025-26,22,219,441164,568
2025-26,23,224,441164,568
2025-26,24,239,441164,568
2025-26,1,2,441191,477
2025-26,2,19,441191,477
2025-26,3,24,441191,477
2025-26,4,39,441191,477
2025-26,5,42,441191,477
2025-26,6,58,441191,477
2025-26,7,69,441191,477
2025-26,8,71,441191,477
2025-26,9,89,441191,477
2025-26,10,100,441191,477
2025-26,11,102,441191,477
2025-26,12,119,441191,477
2025-26,13,125,441191,477
2025-26,14,139,441191,477
2025-26,15,148,441191,477
2025-26,16,159,441191,477
2025-26,17,168,441191,477
2025-26,18,177,441191,477
2025-26,19,183,441191,477
2025-26,20,198,441191,477
2025-26,21,209,441191,477
2025-26,22,220,441191,477
2025-26,23,229,441191,477
2025-26,24,235,441191,477
2025-26,1,3,441192,171
2025-26,2,16,441192,171
2025-26,3,22,441192,171
2025-26,4,32,441192,171
2025-26,5,43,441192,171
2025-26,6,53,441192,171
2025-26,7,70,441192,171
2025-26,8,71,441192,171
2025-26,9,88,441192,171
2025-26,10,91,441192,171
2025-26,11,104,441192,171
2025-26,12,113,441192,171
2025-26,13,127,441192,171
2025-26,14,133,441192,171
2025-26,15,143,441192,171
2025-26,16,156,441192,171
2025-26,17,163,441192,171
2025-26,18,171,441192,171
2025-26,19,190,441192,171
2025-26,20,193,441192,171
2025-26,21,208,441192,171
2025-26,22,212,441192,171
2025-26,23,227,441192,171
2025-26,24,232,441192,171
2025-26,1,1,441240,92
2025-26,2,12,441240,92
2025-26,3,29,441240,92
2025-26,4,32,441240,92
2025-26,5,42,441240,92
2025-26,6,56,441240,92
2025-26,7,63,441240,92
2025-26,8,73,441240,92
2025-26,9,83,441240,92
2025-26,10,96,441240,92
2025-26,11,101,441240,92
2025-26,12,112,441240,92
2025-26,13,128,441240,92
2025-26,14,132,441240,92
2025-26,15,142,441240,92
2025-26,16,157,441240,92
2025-26,17,162,441240,92
2025-26,18,172,441240,92
2025-26,19,184,441240,92
2025-26,20,192,441240,92
2025-26,21,202,441240,92
2025-26,22,212,441240,92
2025-26,23,222,441240,92
2025-26,24,240,441240,92
2025-26,4,35,441264,730
2025-26,5,48,441264,730
2025-26,6,59,441264,730
2025-26,7,68,441264,730
2025-26,8,78,441264,730
2025-26,9,85,441264,730
2025-26,10,98,441264,730
2025-26,11,108,441264,730
2025-26,12,115,441264,730
2025-26,13,128,441264,730
2025-26,14,137,441264,730
2025-26,15,147,441264,730
2025-26,16,159,441264,730
2025-26,17,163,441264,730
2025-26,18,179,441264,730
2025-26,19,189,441264,730
2025-26,20,199,441264,730
2025-26,21,203,441264,730
2025-26,22,218,441264,730
2025-26,23,230,441264,730
2025-26,24,238,441264,730
2025-26,1,1,441266,390
2025-26,2,19,441266,390
2025-26,3,25,441266,390
2025-26,4,34,441266,390
2025-26,5,46,441266,390
2025-26,6,54,441266,390
2025-26,7,65,441266,390
2025-26,8,75,441266,390
2025-26,9,84,441266,390
2025-26,10,95,441266,390
2025-26,11,106,441266,390
2025-26,12,117,441266,390
2025-26,13,130,441266,390
2025-26,14,137,441266,390
2025-26,15,146,441266,390
2025-26,16,156,441266,390
2025-26,17,169,441266,390
2025-26,18,176,441266,390
2025-26,19,186,441266,390
2025-26,20,195,441266,390
2025-26,21,201,441266,390
2025-26,22,215,441266,390
2025-26,23,222,441266,390
2025-26,24,235,441266,390
2025-26,1,7,441271,638
2025-26,2,12,441271,638
2025-26,3,30,441271,638
2025-26,4,39,441271,638
2025-26,5,50,441271,638
2025-26,6,60,441271,638
2025-26,7,70,441271,638
2025-26,8,78,441271,638
2025-26,9,90,441271,638
2025-26,10,94,441271,638
2025-26,11,103,441271,638
2025-26,12,120,441271,638
2025-26,13,121,441271,638
2025-26,14,140,441271,638
2025-26,15,150,441271,638
2025-26,16,151,441271,638
2025-26,17,170,441271,638
2025-26,18,176,441271,638
2025-26,19,187,441271,638
2025-26,20,200,441271,638
2025-26,21,206,441271,638
2025-26,22,220,441271,638
2025-26,23,228,441271,638
2025-26,24,240,441271,638
2025-26,1,2,441302,39
2025-26,2,13,441302,39
2025-26,3,21,441302,39
2025-26,4,36,441302,39
2025-26,5,48,441302,39
2025-26,6,51,441302,39
2025-26,7,62,441302,39
2025-26,8,79,441302,39
2025-26,9,82,441302,39
2025-26,10,95,441302,39
2025-26,11,101,441302,39
2025-26,12,116,441302,39
2025-26,13,121,441302,39
2025-26,14,133,441302,39
2025-26,15,141,441302,39
2025-26,16,160,441302,39
2025-26,17,161,441302,39
2025-26,18,174,441302,39
2025-26,19,181,441302,39
2025-26,20,191,441302,39
2025-26,21,205,441302,39
2025-26,22,211,441302,39
2025-26,23,229,441302,39
2025-26,24,231,441302,39
2025-26,1,1,444102,97
2025-26,2,12,444102,97
2025-26,3,29,444102,97
2025-26,4,32,444102,97
2025-26,5,42,444102,97
2025-26,6,56,444102,97
2025-26,7,63,444102,97
2025-26,8,73,444102,97
2025-26,9,83,444102,97
2025-26,10,96,444102,97
2025-26,11,101,444102,97
2025-26,12,112,444102,97
2025-26,13,128,444102,97
2025-26,14,132,444102,97
2025-26,15,142,444102,97
2025-26,16,157,444102,97
2025-26,17,162,444102,97
2025-26,18,172,444102,97
2025-26,19,184,444102,97
2025-26,20,192,444102,97
2025-26,21,202,444102,97
2025-26,22,212,444102,97
2025-26,23,222,444102,97
2025-26,24,240,444102,97
2025-26,1,9,444145,19
2025-26,2,11,444145,19
2025-26,3,25,444145,19
2025-26,4,31,444145,19
2025-26,5,41,444145,19
2025-26,6,58,444145,19
2025-26,7,61,444145,19
2025-26,8,74,444145,19
2025-26,9,81,444145,19
2025-26,10,92,444145,19
2025-26,11,108,444145,19
2025-26,12,111,444145,19
2025-26,13,123,444145,19
2025-26,14,131,444145,19
2025-26,15,141,444145,19
2025-26,16,151,444145,19
2025-26,17,164,444145,19
2025-26,18,171,444145,19
2025-26,19,181,444145,19
2025-26,20,192,444145,19
2025-26,21,201,444145,19
2025-26,22,217,444145,19
2025-26,23,221,444145,19
2025-26,24,234,444145,19
2025-26,1,1,444172,68
2025-26,2,12,444172,68
2025-26,3,29,444172,68
2025-26,4,32,444172,68
2025-26,5,42,444172,68
2025-26,6,56,444172,68
2025-26,7,63,444172,68
2025-26,8,73,444172,68
2025-26,9,83,444172,68
2025-26,10,96,444172,68
2025-26,11,101,444172,68
2025-26,12,112,444172,68
2025-26,13,128,444172,68
2025-26,14,132,444172,68
2025-26,15,142,444172,68
2025-26,16,157,444172,68
2025-26,17,162,444172,68
2025-26,18,172,444172,68
2025-26,19,184,444172,68
2025-26,20,192,444172,68
2025-26,21,202,444172,68
2025-26,22,212,444172,68
2025-26,23,222,444172,68
2025-26,24,240,444172,68
2025-26,1,6,444180,200
2025-26,2,14,444180,200
2025-26,3,26,444180,200
2025-26,4,34,444180,200
2025-26,5,44,444180,200
2025-26,6,57,444180,200
2025-26,7,62,444180,200
2025-26,8,72,444180,200
2025-26,9,90,444180,200
2025-26,10,92,444180,200
2025-26,11,110,444180,200
2025-26,12,114,444180,200
2025-26,13,122,444180,200
2025-26,14,134,444180,200
2025-26,15,148,444180,200
2025-26,16,153,444180,200
2025-26,17,162,444180,200
2025-26,18,173,444180,200
2025-26,19,183,444180,200
2025-26,20,193,444180,200
2025-26,21,204,444180,200
2025-26,22,215,444180,200
2025-26,23,224,444180,200
2025-26,24,238,444180,200
2025-26,1,8,444463,230
2025-26,2,20,444463,230
2025-26,3,23,444463,230
2025-26,4,33,444463,230
2025-26,5,47,444463,230
2025-26,6,53,444463,230
2025-26,7,65,444463,230
2025-26,8,77,444463,230
2025-26,9,85,444463,230
2025-26,10,99,444463,230
2025-26,11,103,444463,230
2025-26,12,114,444463,230
2025-26,13,123,444463,230
2025-26,14,136,444463,230
2025-26,15,142,444463,230
2025-26,16,154,444463,230
2025-26,17,168,444463,230
2025-26,18,174,444463,230
2025-26,19,184,444463,230
2025-26,20,197,444463,230
2025-26,21,207,444463,230
2025-26,22,213,444463,230
2025-26,23,225,444463,230
2025-26,24,233,444463,230
2025-26,1,4,444765,113
2025-26,2,13,444765,113
2025-26,3,28,444765,113
2025-26,4,33,444765,113
2025-26,5,45,444765,113
2025-26,6,52,444765,113
2025-26,7,64,444765,113
2025-26,8,80,444765,113
2025-26,9,84,444765,113
2025-26,10,93,444765,113
2025-26,11,102,444765,113
2025-26,12,113,444765,113
2025-26,13,122,444765,113
2025-26,14,131,444765,113
2025-26,15,149,444765,113
2025-26,16,152,444765,113
2025-26,17,170,444765,113
2025-26,18,172,444765,113
2025-26,19,182,444765,113
2025-26,20,194,444765,113
2025-26,21,203,444765,113
2025-26,22,213,444765,113
2025-26,23,223,444765,113
2025-26,24,231,444765,113
2025-26,1,1,444884,389
2025-26,2,19,444884,389
2025-26,3,25,444884,389
2025-26,4,36,444884,389
2025-26,5,48,444884,389
2025-26,6,51,444884,389
2025-26,7,62,444884,389
2025-26,8,79,444884,389
2025-26,9,82,444884,389
2025-26,10,95,444884,389
2025-26,11,101,444884,389
2025-26,12,116,444884,389
2025-26,13,121,444884,389
2025-26,14,133,444884,389
2025-26,15,141,444884,389
2025-26,16,160,444884,389
2025-26,17,161,444884,389
2025-26,18,174,444884,389
2025-26,19,181,444884,389
2025-26,20,191,444884,389
2025-26,21,205,444884,389
2025-26,22,211,444884,389
2025-26,23,229,444884,389
2025-26,24,231,444884,389
2025-26,1,6,445044,583
2025-26,2,18,445044,583
2025-26,3,29,445044,583
2025-26,4,40,445044,583
2025-26,5,43,445044,583
2025-26,6,60,445044,583
2025-26,7,67,445044,583
2025-26,8,79,445044,583
2025-26,9,86,445044,583
2025-26,10,99,445044,583
2025-26,11,109,445044,583
2025-26,12,111,445044,583
2025-26,13,129,445044,583
2025-26,14,139,445044,583
2025-26,15,149,445044,583
2025-26,16,158,445044,583
2025-26,17,169,445044,583
2025-26,18,175,445044,583
2025-26,19,182,445044,583
2025-26,20,199,445044,583
2025-26,21,202,445044,583
2025-26,22,219,445044,583
2025-26,23,224,445044,583
2025-26,24,239,445044,583
2025-26,1,9,445122,8
2025-26,2,11,445122,8
2025-26,3,25,445122,8
2025-26,4,31,445122,8
2025-26,5,41,445122,8
2025-26,6,58,445122,8
2025-26,7,61,445122,8
2025-26,8,74,445122,8
2025-26,9,81,445122,8
2025-26,10,92,445122,8
2025-26,11,108,445122,8
2025-26,12,111,445122,8
2025-26,13,123,445122,8
2025-26,14,131,445122,8
2025-26,15,141,445122,8
2025-26,16,151,445122,8
2025-26,17,164,445122,8
2025-26,18,171,445122,8
2025-26,19,181,445122,8
2025-26,20,192,445122,8
2025-26,21,201,445122,8
2025-26,22,217,445122,8
2025-26,23,221,445122,8
2025-26,24,234,445122,8
2025-26,1,9,446008,119
2025-26,2,17,446008,119
2025-26,3,26,446008,119
2025-26,4,38,446008,119
2025-26,5,47,446008,119
2025-26,6,52,446008,119
2025-26,7,68,446008,119
2025-26,8,75,446008,119
2025-26,9,88,446008,119
2025-26,10,97,446008,119
2025-26,11,109,446008,119
2025-26,12,118,446008,119
2025-26,13,124,446008,119
2025-26,14,138,446008,119
2025-26,15,150,446008,119
2025-26,16,157,446008,119
2025-26,17,161,446008,119
2025-26,18,177,446008,119
2025-26,19,187,446008,119
2025-26,20,196,446008,119
2025-26,21,204,446008,119
2025-26,22,216,446008,119
2025-26,23,221,446008,119
2025-26,24,236,446008,119
2025-26,1,1,447203,397
2025-26,2,19,447203,397
2025-26,3,25,447203,397
2025-26,4,34,447203,397
2025-26,5,46,447203,397
2025-26,6,54,447203,397
2025-26,7,65,447203,397
2025-26,8,75,447203,397
2025-26,9,84,447203,397
2025-26,10,95,447203,397
2025-26,11,106,447203,397
2025-26,12,117,447203,397
2025-26,13,130,447203,397
2025-26,14,137,447203,397
2025-26,15,146,447203,397
2025-26,16,156,447203,397
2025-26,17,169,447203,397
2025-26,18,176,447203,397
2025-26,19,186,447203,397
2025-26,20,195,447203,397
2025-26,21,201,447203,397
2025-26,22,215,447203,397
2025-26,23,222,447203,397
2025-26,24,235,447203,397
2025-26,1,10,447325,289
2025-26,2,16,447325,289
2025-26,3,30,447325,289
2025-26,4,36,447325,289
2025-26,5,46,447325,289
2025-26,6,55,447325,289
2025-26,7,66,447325,289
2025-26,8,76,447325,289
2025-26,9,86,447325,289
2025-26,10,98,447325,289
2025-26,11,105,447325,289
2025-26,12,118,447325,289
2025-26,13,125,447325,289
2025-26,14,132,447325,289
2025-26,15,144,447325,289
2025-26,16,154,447325,289
2025-26,17,164,447325,289
2025-26,18,173,447325,289
2025-26,19,188,447325,289
2025-26,20,194,447325,289
2025-26,21,206,447325,289
2025-26,22,211,447325,289
2025-26,23,226,447325,289
2025-26,24,232,447325,289
2025-26,1,6,447715,211
2025-26,2,14,447715,211
2025-26,3,26,447715,211
2025-26,4,34,447715,211
2025-26,5,44,447715,211
2025-26,6,57,447715,211
2025-26,7,62,447715,211
2025-26,8,72,447715,211
2025-26,9,90,447715,211
2025-26,10,92,447715,211
2025-26,11,110,447715,211
2025-26,12,114,447715,211
2025-26,13,122,447715,211
2025-26,14,134,447715,211
2025-26,15,148,447715,211
2025-26,16,153,447715,211
2025-26,17,162,447715,211
2025-26,18,173,447715,211
2025-26,19,183,447715,211
2025-26,20,193,447715,211
2025-26,21,204,447715,211
2025-26,22,215,447715,211
2025-26,23,224,447715,211
2025-26,24,238,447715,211
2025-26,1,8,448047,237
2025-26,2,20,448047,237
2025-26,3,23,448047,237
2025-26,4,33,448047,237
2025-26,5,47,448047,237
2025-26,6,53,448047,237
2025-26,7,65,448047,237
2025-26,8,77,448047,237
2025-26,9,85,448047,237
2025-26,10,99,448047,237
2025-26,11,103,448047,237
2025-26,12,114,448047,237
2025-26,13,123,448047,237
2025-26,14,136,448047,237
2025-26,15,142,448047,237
2025-26,16,154,448047,237
2025-26,17,168,448047,237
2025-26,18,174,448047,237
2025-26,19,184,448047,237
2025-26,20,197,448047,237
2025-26,21,207,448047,237
2025-26,22,213,448047,237
2025-26,23,225,448047,237
2025-26,24,233,448047,237
2025-26,1,7,448089,646
2025-26,2,12,448089,646
2025-26,3,30,448089,646
2025-26,4,39,448089,646
2025-26,5,50,448089,646
2025-26,6,60,448089,646
2025-26,7,70,448089,646
2025-26,8,78,448089,646
2025-26,9,90,448089,646
2025-26,10,94,448089,646
2025-26,11,103,448089,646
2025-26,12,120,448089,646
2025-26,13,121,448089,646
2025-26,14,140,448089,646
2025-26,15,150,448089,646
2025-26,16,151,448089,646
2025-26,17,170,448089,646
2025-26,18,176,448089,646
2025-26,19,187,448089,646
2025-26,20,200,448089,646
2025-26,21,206,448089,646
2025-26,22,220,448089,646
2025-26,23,228,448089,646
2025-26,24,240,448089,646
2025-26,4,31,448104,725
2025-26,5,41,448104,725
2025-26,6,58,448104,725
2025-26,7,61,448104,725
2025-26,8,74,448104,725
2025-26,9,81,448104,725
2025-26,10,92,448104,725
2025-26,11,108,448104,725
2025-26,12,111,448104,725
2025-26,13,123,448104,725
2025-26,14,131,448104,725
2025-26,15,141,448104,725
2025-26,16,151,448104,725
2025-26,17,164,448104,725
2025-26,18,171,448104,725
2025-26,19,181,448104,725
2025-26,20,192,448104,725
2025-26,21,201,448104,725
2025-26,22,217,448104,725
2025-26,23,221,448104,725
2025-26,24,234,448104,725
2025-26,1,7,448514,402
2025-26,2,18,448514,402
2025-26,3,22,448514,402
2025-26,4,38,448514,402
2025-26,5,41,448514,402
2025-26,6,57,448514,402
2025-26,7,64,448514,402
2025-26,8,76,448514,402
2025-26,9,82,448514,402
2025-26,10,96,448514,402
2025-26,11,106,448514,402
2025-26,12,119,448514,402
2025-26,13,126,448514,402
2025-26,14,135,448514,402
2025-26,15,147,448514,402
2025-26,16,155,448514,402
2025-26,17,167,448514,402
2025-26,18,178,448514,402
2025-26,19,189,448514,402
2025-26,20,197,448514,402
2025-26,21,208,448514,402
2025-26,22,216,448514,402
2025-26,23,228,448514,402
2025-26,24,239,448514,402
2025-26,1,1,449027,367
2025-26,2,19,449027,367
2025-26,3,25,449027,367
2025-26,4,34,449027,367
2025-26,5,46,449027,367
2025-26,6,54,449027,367
2025-26,7,65,449027,367
2025-26,8,75,449027,367
2025-26,9,84,449027,367
2025-26,10,95,449027,367
2025-26,11,106,449027,367
2025-26,12,117,449027,367
2025-26,13,130,449027,367
2025-26,14,137,449027,367
2025-26,15,146,449027,367
2025-26,16,156,449027,367
2025-26,17,169,449027,367
2025-26,18,176,449027,367
2025-26,19,186,449027,367
2025-26,20,195,449027,367
2025-26,21,201,449027,367
2025-26,22,215,449027,367
2025-26,23,222,449027,367
2025-26,24,235,449027,367
2025-26,1,2,449434,486
2025-26,2,19,449434,486
2025-26,3,24,449434,486
2025-26,4,39,449434,486
2025-26,5,42,449434,486
2025-26,6,58,449434,486
2025-26,7,69,449434,486
2025-26,8,71,449434,486
2025-26,9,89,449434,486
2025-26,10,100,449434,486
2025-26,11,102,449434,486
2025-26,12,119,449434,486
2025-26,13,125,449434,486
2025-26,14,139,449434,486
2025-26,15,148,449434,486
2025-26,16,159,449434,486
2025-26,17,168,449434,486
2025-26,18,177,449434,486
2025-26,19,183,449434,486
2025-26,20,198,449434,486
2025-26,21,209,449434,486
2025-26,22,220,449434,486
2025-26,23,229,449434,486
2025-26,24,235,449434,486
2025-26,1,2,449871,59
2025-26,2,13,449871,59
2025-26,3,21,449871,59
2025-26,4,36,449871,59
2025-26,5,48,449871,59
2025-26,6,51,449871,59
2025-26,7,62,449871,59
2025-26,8,79,449871,59
2025-26,9,82,449871,59
2025-26,10,95,449871,59
2025-26,11,101,449871,59
2025-26,12,116,449871,59
2025-26,13,121,449871,59
2025-26,14,133,449871,59
2025-26,15,141,449871,59
2025-26,16,160,449871,59
2025-26,17,161,449871,59
2025-26,18,174,449871,59
2025-26,19,181,449871,59
2025-26,20,191,449871,59
2025-26,21,205,449871,59
2025-26,22,211,449871,59
2025-26,23,229,449871,59
2025-26,24,231,449871,59
2025-26,1,7,449988,655
2025-26,2,12,449988,655
2025-26,3,30,449988,655
2025-26,4,39,449988,655
2025-26,5,50,449988,655
2025-26,6,60,449988,655
2025-26,7,70,449988,655
2025-26,8,78,449988,655
2025-26,9,90,449988,655
2025-26,10,94,449988,655
2025-26,11,103,449988,655
2025-26,12,120,449988,655
2025-26,13,121,449988,655
2025-26,14,140,449988,655
2025-26,15,150,449988,655
2025-26,16,151,449988,655
2025-26,17,170,449988,655
2025-26,18,176,449988,655
2025-26,19,187,449988,655
2025-26,20,200,449988,655
2025-26,21,206,449988,655
2025-26,22,220,449988,655
2025-26,23,228,449988,655
2025-26,24,240,449988,655
2025-26,1,5,450070,615
2025-26,2,20,450070,615
2025-26,3,27,450070,615
2025-26,4,40,450070,615
2025-26,5,49,450070,615
2025-26,6,55,450070,615
2025-26,7,61,450070,615
2025-26,8,80,450070,615
2025-26,9,87,450070,615
2025-26,10,100,450070,615
2025-26,11,110,450070,615
2025-26,12,112,450070,615
2025-26,13,130,450070,615
2025-26,14,138,450070,615
2025-26,15,143,450070,615
2025-26,16,160,450070,615
2025-26,17,167,450070,615
2025-26,18,180,450070,615
2025-26,19,190,450070,615
2025-26,20,200,450070,615
2025-26,21,210,450070,615
2025-26,22,219,450070,615
2025-26,23,230,450070,615
2025-26,24,233,450070,615
2025-26,1,6,450072,196
2025-26,2,14,450072,196
2025-26,3,26,450072,196
2025-26,4,34,450072,196
2025-26,5,44,450072,196
2025-26,6,57,450072,196
2025-26,7,62,450072,196
2025-26,8,72,450072,196
2025-26,9,90,450072,196
2025-26,10,92,450072,196
2025-26,11,110,450072,196
2025-26,12,114,450072,196
2025-26,13,122,450072,196
2025-26,14,134,450072,196
2025-26,15,148,450072,196
2025-26,16,153,450072,196
2025-26,17,162,450072,196
2025-26,18,173,450072,196
2025-26,19,183,450072,196
2025-26,20,193,450072,196
2025-26,21,204,450072,196
2025-26,22,215,450072,196
2025-26,23,224,450072,196
2025-26,24,238,450072,196
2025-26,1,8,450535,277
2025-26,2,15,450535,277
2025-26,3,21,450535,277
2025-26,4,35,450535,277
2025-26,5,49,450535,277
2025-26,6,54,450535,277
2025-26,7,66,450535,277
2025-26,8,73,450535,277
2025-26,9,81,450535,277
2025-26,10,93,450535,277
2025-26,11,104,450535,277
2025-26,12,120,450535,277
2025-26,13,124,450535,277
2025-26,14,134,450535,277
2025-26,15,145,450535,277
2025-26,16,155,450535,277
2025-26,17,166,450535,277
2025-26,18,175,450535,277
2025-26,19,185,450535,277
2025-26,20,198,450535,277
2025-26,21,205,450535,277
2025-26,22,218,450535,277
2025-26,23,225,450535,277
2025-26,24,237,450535,277
2025-26,1,4,450539,133
2025-26,2,13,450539,133
2025-26,3,28,450539,133
2025-26,4,33,450539,133
2025-26,5,45,450539,133
2025-26,6,52,450539,133
2025-26,7,64,450539,133
2025-26,8,80,450539,133
2025-26,9,84,450539,133
2025-26,10,93,450539,133
2025-26,11,102,450539,133
2025-26,12,113,450539,133
2025-26,13,122,450539,133
2025-26,14,131,450539,133
2025-26,15,149,450539,133
2025-26,16,152,450539,133
2025-26,17,170,450539,133
2025-26,18,172,450539,133
2025-26,19,182,450539,133
2025-26,20,194,450539,133
2025-26,21,203,450539,133
2025-26,22,213,450539,133
2025-26,23,223,450539,133
2025-26,24,231,450539,133
2025-26,1,8,450542,278
2025-26,2,15,450542,278
2025-26,3,21,450542,278
2025-26,4,35,450542,278
2025-26,5,49,450542,278
2025-26,6,54,450542,278
2025-26,7,66,450542,278
2025-26,8,73,450542,278
2025-26,9,81,450542,278
2025-26,10,93,450542,278
2025-26,11,104,450542,278
2025-26,12,120,450542,278
2025-26,13,124,450542,278
2025-26,14,134,450542,278
2025-26,15,145,450542,278
2025-26,16,155,450542,278
2025-26,17,166,450542,278
2025-26,18,175,450542,278
2025-26,19,185,450542,278
2025-26,20,198,450542,278
2025-26,21,205,450542,278
2025-26,22,218,450542,278
2025-26,23,225,450542,278
2025-26,24,237,450542,278
2025-26,1,9,451302,431
2025-26,2,17,451302,431
2025-26,3,26,451302,431
2025-26,4,38,451302,431
2025-26,5,47,451302,431
2025-26,6,52,451302,431
2025-26,7,68,451302,431
2025-26,8,75,451302,431
2025-26,9,88,451302,431
2025-26,10,97,451302,431
2025-26,11,109,451302,431
2025-26,12,118,451302,431
2025-26,13,124,451302,431
2025-26,14,138,451302,431
2025-26,15,150,451302,431
2025-26,16,157,451302,431
2025-26,17,161,451302,431
2025-26,18,177,451302,431
2025-26,19,187,451302,431
2025-26,20,196,451302,431
2025-26,21,204,451302,431
2025-26,22,216,451302,431
2025-26,23,221,451302,431
2025-26,24,236,451302,431
2025-26,1,3,451340,157
2025-26,2,16,451340,157
2025-26,3,22,451340,157
2025-26,4,32,451340,157
2025-26,5,43,451340,157
2025-26,6,53,451340,157
2025-26,7,70,451340,157
2025-26,8,71,451340,157
2025-26,9,88,451340,157
2025-26,10,91,451340,157
2025-26,11,104,451340,157
2025-26,12,113,451340,157
2025-26,13,127,451340,157
2025-26,14,133,451340,157
2025-26,15,143,451340,157
2025-26,16,156,451340,157
2025-26,17,163,451340,157
2025-26,18,171,451340,157
2025-26,19,190,451340,157
2025-26,20,193,451340,157
2025-26,21,208,451340,157
2025-26,22,212,451340,157
2025-26,23,227,451340,157
2025-26,24,232,451340,157
2025-26,1,4,451432,509
2025-26,2,15,451432,509
2025-26,3,27,451432,509
2025-26,4,31,451432,509
2025-26,5,44,451432,509
2025-26,6,59,451432,509
2025-26,7,69,451432,509
2025-26,8,77,451432,509
2025-26,9,83,451432,509
2025-26,10,97,451432,509
2025-26,11,107,451432,509
2025-26,12,117,451432,509
2025-26,13,127,451432,509
2025-26,14,140,451432,509
2025-26,15,144,451432,509
2025-26,16,158,451432,509
2025-26,17,165,451432,509
2025-26,18,178,451432,509
2025-26,19,188,451432,509
2025-26,20,191,451432,509
2025-26,21,210,451432,509
2025-26,22,217,451432,509
2025-26,23,223,451432,509
2025-26,24,237,451432,509
2025-26,1,4,456512,669
2025-26,2,15,456512,669
2025-26,3,27,456512,669
2025-26,4,31,456512,669
2025-26,5,44,456512,669
2025-26,6,59,456512,669
2025-26,7,69,456512,669
2025-26,8,77,456512,669
2025-26,9,83,456512,669
2025-26,10,97,456512,669
2025-26,11,107,456512,669
2025-26,12,117,456512,669
2025-26,13,127,456512,669
2025-26,14,140,456512,669
2025-26,15,144,456512,669
2025-26,16,158,456512,669
2025-26,17,165,456512,669
2025-26,18,178,456512,669
2025-26,19,188,456512,669
2025-26,20,191,456512,669
2025-26,21,210,456512,669
2025-26,22,217,456512,669
2025-26,23,223,456512,669
2025-26,24,237,456512,669
2025-26,1,1,457569,67
2025-26,2,12,457569,67
2025-26,3,29,457569,67
2025-26,4,32,457569,67
2025-26,5,42,457569,67
2025-26,6,56,457569,67
2025-26,7,63,457569,67
2025-26,8,73,457569,67
2025-26,9,83,457569,67
2025-26,10,96,457569,67
2025-26,11,101,457569,67
2025-26,12,112,457569,67
2025-26,13,128,457569,67
2025-26,14,132,457569,67
2025-26,15,142,457569,67
2025-26,16,157,457569,67
2025-26,17,162,457569,67
2025-26,18,172,457569,67
2025-26,19,184,457569,67
2025-26,20,192,457569,67
2025-26,21,202,457569,67
2025-26,22,212,457569,67
2025-26,23,222,457569,67
2025-26,24,240,457569,67
2025-26,1,9,458249,466
2025-26,2,17,458249,466
2025-26,3,26,458249,466
2025-26,4,38,458249,466
2025-26,5,47,458249,466
2025-26,6,52,458249,466
2025-26,7,68,458249,466
2025-26,8,75,458249,466
2025-26,9,88,458249,466
2025-26,10,97,458249,466
2025-26,11,109,458249,466
2025-26,12,118,458249,466
2025-26,13,124,458249,466
2025-26,14,138,458249,466
2025-26,15,150,458249,466
2025-26,16,157,458249,466
2025-26,17,161,458249,466
2025-26,18,177,458249,466
2025-26,19,187,458249,466
2025-26,20,196,458249,466
2025-26,21,204,458249,466
2025-26,22,216,458249,466
2025-26,23,221,458249,466
2025-26,24,236,458249,466
2025-26,1,5,458297,556
2025-26,2,14,458297,556
2025-26,3,28,458297,556
2025-26,4,35,458297,556
2025-26,5,48,458297,556
2025-26,6,59,458297,556
2025-26,7,68,458297,556
2025-26,8,78,458297,556
2025-26,9,85,458297,556
2025-26,10,98,458297,556
2025-26,11,108,458297,556
2025-26,12,115,458297,556
2025-26,13,128,458297,556
2025-26,14,137,458297,556
2025-26,15,147,458297,556
2025-26,16,159,458297,556
2025-26,17,163,458297,556
2025-26,18,179,458297,556
2025-26,19,189,458297,556
2025-26,20,199,458297,556
2025-26,21,203,458297,556
2025-26,22,218,458297,556
2025-26,23,230,458297,556
2025-26,24,238,458297,556
2025-26,1,8,460028,227
2025-26,2,20,460028,227
2025-26,3,23,460028,227
2025-26,4,33,460028,227
2025-26,5,47,460028,227
2025-26,6,53,460028,227
2025-26,7,65,460028,227
2025-26,8,77,460028,227
2025-26,9,85,460028,227
2025-26,10,99,460028,227
2025-26,11,103,460028,227
2025-26,12,114,460028,227
2025-26,13,123,460028,227
2025-26,14,136,460028,227
2025-26,15,142,460028,227
2025-26,16,154,460028,227
2025-26,17,168,460028,227
2025-26,18,174,460028,227
2025-26,19,184,460028,227
2025-26,20,197,460028,227
2025-26,21,207,460028,227
2025-26,22,213,460028,227
2025-26,23,225,460028,227
2025-26,24,233,460028,227
2025-26,1,6,460842,582
2025-26,2,18,460842,582
2025-26,3,29,460842,582
2025-26,4,40,460842,582
2025-26,5,43,460842,582
2025-26,6,60,460842,582
2025-26,7,67,460842,582
2025-26,8,79,460842,582
2025-26,9,86,460842,582
2025-26,10,99,460842,582
2025-26,11,109,460842,582
2025-26,12,111,460842,582
2025-26,13,129,460842,582
2025-26,14,139,460842,582
2025-26,15,149,460842,582
2025-26,16,158,460842,582
2025-26,17,169,460842,582
2025-26,18,175,460842,582
2025-26,19,182,460842,582
2025-26,20,199,460842,582
2025-26,21,202,460842,582
2025-26,22,219,460842,582
2025-26,23,224,460842,582
2025-26,24,239,460842,582
2025-26,1,6,461188,193
2025-26,2,14,461188,193
2025-26,3,26,461188,193
2025-26,4,34,461188,193
2025-26,5,44,461188,193
2025-26,6,57,461188,193
2025-26,7,62,461188,193
2025-26,8,72,461188,193
2025-26,9,90,461188,193
2025-26,10,92,461188,193
2025-26,11,110,461188,193
2025-26,12,114,461188,193
2025-26,13,122,461188,193
2025-26,14,134,461188,193
2025-26,15,148,461188,193
2025-26,16,153,461188,193
2025-26,17,162,461188,193
2025-26,18,173,461188,193
2025-26,19,183,461188,193
2025-26,20,193,461188,193
2025-26,21,204,461188,193
2025-26,22,215,461188,193
2025-26,23,224,461188,193
2025-26,24,238,461188,193
2025-26,1,5,461195,535
2025-26,2,14,461195,535
2025-26,3,28,461195,535
2025-26,4,35,461195,535
2025-26,5,48,461195,535
2025-26,6,59,461195,535
2025-26,7,68,461195,535
2025-26,8,78,461195,535
2025-26,9,85,461195,535
2025-26,10,98,461195,535
2025-26,11,108,461195,535
2025-26,12,115,461195,535
2025-26,13,128,461195,535
2025-26,14,137,461195,535
2025-26,15,147,461195,535
2025-26,16,159,461195,535
2025-26,17,163,461195,535
2025-26,18,179,461195,535
2025-26,19,189,461195,535
2025-26,20,199,461195,535
2025-26,21,203,461195,535
2025-26,22,218,461195,535
2025-26,23,230,461195,535
2025-26,24,238,461195,535
2025-26,1,5,461199,548
2025-26,2,14,461199,548
2025-26,3,28,461199,548
2025-26,4,35,461199,548
2025-26,5,48,461199,548
2025-26,6,59,461199,548
2025-26,7,68,461199,548
2025-26,8,78,461199,548
2025-26,9,85,461199,548
2025-26,10,98,461199,548
2025-26,11,108,461199,548
2025-26,12,115,461199,548
2025-26,13,128,461199,548
2025-26,14,137,461199,548
2025-26,15,147,461199,548
2025-26,16,159,461199,548
2025-26,17,163,461199,548
2025-26,18,179,461199,548
2025-26,19,189,461199,548
2025-26,20,199,461199,548
2025-26,21,203,461199,548
2025-26,22,218,461199,548
2025-26,23,230,461199,548
2025-26,24,238,461199,548
2025-26,1,2,461421,57
2025-26,2,13,461421,57
2025-26,3,21,461421,57
2025-26,4,36,461421,57
2025-26,5,48,461421,57
2025-26,6,51,461421,57
2025-26,7,62,461421,57
2025-26,8,79,461421,57
2025-26,9,82,461421,57
2025-26,10,95,461421,57
2025-26,11,101,461421,57
2025-26,12,116,461421,57
2025-26,13,121,461421,57
2025-26,14,133,461421,57
2025-26,15,141,461421,57
2025-26,16,160,461421,57
2025-26,17,161,461421,57
2025-26,18,174,461421,57
2025-26,19,181,461421,57
2025-26,20,191,461421,57
2025-26,21,205,461421,57
2025-26,22,211,461421,57
2025-26,23,229,461421,57
2025-26,24,231,461421,57
2025-26,2,16,461446,704
2025-26,3,30,461446,704
2025-26,4,36,461446,704
2025-26,5,46,461446,704
2025-26,6,55,461446,704
2025-26,7,66,461446,704
2025-26,8,76,461446,704
2025-26,9,86,461446,704
2025-26,10,98,461446,704
2025-26,11,105,461446,704
2025-26,12,118,461446,704
2025-26,13,125,461446,704
2025-26,14,132,461446,704
2025-26,15,144,461446,704
2025-26,16,154,461446,704
2025-26,17,164,461446,704
2025-26,18,173,461446,704
2025-26,19,188,461446,704
2025-26,20,194,461446,704
2025-26,21,206,461446,704
2025-26,22,211,461446,704
2025-26,23,226,461446,704
2025-26,24,232,461446,704
2025-26,1,2,461484,498
2025-26,2,19,461484,498
2025-26,3,24,461484,498
2025-26,4,39,461484,498
2025-26,5,42,461484,498
2025-26,6,58,461484,498
2025-26,7,69,461484,498
2025-26,8,71,461484,498
2025-26,9,89,461484,498
2025-26,10,100,461484,498
2025-26,11,102,461484,498
2025-26,12,119,461484,498
2025-26,13,125,461484,498
2025-26,14,139,461484,498
2025-26,15,148,461484,498
2025-26,16,159,461484,498
2025-26,17,168,461484,498
2025-26,18,177,461484,498
2025-26,19,183,461484,498
2025-26,20,198,461484,498
2025-26,21,209,461484,498
2025-26,22,220,461484,498
2025-26,23,229,461484,498
2025-26,24,235,461484,498
2025-26,1,9,461537,435
2025-26,2,17,461537,435
2025-26,3,26,461537,435
2025-26,4,38,461537,435
2025-26,5,47,461537,435
2025-26,6,52,461537,435
2025-26,7,68,461537,435
2025-26,8,75,461537,435
2025-26,9,88,461537,435
2025-26,10,97,461537,435
2025-26,11,109,461537,435
2025-26,12,118,461537,435
2025-26,13,124,461537,435
2025-26,14,138,461537,435
2025-26,15,150,461537,435
2025-26,16,157,461537,435
2025-26,17,161,461537,435
2025-26,18,177,461537,435
2025-26,19,187,461537,435
2025-26,20,196,461537,435
2025-26,21,204,461537,435
2025-26,22,216,461537,435
2025-26,23,221,461537,435
2025-26,24,236,461537,435
2025-26,1,6,461567,189
2025-26,2,14,461567,189
2025-26,3,26,461567,189
2025-26,4,34,461567,189
2025-26,5,44,461567,189
2025-26,6,57,461567,189
2025-26,7,62,461567,189
2025-26,8,72,461567,189
2025-26,9,90,461567,189
2025-26,10,92,461567,189
2025-26,11,110,461567,189
2025-26,12,114,461567,189
2025-26,13,122,461567,189
2025-26,14,134,461567,189
2025-26,15,148,461567,189
2025-26,16,153,461567,189
2025-26,17,162,461567,189
2025-26,18,173,461567,189
2025-26,19,183,461567,189
2025-26,20,193,461567,189
2025-26,21,204,461567,189
2025-26,22,215,461567,189
2025-26,23,224,461567,189
2025-26,24,238,461567,189
2025-26,1,5,462116,609
2025-26,2,20,462116,609
2025-26,3,27,462116,609
2025-26,4,40,462116,609
2025-26,5,49,462116,609
2025-26,6,55,462116,609
2025-26,7,61,462116,609
2025-26,8,80,462116,609
2025-26,9,87,462116,609
2025-26,10,100,462116,609
2025-26,11,110,462116,609
2025-26,12,112,462116,609
2025-26,13,130,462116,609
2025-26,14,138,462116,609
2025-26,15,143,462116,609
2025-26,16,160,462116,609
2025-26,17,167,462116,609
2025-26,18,180,462116,609
2025-26,19,190,462116,609
2025-26,20,200,462116,609
2025-26,21,210,462116,609
2025-26,22,219,462116,609
2025-26,23,230,462116,609
2025-26,24,233,462116,609
2025-26,1,2,462381,35
2025-26,2,13,462381,35
2025-26,3,21,462381,35
2025-26,4,36,462381,35
2025-26,5,48,462381,35
2025-26,6,51,462381,35
2025-26,7,62,462381,35
2025-26,8,79,462381,35
2025-26,9,82,462381,35
2025-26,10,95,462381,35
2025-26,11,101,462381,35
2025-26,12,116,462381,35
2025-26,13,121,462381,35
2025-26,14,133,462381,35
2025-26,15,141,462381,35
2025-26,16,160,462381,35
2025-26,17,161,462381,35
2025-26,18,174,462381,35
2025-26,19,181,462381,35
2025-26,20,191,462381,35
2025-26,21,205,462381,35
2025-26,22,211,462381,35
2025-26,23,229,462381,35
2025-26,24,231,462381,35
2025-26,1,9,462424,6
2025-26,2,11,462424,6
2025-26,3,25,462424,6
2025-26,4,31,462424,6
2025-26,5,41,462424,6
2025-26,6,58,462424,6
2025-26,7,61,462424,6
2025-26,8,74,462424,6
2025-26,9,81,462424,6
2025-26,10,92,462424,6
2025-26,11,108,462424,6
2025-26,12,111,462424,6
2025-26,13,123,462424,6
2025-26,14,131,462424,6
2025-26,15,141,462424,6
2025-26,16,151,462424,6
2025-26,17,164,462424,6
2025-26,18,171,462424,6
2025-26,19,181,462424,6
2025-26,20,192,462424,6
2025-26,21,201,462424,6
2025-26,22,217,462424,6
2025-26,23,221,462424,6
2025-26,24,234,462424,6
2025-26,1,2,462492,34
2025-26,2,13,462492,34
2025-26,3,21,462492,34
2025-26,4,36,462492,34
2025-26,5,48,462492,34
2025-26,6,51,462492,34
2025-26,7,62,462492,34
2025-26,8,79,462492,34
2025-26,9,82,462492,34
2025-26,10,95,462492,34
2025-26,11,101,462492,34
2025-26,12,116,462492,34
2025-26,13,121,462492,34
2025-26,14,133,462492,34
2025-26,15,141,462492,34
2025-26,16,160,462492,34
2025-26,17,161,462492,34
2025-26,18,174,462492,34
2025-26,19,181,462492,34
2025-26,20,191,462492,34
2025-26,21,205,462492,34
2025-26,22,211,462492,34
2025-26,23,229,462492,34
2025-26,24,231,462492,34
2025-26,1,10,462635,360
2025-26,2,11,462635,360
2025-26,3,24,462635,360
2025-26,4,37,462635,360
2025-26,5,50,462635,360
2025-26,6,56,462635,360
2025-26,7,67,462635,360
2025-26,8,72,462635,360
2025-26,9,87,462635,360
2025-26,10,91,462635,360
2025-26,11,107,462635,360
2025-26,12,116,462635,360
2025-26,13,126,462635,360
2025-26,14,136,462635,360
2025-26,15,146,462635,360
2025-26,16,152,462635,360
2025-26,17,166,462635,360
2025-26,18,179,462635,360
2025-26,19,186,462635,360
2025-26,20,196,462635,360
2025-26,21,209,462635,360
2025-26,22,214,462635,360
2025-26,23,226,462635,360
2025-26,24,234,462635,360
2025-26,1,8,463034,250
2025-26,2,20,463034,250
2025-26,3,23,463034,250
2025-26,4,33,463034,250
2025-26,5,47,463034,250
2025-26,6,53,463034,250
2025-26,7,65,463034,250
2025-26,8,77,463034,250
2025-26,9,85,463034,250
2025-26,10,99,463034,250
2025-26,11,103,463034,250
2025-26,12,114,463034,250
2025-26,13,123,463034,250
2025-26,14,136,463034,250
2025-26,15,142,463034,250
2025-26,16,154,463034,250
2025-26,17,168,463034,250
2025-26,18,174,463034,250
2025-26,19,184,463034,250
2025-26,20,197,463034,250
2025-26,21,207,463034,250
2025-26,22,213,463034,250
2025-26,23,225,463034,250
2025-26,24,233,463034,250
2025-26,1,3,463067,158
2025-26,2,16,463067,158
2025-26,3,22,463067,158
2025-26,4,32,463067,158
2025-26,5,43,463067,158
2025-26,6,53,463067,158
2025-26,7,70,463067,158
2025-26,8,71,463067,158
2025-26,9,88,463067,158
2025-26,10,91,463067,158
2025-26,11,104,463067,158
2025-26,12,113,463067,158
2025-26,13,127,463067,158
2025-26,14,133,463067,158
2025-26,15,143,463067,158
2025-26,16,156,463067,158
2025-26,17,163,463067,158
2025-26,18,171,463067,158
2025-26,19,190,463067,158
2025-26,20,193,463067,158
2025-26,21,208,463067,158
2025-26,22,212,463067,158
2025-26,23,227,463067,158
2025-26,24,232,463067,158
2025-26,1,9,463748,3
2025-26,2,11,463748,3
2025-26,3,25,463748,3
2025-26,4,31,463748,3
2025-26,5,41,463748,3
2025-26,6,58,463748,3
2025-26,7,61,463748,3
2025-26,8,74,463748,3
2025-26,9,81,463748,3
2025-26,10,92,463748,3
2025-26,11,108,463748,3
2025-26,12,111,463748,3
2025-26,13,123,463748,3
2025-26,14,131,463748,3
2025-26,15,141,463748,3
2025-26,16,151,463748,3
2025-26,17,164,463748,3
2025-26,18,171,463748,3
2025-26,19,181,463748,3
2025-26,20,192,463748,3
2025-26,21,201,463748,3
2025-26,22,217,463748,3
2025-26,23,221,463748,3
2025-26,24,234,463748,3
2025-26,1,8,463936,239
2025-26,2,20,463936,239
2025-26,3,23,463936,239
2025-26,4,33,463936,239
2025-26,5,47,463936,239
2025-26,6,53,463936,239
2025-26,7,65,463936,239
2025-26,8,77,463936,239
2025-26,9,85,463936,239
2025-26,10,99,463936,239
2025-26,11,103,463936,239
2025-26,12,114,463936,239
2025-26,13,123,463936,239
2025-26,14,136,463936,239
2025-26,15,142,463936,239
2025-26,16,154,463936,239
2025-26,17,168,463936,239
2025-26,18,174,463936,239
2025-26,19,184,463936,239
2025-26,20,197,463936,239
2025-26,21,207,463936,239
2025-26,22,213,463936,239
2025-26,23,225,463936,239
2025-26,24,233,463936,239
2025-26,1,1,463981,77
2025-26,2,12,463981,77
2025-26,3,29,463981,77
2025-26,4,32,463981,77
2025-26,5,42,463981,77
2025-26,6,56,463981,77
2025-26,7,63,463981,77
2025-26,8,73,463981,77
2025-26,9,83,463981,77
2025-26,10,96,463981,77
2025-26,11,101,463981,77
2025-26,12,112,463981,77
2025-26,13,128,463981,77
2025-26,14,132,463981,77
2025-26,15,142,463981,77
2025-26,16,157,463981,77
2025-26,17,162,463981,77
2025-26,18,172,463981,77
2025-26,19,184,463981,77
2025-26,20,192,463981,77
2025-26,21,202,463981,77
2025-26,22,212,463981,77
2025-26,23,222,463981,77
2025-26,24,240,463981,77
2025-26,4,38,465247,733
2025-26,5,47,465247,733
2025-26,6,52,465247,733
2025-26,7,68,465247,733
2025-26,8,75,465247,733
2025-26,9,88,465247,733
2025-26,10,97,465247,733
2025-26,11,109,465247,733
2025-26,12,118,465247,733
2025-26,13,124,465247,733
2025-26,14,138,465247,733
2025-26,15,150,465247,733
2025-26,16,157,465247,733
2025-26,17,161,465247,733
2025-26,18,177,465247,733
2025-26,19,187,465247,733
2025-26,20,196,465247,733
2025-26,21,204,465247,733
2025-26,22,216,465247,733
2025-26,23,221,465247,733
2025-26,24,236,465247,733
2025-26,1,7,465351,407
2025-26,2,18,465351,407
2025-26,3,22,465351,407
2025-26,4,38,465351,407
2025-26,5,41,465351,407
2025-26,6,57,465351,407
2025-26,7,64,465351,407
2025-26,8,76,465351,407
2025-26,9,82,465351,407
2025-26,10,96,465351,407
2025-26,11,106,465351,407
2025-26,12,119,465351,407
2025-26,13,126,465351,407
2025-26,14,135,465351,407
2025-26,15,147,465351,407
2025-26,16,155,465351,407
2025-26,17,167,465351,407
2025-26,18,178,465351,407
2025-26,19,189,465351,407
2025-26,20,197,465351,407
2025-26,21,208,465351,407
2025-26,22,216,465351,407
2025-26,23,228,465351,407
2025-26,24,239,465351,407
2025-26,1,6,465527,207
2025-26,2,14,465527,207
2025-26,3,26,465527,207
2025-26,4,34,465527,207
2025-26,5,44,465527,207
2025-26,6,57,465527,207
2025-26,7,62,465527,207
2025-26,8,72,465527,207
2025-26,9,90,465527,207
2025-26,10,92,465527,207
2025-26,11,110,465527,207
2025-26,12,114,465527,207
2025-26,13,122,465527,207
2025-26,14,134,465527,207
2025-26,15,148,465527,207
2025-26,16,153,465527,207
2025-26,17,162,465527,207
2025-26,18,173,465527,207
2025-26,19,183,465527,207
2025-26,20,193,465527,207
2025-26,21,204,465527,207
2025-26,22,215,465527,207
2025-26,23,224,465527,207
2025-26,24,238,465527,207
2025-26,1,2,465642,684
2025-26,2,19,465642,684
2025-26,3,24,465642,684
2025-26,4,39,465642,684
2025-26,5,42,465642,684
2025-26,6,58,465642,684
2025-26,7,69,465642,684
2025-26,8,71,465642,684
2025-26,9,89,465642,684
2025-26,10,100,465642,684
2025-26,11,102,465642,684
2025-26,12,119,465642,684
2025-26,13,125,465642,684
2025-26,14,139,465642,684
2025-26,15,148,465642,684
2025-26,16,159,465642,684
2025-26,17,168,465642,684
2025-26,18,177,465642,684
2025-26,19,183,465642,684
2025-26,20,198,465642,684
2025-26,21,209,465642,684
2025-26,22,220,465642,684
2025-26,23,229,465642,684
2025-26,24,235,465642,684
2025-26,2,15,465680,696
2025-26,3,27,465680,696
2025-26,4,31,465680,696
2025-26,5,44,465680,696
2025-26,6,59,465680,696
2025-26,7,69,465680,696
2025-26,8,77,465680,696
2025-26,9,83,465680,696
2025-26,10,97,465680,696
2025-26,11,107,465680,696
2025-26,12,117,465680,696
2025-26,13,127,465680,696
2025-26,14,140,465680,696
2025-26,15,144,465680,696
2025-26,16,158,465680,696
2025-26,17,165,465680,696
2025-26,18,178,465680,696
2025-26,19,188,465680,696
2025-26,20,191,465680,696
2025-26,21,210,465680,696
2025-26,22,217,465680,696
2025-26,23,223,465680,696
2025-26,24,237,465680,696
2025-26,1,7,465694,423
2025-26,2,18,465694,423
2025-26,3,22,465694,423
2025-26,4,38,465694,423
2025-26,5,41,465694,423
2025-26,6,57,465694,423
2025-26,7,64,465694,423
2025-26,8,76,465694,423
2025-26,9,82,465694,423
2025-26,10,96,465694,423
2025-26,11,106,465694,423
2025-26,12,119,465694,423
2025-26,13,126,465694,423
2025-26,14,135,465694,423
2025-26,15,147,465694,423
2025-26,16,155,465694,423
2025-26,17,167,465694,423
2025-26,18,178,465694,423
2025-26,19,189,465694,423
2025-26,20,197,465694,423
2025-26,21,208,465694,423
2025-26,22,216,465694,423
2025-26,23,228,465694,423
2025-26,24,239,465694,423
2025-26,1,5,465702,540
2025-26,2,14,465702,540
2025-26,3,28,465702,540
2025-26,4,35,465702,540
2025-26,5,48,465702,540
2025-26,6,59,465702,540
2025-26,7,68,465702,540
2025-26,8,78,465702,540
2025-26,9,85,465702,540
2025-26,10,98,465702,540
2025-26,11,108,465702,540
2025-26,12,115,465702,540
2025-26,13,128,465702,540
2025-26,14,137,465702,540
2025-26,15,147,465702,540
2025-26,16,159,465702,540
2025-26,17,163,465702,540
2025-26,18,179,465702,540
2025-26,19,189,465702,540
2025-26,20,199,465702,540
2025-26,21,203,465702,540
2025-26,22,218,465702,540
2025-26,23,230,465702,540
2025-26,24,238,465702,540
2025-26,1,3,465730,145
2025-26,2,16,465730,145
2025-26,3,22,465730,145
2025-26,4,32,465730,145
2025-26,5,43,465730,145
2025-26,6,53,465730,145
2025-26,7,70,465730,145
2025-26,8,71,465730,145
2025-26,9,88,465730,145
2025-26,10,91,465730,145
2025-26,11,104,465730,145
2025-26,12,113,465730,145
2025-26,13,127,465730,145
2025-26,14,133,465730,145
2025-26,15,143,465730,145
2025-26,16,156,465730,145
2025-26,17,163,465730,145
2025-26,18,171,465730,145
2025-26,19,190,465730,145
2025-26,20,193,465730,145
2025-26,21,208,465730,145
2025-26,22,212,465730,145
2025-26,23,227,465730,145
2025-26,24,232,465730,145
2025-26,1,8,465920,245
2025-26,2,20,465920,245
2025-26,3,23,465920,245
2025-26,4,33,465920,245
2025-26,5,47,465920,245
2025-26,6,53,465920,245
2025-26,7,65,465920,245
2025-26,8,77,465920,245
2025-26,9,85,465920,245
2025-26,10,99,465920,245
2025-26,11,103,465920,245
2025-26,12,114,465920,245
2025-26,13,123,465920,245
2025-26,14,136,465920,245
2025-26,15,142,465920,245
2025-26,16,154,465920,245
2025-26,17,168,465920,245
2025-26,18,174,465920,245
2025-26,19,184,465920,245
2025-26,20,197,465920,245
2025-26,21,207,465920,245
2025-26,22,213,465920,245
2025-26,23,225,465920,245
2025-26,24,233,465920,245
2025-26,1,7,466052,417
2025-26,2,18,466052,417
2025-26,3,22,466052,417
2025-26,4,38,466052,417
2025-26,5,41,466052,417
2025-26,6,57,466052,417
2025-26,7,64,466052,417
2025-26,8,76,466052,417
2025-26,9,82,466052,417
2025-26,10,96,466052,417
2025-26,11,106,466052,417
2025-26,12,119,466052,417
2025-26,13,126,466052,417
2025-26,14,135,466052,417
2025-26,15,147,466052,417
2025-26,16,155,466052,417
2025-26,17,167,466052,417
2025-26,18,178,466052,417
2025-26,19,189,466052,417
2025-26,20,197,466052,417
2025-26,21,208,466052,417
2025-26,22,216,466052,417
2025-26,23,228,466052,417
2025-26,24,239,466052,417
2025-26,1,9,466075,7
2025-26,2,11,466075,7
2025-26,3,25,466075,7
2025-26,4,31,466075,7
2025-26,5,41,466075,7
2025-26,6,58,466075,7
2025-26,7,61,466075,7
2025-26,8,74,466075,7
2025-26,9,81,466075,7
2025-26,10,92,466075,7
2025-26,11,108,466075,7
2025-26,12,111,466075,7
2025-26,13,123,466075,7
2025-26,14,131,466075,7
2025-26,15,141,466075,7
2025-26,16,151,466075,7
2025-26,17,164,466075,7
2025-26,18,171,466075,7
2025-26,19,181,466075,7
2025-26,20,192,466075,7
2025-26,21,201,466075,7
2025-26,22,217,466075,7
2025-26,23,221,466075,7
2025-26,24,234,466075,7
2025-26,1,8,466117,275
2025-26,2,15,466117,275
2025-26,3,21,466117,275
2025-26,4,35,466117,275
2025-26,5,49,466117,275
2025-26,6,54,466117,275
2025-26,7,66,466117,275
2025-26,8,73,466117,275
2025-26,9,81,466117,275
2025-26,10,93,466117,275
2025-26,11,104,466117,275
2025-26,12,120,466117,275
2025-26,13,124,466117,275
2025-26,14,134,466117,275
2025-26,15,145,466117,275
2025-26,16,155,466117,275
2025-26,17,166,466117,275
2025-26,18,175,466117,275
2025-26,19,185,466117,275
2025-26,20,198,466117,275
2025-26,21,205,466117,275
2025-26,22,218,466117,275
2025-26,23,225,466117,275
2025-26,24,237,466117,275
2025-26,1,10,466525,660
2025-26,2,11,466525,660
2025-26,3,24,466525,660
2025-26,4,37,466525,660
2025-26,5,50,466525,660
2025-26,6,56,466525,660
2025-26,7,67,466525,660
2025-26,8,72,466525,660
2025-26,9,87,466525,660
2025-26,10,91,466525,660
2025-26,11,107,466525,660
2025-26,12,116,466525,660
2025-26,13,126,466525,660
2025-26,14,136,466525,660
2025-26,15,146,466525,660
2025-26,16,152,466525,660
2025-26,17,166,466525,660
2025-26,18,179,466525,660
2025-26,19,186,466525,660
2025-26,20,196,466525,660
2025-26,21,209,466525,660
2025-26,22,214,466525,660
2025-26,23,226,466525,660
2025-26,24,234,466525,660
2025-26,1,9,467169,454
2025-26,2,17,467169,454
2025-26,3,26,467169,454
2025-26,4,38,467169,454
2025-26,5,47,467169,454
2025-26,6,52,467169,454
2025-26,7,68,467169,454
2025-26,8,75,467169,454
2025-26,9,88,467169,454
2025-26,10,97,467169,454
2025-26,11,109,467169,454
2025-26,12,118,467169,454
2025-26,13,124,467169,454
2025-26,14,138,467169,454
2025-26,15,150,467169,454
2025-26,16,157,467169,454
2025-26,17,161,467169,454
2025-26,18,177,467169,454
2025-26,19,187,467169,454
2025-26,20,196,467169,454
2025-26,21,204,467169,454
2025-26,22,216,467169,454
2025-26,23,221,467169,454
2025-26,24,236,467169,454
2025-26,1,5,467189,679
2025-26,2,20,467189,679
2025-26,3,27,467189,679
2025-26,4,40,467189,679
2025-26,5,49,467189,679
2025-26,6,55,467189,679
2025-26,7,61,467189,679
2025-26,8,80,467189,679
2025-26,9,87,467189,679
2025-26,10,100,467189,679
2025-26,11,110,467189,679
2025-26,12,112,467189,679
2025-26,13,130,467189,679
2025-26,14,138,467189,679
2025-26,15,143,467189,679
2025-26,16,160,467189,679
2025-26,17,167,467189,679
2025-26,18,180,467189,679
2025-26,19,190,467189,679
2025-26,20,200,467189,679
2025-26,21,210,467189,679
2025-26,22,219,467189,679
2025-26,23,230,467189,679
2025-26,24,233,467189,679
2025-26,1,3,467779,173
2025-26,2,16,467779,173
2025-26,3,22,467779,173
2025-26,4,32,467779,173
2025-26,5,43,467779,173
2025-26,6,53,467779,173
2025-26,7,70,467779,173
2025-26,8,71,467779,173
2025-26,9,88,467779,173
2025-26,10,91,467779,173
2025-26,11,104,467779,173
2025-26,12,113,467779,173
2025-26,13,127,467779,173
2025-26,14,133,467779,173
2025-26,15,143,467779,173
2025-26,16,156,467779,173
2025-26,17,163,467779,173
2025-26,18,171,467779,173
2025-26,19,190,467779,173
2025-26,20,193,467779,173
2025-26,21,208,467779,173
2025-26,22,212,467779,173
2025-26,23,227,467779,173
2025-26,24,232,467779,173
2025-26,24,237,469130,805
2025-26,1,3,469142,151
2025-26,2,16,469142,151
2025-26,3,22,469142,151
2025-26,4,32,469142,151
2025-26,5,43,469142,151
2025-26,6,53,469142,151
2025-26,7,70,469142,151
2025-26,8,71,469142,151
2025-26,9,88,469142,151
2025-26,10,91,469142,151
2025-26,11,104,469142,151
2025-26,12,113,469142,151
2025-26,13,127,469142,151
2025-26,14,133,469142,151
2025-26,15,143,469142,151
2025-26,16,156,469142,151
2025-26,17,163,469142,151
2025-26,18,171,469142,151
2025-26,19,190,469142,151
2025-26,20,193,469142,151
2025-26,21,208,469142,151
2025-26,22,212,469142,151
2025-26,23,227,469142,151
2025-26,24,232,469142,151
2025-26,1,2,469247,51
2025-26,2,13,469247,51
2025-26,3,21,469247,51
2025-26,4,36,469247,51
2025-26,5,48,469247,51
2025-26,6,51,469247,51
2025-26,7,62,469247,51
2025-26,8,79,469247,51
2025-26,9,82,469247,51
2025-26,10,95,469247,51
2025-26,11,101,469247,51
2025-26,12,116,469247,51
2025-26,13,121,469247,51
2025-26,14,133,469247,51
2025-26,15,141,469247,51
2025-26,16,160,469247,51
2025-26,17,161,469247,51
2025-26,18,174,469247,51
2025-26,19,181,469247,51
2025-26,20,191,469247,51
2025-26,21,205,469247,51
2025-26,22,211,469247,51
2025-26,23,229,469247,51
2025-26,24,231,469247,51
2025-26,1,6,469272,210
2025-26,2,14,469272,210
2025-26,3,26,469272,210
2025-26,4,34,469272,210
2025-26,5,44,469272,210
2025-26,6,57,469272,210
2025-26,7,62,469272,210
2025-26,8,72,469272,210
2025-26,9,90,469272,210
2025-26,10,92,469272,210
2025-26,11,110,469272,210
2025-26,12,114,469272,210
2025-26,13,122,469272,210
2025-26,14,134,469272,210
2025-26,15,148,469272,210
2025-26,16,153,469272,210
2025-26,17,162,469272,210
2025-26,18,173,469272,210
2025-26,19,183,469272,210
2025-26,20,193,469272,210
2025-26,21,204,469272,210
2025-26,22,215,469272,210
2025-26,23,224,469272,210
2025-26,24,238,469272,210
2025-26,1,10,470294,361
2025-26,2,11,470294,361
2025-26,3,24,470294,361
2025-26,4,37,470294,361
2025-26,5,50,470294,361
2025-26,6,56,470294,361
2025-26,7,67,470294,361
2025-26,8,72,470294,361
2025-26,9,87,470294,361
2025-26,10,91,470294,361
2025-26,11,107,470294,361
2025-26,12,116,470294,361
2025-26,13,126,470294,361
2025-26,14,136,470294,361
2025-26,15,146,470294,361
2025-26,16,152,470294,361
2025-26,17,166,470294,361
2025-26,18,179,470294,361
2025-26,19,186,470294,361
2025-26,20,196,470294,361
2025-26,21,209,470294,361
2025-26,22,214,470294,361
2025-26,23,226,470294,361
2025-26,24,234,470294,361
2025-26,4,39,470313,714
2025-26,5,42,470313,714
2025-26,6,58,470313,714
2025-26,7,69,470313,714
2025-26,8,71,470313,714
2025-26,9,89,470313,714
2025-26,10,100,470313,714
2025-26,11,102,470313,714
2025-26,12,119,470313,714
2025-26,13,125,470313,714
2025-26,14,139,470313,714
2025-26,15,148,470313,714
2025-26,16,159,470313,714
2025-26,17,168,470313,714
2025-26,18,177,470313,714
2025-26,19,183,470313,714
2025-26,20,198,470313,714
2025-26,21,209,470313,714
2025-26,22,220,470313,714
2025-26,23,229,470313,714
2025-26,24,235,470313,714
2025-26,1,8,471798,223
2025-26,2,20,471798,223
2025-26,3,23,471798,223
2025-26,4,33,471798,223
2025-26,5,47,471798,223
2025-26,6,53,471798,223
2025-26,7,65,471798,223
2025-26,8,77,471798,223
2025-26,9,85,471798,223
2025-26,10,99,471798,223
2025-26,11,103,471798,223
2025-26,12,114,471798,223
2025-26,13,123,471798,223
2025-26,14,136,471798,223
2025-26,15,142,471798,223
2025-26,16,154,471798,223
2025-26,17,168,471798,223
2025-26,18,174,471798,223
2025-26,19,184,471798,223
2025-26,20,197,471798,223
2025-26,21,207,471798,223
2025-26,22,213,471798,223
2025-26,23,225,471798,223
2025-26,24,233,471798,223
2025-26,1,4,472713,116
2025-26,2,13,472713,116
2025-26,3,28,472713,116
2025-26,4,33,472713,116
2025-26,5,45,472713,116
2025-26,6,52,472713,116
2025-26,7,64,472713,116
2025-26,8,80,472713,116
2025-26,9,84,472713,116
2025-26,10,93,472713,116
2025-26,11,102,472713,116
2025-26,12,113,472713,116
2025-26,13,122,472713,116
2025-26,14,131,472713,116
2025-26,15,149,472713,116
2025-26,16,152,472713,116
2025-26,17,170,472713,116
2025-26,18,172,472713,116
2025-26,19,182,472713,116
2025-26,20,194,472713,116
2025-26,21,203,472713,116
2025-26,22,213,472713,116
2025-26,23,223,472713,116
2025-26,24,231,472713,116
2025-26,1,3,472739,141
2025-26,2,16,472739,141
2025-26,3,22,472739,141
2025-26,4,32,472739,141
2025-26,5,43,472739,141
2025-26,6,53,472739,141
2025-26,7,70,472739,141
2025-26,8,71,472739,141
2025-26,9,88,472739,141
2025-26,10,91,472739,141
2025-26,11,104,472739,141
2025-26,12,113,472739,141
2025-26,13,127,472739,141
2025-26,14,133,472739,141
2025-26,15,143,472739,141
2025-26,16,156,472739,141
2025-26,17,163,472739,141
2025-26,18,171,472739,141
2025-26,19,190,472739,141
2025-26,20,193,472739,141
2025-26,21,208,472739,141
2025-26,22,212,472739,141
2025-26,23,227,472739,141
2025-26,24,232,472739,141
2025-26,1,7,472769,411
2025-26,2,18,472769,411
2025-26,3,22,472769,411
2025-26,4,38,472769,411
2025-26,5,41,472769,411
2025-26,6,57,472769,411
2025-26,7,64,472769,411
2025-26,8,76,472769,411
2025-26,9,82,472769,411
2025-26,10,96,472769,411
2025-26,11,106,472769,411
2025-26,12,119,472769,411
2025-26,13,126,472769,411
2025-26,14,135,472769,411
2025-26,15,147,472769,411
2025-26,16,155,472769,411
2025-26,17,167,472769,411
2025-26,18,178,472769,411
2025-26,19,189,472769,411
2025-26,20,197,472769,411
2025-26,21,208,472769,411
2025-26,22,216,472769,411
2025-26,23,228,472769,411
2025-26,24,239,472769,411
2025-26,1,3,474120,161
2025-26,2,16,474120,161
2025-26,3,22,474120,161
2025-26,4,32,474120,161
2025-26,5,43,474120,161
2025-26,6,53,474120,161
2025-26,7,70,474120,161
2025-26,8,71,474120,161
2025-26,9,88,474120,161
2025-26,10,91,474120,161
2025-26,11,104,474120,161
2025-26,12,113,474120,161
2025-26,13,127,474120,161
2025-26,14,133,474120,161
2025-26,15,143,474120,161
2025-26,16,156,474120,161
2025-26,17,163,474120,161
2025-26,18,171,474120,161
2025-26,19,190,474120,161
2025-26,20,193,474120,161
2025-26,21,208,474120,161
2025-26,22,212,474120,161
2025-26,23,227,474120,161
2025-26,24,232,474120,161
2025-26,1,10,474907,298
2025-26,2,16,474907,298
2025-26,3,30,474907,298
2025-26,4,36,474907,298
2025-26,5,46,474907,298
2025-26,6,55,474907,298
2025-26,7,66,474907,298
2025-26,8,76,474907,298
2025-26,9,86,474907,298
2025-26,10,98,474907,298
2025-26,11,105,474907,298
2025-26,12,118,474907,298
2025-26,13,125,474907,298
2025-26,14,132,474907,298
2025-26,15,144,474907,298
2025-26,16,154,474907,298
2025-26,17,164,474907,298
2025-26,18,173,474907,298
2025-26,19,188,474907,298
2025-26,20,194,474907,298
2025-26,21,206,474907,298
2025-26,22,211,474907,298
2025-26,23,226,474907,298
2025-26,24,232,474907,298
2025-26,1,4,475123,503
2025-26,2,15,475123,503
2025-26,3,27,475123,503
2025-26,4,31,475123,503
2025-26,5,44,475123,503
2025-26,6,59,475123,503
2025-26,7,69,475123,503
2025-26,8,77,475123,503
2025-26,9,83,475123,503
2025-26,10,97,475123,503
2025-26,11,107,475123,503
2025-26,12,117,475123,503
2025-26,13,127,475123,503
2025-26,14,140,475123,503
2025-26,15,144,475123,503
2025-26,16,158,475123,503
2025-26,17,165,475123,503
2025-26,18,178,475123,503
2025-26,19,188,475123,503
2025-26,20,191,475123,503
2025-26,21,210,475123,503
2025-26,22,217,475123,503
2025-26,23,223,475123,503
2025-26,24,237,475123,503
2025-26,1,8,475168,249
2025-26,2,20,475168,249
2025-26,3,23,475168,249
2025-26,4,33,475168,249
2025-26,5,47,475168,249
2025-26,6,53,475168,249
2025-26,7,65,475168,249
2025-26,8,77,475168,249
2025-26,9,85,475168,249
2025-26,10,99,475168,249
2025-26,11,103,475168,249
2025-26,12,114,475168,249
2025-26,13,123,475168,249
2025-26,14,136,475168,249
2025-26,15,142,475168,249
2025-26,16,154,475168,249
2025-26,17,168,475168,249
2025-26,18,174,475168,249
2025-26,19,184,475168,249
2025-26,20,197,475168,249
2025-26,21,207,475168,249
2025-26,22,213,475168,249
2025-26,23,225,475168,249
2025-26,24,233,475168,249
2025-26,1,7,476502,649
2025-26,2,12,476502,649
2025-26,3,30,476502,649
2025-26,4,39,476502,649
2025-26,5,50,476502,649
2025-26,6,60,476502,649
2025-26,7,70,476502,649
2025-26,8,78,476502,649
2025-26,9,90,476502,649
2025-26,10,94,476502,649
2025-26,11,103,476502,649
2025-26,12,120,476502,649
2025-26,13,121,476502,649
2025-26,14,140,476502,649
2025-26,15,150,476502,649
2025-26,16,151,476502,649
2025-26,17,170,476502,649
2025-26,18,176,476502,649
2025-26,19,187,476502,649
2025-26,20,200,476502,649
2025-26,21,206,476502,649
2025-26,22,220,476502,649
2025-26,23,228,476502,649
2025-26,24,240,476502,649
2025-26,4,31,476887,734
2025-26,5,44,476887,734
2025-26,6,59,476887,734
2025-26,7,69,476887,734
2025-26,8,77,476887,734
2025-26,9,83,476887,734
2025-26,10,97,476887,734
2025-26,11,107,476887,734
2025-26,12,117,476887,734
2025-26,13,127,476887,734
2025-26,14,140,476887,734
2025-26,15,144,476887,734
2025-26,16,158,476887,734
2025-26,17,165,476887,734
2025-26,18,178,476887,734
2025-26,19,188,476887,734
2025-26,20,191,476887,734
2025-26,21,210,476887,734
2025-26,22,217,476887,734
2025-26,23,223,476887,734
2025-26,24,237,476887,734
2025-26,1,7,477064,410
2025-26,2,18,477064,410
2025-26,3,22,477064,410
2025-26,4,38,477064,410
2025-26,5,41,477064,410
2025-26,6,57,477064,410
2025-26,7,64,477064,410
2025-26,8,76,477064,410
2025-26,9,82,477064,410
2025-26,10,96,477064,410
2025-26,11,106,477064,410
2025-26,12,119,477064,410
2025-26,13,126,477064,410
2025-26,14,135,477064,410
2025-26,15,147,477064,410
2025-26,16,155,477064,410
2025-26,17,167,477064,410
2025-26,18,178,477064,410
2025-26,19,189,477064,410
2025-26,20,197,477064,410
2025-26,21,208,477064,410
2025-26,22,216,477064,410
2025-26,23,228,477064,410
2025-26,24,239,477064,410
2025-26,1,7,477424,403
2025-26,2,18,477424,403
2025-26,3,22,477424,403
2025-26,4,38,477424,403
2025-26,5,41,477424,403
2025-26,6,57,477424,403
2025-26,7,64,477424,403
2025-26,8,76,477424,403
2025-26,9,82,477424,403
2025-26,10,96,477424,403
2025-26,11,106,477424,403
2025-26,12,119,477424,403
2025-26,13,126,477424,403
2025-26,14,135,477424,403
2025-26,15,147,477424,403
2025-26,16,155,477424,403
2025-26,17,167,477424,403
2025-26,18,178,477424,403
2025-26,19,189,477424,403
2025-26,20,197,477424,403
2025-26,21,208,477424,403
2025-26,22,216,477424,403
2025-26,23,228,477424,403
2025-26,24,239,477424,403
2025-26,1,5,477547,536
2025-26,2,14,477547,536
2025-26,3,28,477547,536
2025-26,4,35,477547,536
2025-26,5,48,477547,536
2025-26,6,59,477547,536
2025-26,7,68,477547,536
2025-26,8,78,477547,536
2025-26,9,85,477547,536
2025-26,10,98,477547,536
2025-26,11,108,477547,536
2025-26,12,115,477547,536
2025-26,13,128,477547,536
2025-26,14,137,477547,536
2025-26,15,147,477547,536
2025-26,16,159,477547,536
2025-26,17,163,477547,536
2025-26,18,179,477547,536
2025-26,19,189,477547,536
2025-26,20,199,477547,536
2025-26,21,203,477547,536
2025-26,22,218,477547,536
2025-26,23,230,477547,536
2025-26,24,238,477547,536
2025-26,1,7,477555,424
2025-26,2,18,477555,424
2025-26,3,22,477555,424
2025-26,4,38,477555,424
2025-26,5,41,477555,424
2025-26,6,57,477555,424
2025-26,7,64,477555,424
2025-26,8,76,477555,424
2025-26,9,82,477555,424
2025-26,10,96,477555,424
2025-26,11,106,477555,424
2025-26,12,119,477555,424
2025-26,13,126,477555,424
2025-26,14,135,477555,424
2025-26,15,147,477555,424
2025-26,16,155,477555,424
2025-26,17,167,477555,424
2025-26,18,178,477555,424
2025-26,19,189,477555,424
2025-26,20,197,477555,424
2025-26,21,208,477555,424
2025-26,22,216,477555,424
2025-26,23,228,477555,424
2025-26,24,236,477555,424
2025-26,1,1,477580,71
2025-26,2,12,477580,71
2025-26,3,29,477580,71
2025-26,4,32,477580,71
2025-26,5,42,477580,71
2025-26,6,56,477580,71
2025-26,7,63,477580,71
2025-26,8,73,477580,71
2025-26,9,83,477580,71
2025-26,10,96,477580,71
2025-26,11,101,477580,71
2025-26,12,112,477580,71
2025-26,13,128,477580,71
2025-26,14,132,477580,71
2025-26,15,142,477580,71
2025-26,16,157,477580,71
2025-26,17,162,477580,71
2025-26,18,172,477580,71
2025-26,19,184,477580,71
2025-26,20,192,477580,71
2025-26,21,202,477580,71
2025-26,22,212,477580,71
2025-26,23,222,477580,71
2025-26,24,240,477580,71
2025-26,1,6,477717,191
2025-26,2,14,477717,191
2025-26,3,26,477717,191
2025-26,4,34,477717,191
2025-26,5,44,477717,191
2025-26,6,57,477717,191
2025-26,7,62,477717,191
2025-26,8,72,477717,191
2025-26,9,90,477717,191
2025-26,10,92,477717,191
2025-26,11,110,477717,191
2025-26,12,114,477717,191
2025-26,13,122,477717,191
2025-26,14,134,477717,191
2025-26,15,148,477717,191
2025-26,16,153,477717,191
2025-26,17,162,477717,191
2025-26,18,173,477717,191
2025-26,19,183,477717,191
2025-26,20,193,477717,191
2025-26,21,204,477717,191
2025-26,22,215,477717,191
2025-26,23,224,477717,191
2025-26,24,238,477717,191
2025-26,1,5,477851,554
2025-26,2,14,477851,554
2025-26,3,28,477851,554
2025-26,4,35,477851,554
2025-26,5,48,477851,554
2025-26,6,59,477851,554
2025-26,7,68,477851,554
2025-26,8,78,477851,554
2025-26,9,85,477851,554
2025-26,10,98,477851,554
2025-26,11,108,477851,554
2025-26,12,115,477851,554
2025-26,13,128,477851,554
2025-26,14,137,477851,554
2025-26,15,147,477851,554
2025-26,16,159,477851,554
2025-26,17,163,477851,554
2025-26,18,179,477851,554
2025-26,19,189,477851,554
2025-26,20,199,477851,554
2025-26,21,203,477851,554
2025-26,22,218,477851,554
2025-26,23,230,477851,554
2025-26,24,238,477851,554
2025-26,1,6,478969,190
2025-26,2,14,478969,190
2025-26,3,26,478969,190
2025-26,4,34,478969,190
2025-26,5,44,478969,190
2025-26,6,57,478969,190
2025-26,7,62,478969,190
2025-26,8,72,478969,190
2025-26,9,90,478969,190
2025-26,10,92,478969,190
2025-26,11,110,478969,190
2025-26,12,114,478969,190
2025-26,13,122,478969,190
2025-26,14,134,478969,190
2025-26,15,148,478969,190
2025-26,16,153,478969,190
2025-26,17,162,478969,190
2025-26,18,173,478969,190
2025-26,19,183,478969,190
2025-26,20,193,478969,190
2025-26,21,204,478969,190
2025-26,22,215,478969,190
2025-26,23,224,478969,190
2025-26,24,238,478969,190
2025-26,1,10,480455,290
2025-26,2,16,480455,290
2025-26,3,30,480455,290
2025-26,4,36,480455,290
2025-26,5,46,480455,290
2025-26,6,55,480455,290
2025-26,7,66,480455,290
2025-26,8,76,480455,290
2025-26,9,86,480455,290
2025-26,10,98,480455,290
2025-26,11,105,480455,290
2025-26,12,118,480455,290
2025-26,13,125,480455,290
2025-26,14,132,480455,290
2025-26,15,144,480455,290
2025-26,16,154,480455,290
2025-26,17,164,480455,290
2025-26,18,173,480455,290
2025-26,19,188,480455,290
2025-26,20,194,480455,290
2025-26,21,206,480455,290
2025-26,22,211,480455,290
2025-26,23,226,480455,290
2025-26,24,232,480455,290
2025-26,1,2,481283,688
2025-26,2,13,481283,688
2025-26,3,21,481283,688
2025-26,4,36,481283,688
2025-26,5,48,481283,688
2025-26,6,51,481283,688
2025-26,7,62,481283,688
2025-26,8,79,481283,688
2025-26,9,82,481283,688
2025-26,10,95,481283,688
2025-26,11,101,481283,688
2025-26,12,116,481283,688
2025-26,13,121,481283,688
2025-26,14,133,481283,688
2025-26,15,141,481283,688
2025-26,16,160,481283,688
2025-26,17,161,481283,688
2025-26,18,174,481283,688
2025-26,19,181,481283,688
2025-26,20,191,481283,688
2025-26,21,205,481283,688
2025-26,22,211,481283,688
2025-26,23,229,481283,688
2025-26,24,231,481283,688
2025-26,1,9,481655,26
2025-26,2,11,481655,26
2025-26,3,25,481655,26
2025-26,4,31,481655,26
2025-26,5,41,481655,26
2025-26,6,58,481655,26
2025-26,7,61,481655,26
2025-26,8,74,481655,26
2025-26,9,81,481655,26
2025-26,10,92,481655,26
2025-26,11,108,481655,26
2025-26,12,111,481655,26
2025-26,13,123,481655,26
2025-26,14,131,481655,26
2025-26,15,141,481655,26
2025-26,16,151,481655,26
2025-26,17,164,481655,26
2025-26,18,171,481655,26
2025-26,19,181,481655,26
2025-26,20,192,481655,26
2025-26,21,201,481655,26
2025-26,22,217,481655,26
2025-26,23,221,481655,26
2025-26,24,234,481655,26
2025-26,1,6,482442,593
2025-26,2,18,482442,593
2025-26,3,29,482442,593
2025-26,4,40,482442,593
2025-26,5,43,482442,593
2025-26,6,60,482442,593
2025-26,7,67,482442,593
2025-26,8,79,482442,593
2025-26,9,86,482442,593
2025-26,10,99,482442,593
2025-26,11,109,482442,593
2025-26,12,111,482442,593
2025-26,13,129,482442,593
2025-26,14,139,482442,593
2025-26,15,149,482442,593
2025-26,16,158,482442,593
2025-26,17,169,482442,593
2025-26,18,175,482442,593
2025-26,19,182,482442,593
2025-26,20,199,482442,593
2025-26,21,202,482442,593
2025-26,22,219,482442,593
2025-26,23,224,482442,593
2025-26,24,239,482442,593
2025-26,1,8,482609,228
2025-26,2,20,482609,228
2025-26,3,23,482609,228
2025-26,4,33,482609,228
2025-26,5,47,482609,228
2025-26,6,53,482609,228
2025-26,7,65,482609,228
2025-26,8,77,482609,228
2025-26,9,85,482609,228
2025-26,10,99,482609,228
2025-26,11,103,482609,228
2025-26,12,114,482609,228
2025-26,13,123,482609,228
2025-26,14,136,482609,228
2025-26,15,142,482609,228
2025-26,16,154,482609,228
2025-26,17,168,482609,228
2025-26,18,174,482609,228
2025-26,19,184,482609,228
2025-26,20,197,482609,228
2025-26,21,207,482609,228
2025-26,22,213,482609,228
2025-26,23,225,482609,228
2025-26,24,233,482609,228
2025-26,1,4,482973,526
2025-26,2,15,482973,526
2025-26,3,27,482973,526
2025-26,4,31,482973,526
2025-26,5,44,482973,526
2025-26,6,59,482973,526
2025-26,7,69,482973,526
2025-26,8,77,482973,526
2025-26,9,83,482973,526
2025-26,10,97,482973,526
2025-26,11,107,482973,526
2025-26,12,117,482973,526
2025-26,13,127,482973,526
2025-26,14,140,482973,526
2025-26,15,144,482973,526
2025-26,16,158,482973,526
2025-26,17,165,482973,526
2025-26,18,178,482973,526
2025-26,19,188,482973,526
2025-26,20,191,482973,526
2025-26,21,210,482973,526
2025-26,22,217,482973,526
2025-26,23,223,482973,526
2025-26,24,237,482973,526
2025-26,1,7,483081,635
2025-26,2,12,483081,635
2025-26,3,30,483081,635
2025-26,4,39,483081,635
2025-26,5,50,483081,635
2025-26,6,60,483081,635
2025-26,7,70,483081,635
2025-26,8,78,483081,635
2025-26,9,90,483081,635
2025-26,10,94,483081,635
2025-26,11,103,483081,635
2025-26,12,120,483081,635
2025-26,13,121,483081,635
2025-26,14,140,483081,635
2025-26,15,150,483081,635
2025-26,16,151,483081,635
2025-26,17,170,483081,635
2025-26,18,176,483081,635
2025-26,19,187,483081,635
2025-26,20,200,483081,635
2025-26,21,206,483081,635
2025-26,22,220,483081,635
2025-26,23,228,483081,635
2025-26,24,240,483081,635
2025-26,1,5,483364,602
2025-26,2,20,483364,602
2025-26,3,27,483364,602
2025-26,4,40,483364,602
2025-26,5,49,483364,602
2025-26,6,55,483364,602
2025-26,7,61,483364,602
2025-26,8,80,483364,602
2025-26,9,87,483364,602
2025-26,10,100,483364,602
2025-26,11,110,483364,602
2025-26,12,112,483364,602
2025-26,13,130,483364,602
2025-26,14,138,483364,602
2025-26,15,143,483364,602
2025-26,16,160,483364,602
2025-26,17,167,483364,602
2025-26,18,180,483364,602
2025-26,19,190,483364,602
2025-26,20,200,483364,602
2025-26,21,210,483364,602
2025-26,22,219,483364,602
2025-26,23,230,483364,602
2025-26,24,233,483364,602
2025-26,1,5,484420,547
2025-26,2,14,484420,547
2025-26,3,28,484420,547
2025-26,4,35,484420,547
2025-26,5,48,484420,547
2025-26,6,59,484420,547
2025-26,7,68,484420,547
2025-26,8,78,484420,547
2025-26,9,85,484420,547
2025-26,10,98,484420,547
2025-26,11,108,484420,547
2025-26,12,115,484420,547
2025-26,13,128,484420,547
2025-26,14,137,484420,547
2025-26,15,147,484420,547
2025-26,16,159,484420,547
2025-26,17,163,484420,547
2025-26,18,179,484420,547
2025-26,19,189,484420,547
2025-26,20,199,484420,547
2025-26,21,203,484420,547
2025-26,22,218,484420,547
2025-26,23,230,484420,547
2025-26,24,238,484420,547
2025-26,1,4,485047,511
2025-26,2,15,485047,511
2025-26,3,27,485047,511
2025-26,4,31,485047,511
2025-26,5,44,485047,511
2025-26,6,59,485047,511
2025-26,7,69,485047,511
2025-26,8,77,485047,511
2025-26,9,83,485047,511
2025-26,10,97,485047,511
2025-26,11,107,485047,511
2025-26,12,117,485047,511
2025-26,13,127,485047,511
2025-26,14,140,485047,511
2025-26,15,144,485047,511
2025-26,16,158,485047,511
2025-26,17,165,485047,511
2025-26,18,178,485047,511
2025-26,19,188,485047,511
2025-26,20,191,485047,511
2025-26,21,210,485047,511
2025-26,22,217,485047,511
2025-26,23,223,485047,511
2025-26,24,237,485047,511
2025-26,1,6,485055,567
2025-26,2,18,485055,567
2025-26,3,29,485055,567
2025-26,4,40,485055,567
2025-26,5,43,485055,567
2025-26,6,60,485055,567
2025-26,7,67,485055,567
2025-26,8,79,485055,567
2025-26,9,86,485055,567
2025-26,10,99,485055,567
2025-26,11,109,485055,567
2025-26,12,111,485055,567
2025-26,13,129,485055,567
2025-26,14,139,485055,567
2025-26,15,149,485055,567
2025-26,16,158,485055,567
2025-26,17,169,485055,567
2025-26,18,175,485055,567
2025-26,19,182,485055,567
2025-26,20,199,485055,567
2025-26,21,202,485055,567
2025-26,22,219,485055,567
2025-26,23,224,485055,567
2025-26,24,239,485055,567
2025-26,1,2,485337,677
2025-26,2,13,485337,677
2025-26,3,21,485337,677
2025-26,4,36,485337,677
2025-26,5,48,485337,677
2025-26,6,51,485337,677
2025-26,7,62,485337,677
2025-26,8,79,485337,677
2025-26,9,82,485337,677
2025-26,10,95,485337,677
2025-26,11,101,485337,677
2025-26,12,116,485337,677
2025-26,13,121,485337,677
2025-26,14,133,485337,677
2025-26,15,141,485337,677
2025-26,16,160,485337,677
2025-26,17,161,485337,677
2025-26,18,174,485337,677
2025-26,19,181,485337,677
2025-26,20,191,485337,677
2025-26,21,205,485337,677
2025-26,22,211,485337,677
2025-26,23,229,485337,677
2025-26,24,231,485337,677
2025-26,1,9,485711,681
2025-26,2,17,485711,681
2025-26,3,26,485711,681
2025-26,4,38,485711,681
2025-26,5,47,485711,681
2025-26,6,52,485711,681
2025-26,7,68,485711,681
2025-26,8,75,485711,681
2025-26,9,88,485711,681
2025-26,10,97,485711,681
2025-26,11,109,485711,681
2025-26,12,118,485711,681
2025-26,13,124,485711,681
2025-26,14,138,485711,681
2025-26,15,150,485711,681
2025-26,16,157,485711,681
2025-26,17,161,485711,681
2025-26,18,177,485711,681
2025-26,19,187,485711,681
2025-26,20,196,485711,681
2025-26,21,204,485711,681
2025-26,22,216,485711,681
2025-26,23,221,485711,681
2025-26,24,236,485711,681
2025-26,1,10,486385,311
2025-26,2,16,486385,311
2025-26,3,30,486385,311
2025-26,4,36,486385,311
2025-26,5,46,486385,311
2025-26,6,55,486385,311
2025-26,7,66,486385,311
2025-26,8,76,486385,311
2025-26,9,86,486385,311
2025-26,10,98,486385,311
2025-26,11,105,486385,311
2025-26,12,118,486385,311
2025-26,13,125,486385,311
2025-26,14,132,486385,311
2025-26,15,144,486385,311
2025-26,16,154,486385,311
2025-26,17,164,486385,311
2025-26,18,173,486385,311
2025-26,19,188,486385,311
2025-26,20,194,486385,311
2025-26,21,206,486385,311
2025-26,22,211,486385,311
2025-26,23,226,486385,311
2025-26,24,232,486385,311
2025-26,1,10,486520,356
2025-26,2,11,486520,356
2025-26,3,24,486520,356
2025-26,4,37,486520,356
2025-26,5,50,486520,356
2025-26,6,56,486520,356
2025-26,7,67,486520,356
2025-26,8,72,486520,356
2025-26,9,87,486520,356
2025-26,10,91,486520,356
2025-26,11,107,486520,356
2025-26,12,116,486520,356
2025-26,13,126,486520,356
2025-26,14,136,486520,356
2025-26,15,146,486520,356
2025-26,16,152,486520,356
2025-26,17,166,486520,356
2025-26,18,179,486520,356
2025-26,19,186,486520,356
2025-26,20,196,486520,356
2025-26,21,209,486520,356
2025-26,22,214,486520,356
2025-26,23,226,486520,356
2025-26,24,234,486520,356
2025-26,1,8,486672,241
2025-26,2,20,486672,241
2025-26,3,23,486672,241
2025-26,4,33,486672,241
2025-26,5,47,486672,241
2025-26,6,53,486672,241
2025-26,7,65,486672,241
2025-26,8,77,486672,241
2025-26,9,85,486672,241
2025-26,10,99,486672,241
2025-26,11,103,486672,241
2025-26,12,114,486672,241
2025-26,13,123,486672,241
2025-26,14,136,486672,241
2025-26,15,142,486672,241
2025-26,16,154,486672,241
2025-26,17,168,486672,241
2025-26,18,174,486672,241
2025-26,19,184,486672,241
2025-26,20,197,486672,241
2025-26,21,207,486672,241
2025-26,22,213,486672,241
2025-26,23,225,486672,241
2025-26,24,233,486672,241
2025-26,1,6,487053,574
2025-26,2,18,487053,574
2025-26,3,29,487053,574
2025-26,4,40,487053,574
2025-26,5,43,487053,574
2025-26,6,60,487053,574
2025-26,7,67,487053,574
2025-26,8,79,487053,574
2025-26,9,86,487053,574
2025-26,10,99,487053,574
2025-26,11,109,487053,574
2025-26,12,111,487053,574
2025-26,13,129,487053,574
2025-26,14,139,487053,574
2025-26,15,149,487053,574
2025-26,16,158,487053,574
2025-26,17,169,487053,574
2025-26,18,175,487053,574
2025-26,19,182,487053,574
2025-26,20,199,487053,574
2025-26,21,202,487053,574
2025-26,22,219,487053,574
2025-26,23,224,487053,574
2025-26,24,239,487053,574
2025-26,1,3,487117,179
2025-26,2,16,487117,179
2025-26,3,22,487117,179
2025-26,4,32,487117,179
2025-26,5,43,487117,179
2025-26,6,53,487117,179
2025-26,7,70,487117,179
2025-26,8,71,487117,179
2025-26,9,88,487117,179
2025-26,10,91,487117,179
2025-26,11,104,487117,179
2025-26,12,113,487117,179
2025-26,13,127,487117,179
2025-26,14,133,487117,179
2025-26,15,143,487117,179
2025-26,16,156,487117,179
2025-26,17,163,487117,179
2025-26,18,171,487117,179
2025-26,19,190,487117,179
2025-26,20,193,487117,179
2025-26,21,208,487117,179
2025-26,22,212,487117,179
2025-26,23,227,487117,179
2025-26,24,232,487117,179
2025-26,1,5,487676,532
2025-26,2,14,487676,532
2025-26,3,28,487676,532
2025-26,4,35,487676,532
2025-26,5,48,487676,532
2025-26,6,59,487676,532
2025-26,7,68,487676,532
2025-26,8,78,487676,532
2025-26,9,85,487676,532
2025-26,10,98,487676,532
2025-26,11,108,487676,532
2025-26,12,115,487676,532
2025-26,13,128,487676,532
2025-26,14,137,487676,532
2025-26,15,147,487676,532
2025-26,16,159,487676,532
2025-26,17,163,487676,532
2025-26,18,179,487676,532
2025-26,19,189,487676,532
2025-26,20,199,487676,532
2025-26,21,203,487676,532
2025-26,22,218,487676,532
2025-26,23,230,487676,532
2025-26,24,238,487676,532
2025-26,1,6,487702,208
2025-26,2,14,487702,208
2025-26,3,26,487702,208
2025-26,4,34,487702,208
2025-26,5,44,487702,208
2025-26,6,57,487702,208
2025-26,7,62,487702,208
2025-26,8,72,487702,208
2025-26,9,90,487702,208
2025-26,10,92,487702,208
2025-26,11,110,487702,208
2025-26,12,114,487702,208
2025-26,13,122,487702,208
2025-26,14,134,487702,208
2025-26,15,148,487702,208
2025-26,16,153,487702,208
2025-26,17,162,487702,208
2025-26,18,173,487702,208
2025-26,19,183,487702,208
2025-26,20,193,487702,208
2025-26,21,204,487702,208
2025-26,22,215,487702,208
2025-26,23,224,487702,208
2025-26,24,238,487702,208
2025-26,1,2,487838,473
2025-26,2,19,487838,473
2025-26,3,24,487838,473
2025-26,4,39,487838,473
2025-26,5,42,487838,473
2025-26,6,58,487838,473
2025-26,7,69,487838,473
2025-26,8,71,487838,473
2025-26,9,89,487838,473
2025-26,10,100,487838,473
2025-26,11,102,487838,473
2025-26,12,119,487838,473
2025-26,13,125,487838,473
2025-26,14,139,487838,473
2025-26,15,148,487838,473
2025-26,16,159,487838,473
2025-26,17,168,487838,473
2025-26,18,177,487838,473
2025-26,19,183,487838,473
2025-26,20,198,487838,473
2025-26,21,209,487838,473
2025-26,22,220,487838,473
2025-26,23,229,487838,473
2025-26,24,235,487838,473
2025-26,3,21,488024,712
2025-26,4,35,488024,712
2025-26,5,49,488024,712
2025-26,6,54,488024,712
2025-26,7,66,488024,712
2025-26,8,73,488024,712
2025-26,9,81,488024,712
2025-26,10,93,488024,712
2025-26,11,104,488024,712
2025-26,12,120,488024,712
2025-26,13,124,488024,712
2025-26,14,134,488024,712
2025-26,15,145,488024,712
2025-26,16,155,488024,712
2025-26,17,166,488024,712
2025-26,18,175,488024,712
2025-26,19,185,488024,712
2025-26,20,198,488024,712
2025-26,21,205,488024,712
2025-26,22,218,488024,712
2025-26,23,225,488024,712
2025-26,24,237,488024,712
2025-26,4,39,488213,720
2025-26,5,50,488213,720
2025-26,6,60,488213,720
2025-26,7,70,488213,720
2025-26,8,78,488213,720
2025-26,9,90,488213,720
2025-26,10,94,488213,720
2025-26,11,103,488213,720
2025-26,12,120,488213,720
2025-26,13,121,488213,720
2025-26,14,140,488213,720
2025-26,15,150,488213,720
2025-26,16,151,488213,720
2025-26,17,170,488213,720
2025-26,18,176,488213,720
2025-26,19,187,488213,720
2025-26,20,200,488213,720
2025-26,21,206,488213,720
2025-26,22,220,488213,720
2025-26,23,228,488213,720
2025-26,24,240,488213,720
2025-26,1,6,489571,184
2025-26,2,14,489571,184
2025-26,3,26,489571,184
2025-26,4,34,489571,184
2025-26,5,44,489571,184
2025-26,6,57,489571,184
2025-26,7,62,489571,184
2025-26,8,72,489571,184
2025-26,9,90,489571,184
2025-26,10,92,489571,184
2025-26,11,110,489571,184
2025-26,12,114,489571,184
2025-26,13,122,489571,184
2025-26,14,134,489571,184
2025-26,15,148,489571,184
2025-26,16,153,489571,184
2025-26,17,162,489571,184
2025-26,18,173,489571,184
2025-26,19,183,489571,184
2025-26,20,193,489571,184
2025-26,21,204,489571,184
2025-26,22,215,489571,184
2025-26,23,224,489571,184
2025-26,24,238,489571,184
2025-26,1,1,489580,380
2025-26,2,19,489580,380
2025-26,3,25,489580,380
2025-26,4,34,489580,380
2025-26,5,46,489580,380
2025-26,6,54,489580,380
2025-26,7,65,489580,380
2025-26,8,75,489580,380
2025-26,9,84,489580,380
2025-26,10,95,489580,380
2025-26,11,106,489580,380
2025-26,12,117,489580,380
2025-26,13,130,489580,380
2025-26,14,137,489580,380
2025-26,15,146,489580,380
2025-26,16,156,489580,380
2025-26,17,169,489580,380
2025-26,18,176,489580,380
2025-26,19,186,489580,380
2025-26,20,195,489580,380
2025-26,21,201,489580,380
2025-26,22,215,489580,380
2025-26,23,222,489580,380
2025-26,24,235,489580,380
2025-26,1,3,489639,139
2025-26,2,16,489639,139
2025-26,3,22,489639,139
2025-26,4,32,489639,139
2025-26,5,43,489639,139
2025-26,6,53,489639,139
2025-26,7,70,489639,139
2025-26,8,71,489639,139
2025-26,9,88,489639,139
2025-26,10,91,489639,139
2025-26,11,104,489639,139
2025-26,12,113,489639,139
2025-26,13,127,489639,139
2025-26,14,133,489639,139
2025-26,15,143,489639,139
2025-26,16,156,489639,139
2025-26,17,163,489639,139
2025-26,18,171,489639,139
2025-26,19,190,489639,139
2025-26,20,193,489639,139
2025-26,21,208,489639,139
2025-26,22,212,489639,139
2025-26,23,227,489639,139
2025-26,24,232,489639,139
2025-26,1,8,489706,276
2025-26,2,15,489706,276
2025-26,3,21,489706,276
2025-26,4,35,489706,276
2025-26,5,49,489706,276
2025-26,6,54,489706,276
2025-26,7,66,489706,276
2025-26,8,73,489706,276
2025-26,9,81,489706,276
2025-26,10,93,489706,276
2025-26,11,104,489706,276
2025-26,12,120,489706,276
2025-26,13,124,489706,276
2025-26,14,134,489706,276
2025-26,15,145,489706,276
2025-26,16,155,489706,276
2025-26,17,166,489706,276
2025-26,18,175,489706,276
2025-26,19,185,489706,276
2025-26,20,198,489706,276
2025-26,21,205,489706,276
2025-26,22,218,489706,276
2025-26,23,225,489706,276
2025-26,24,237,489706,276
2025-26,2,12,489888,697
2025-26,3,29,489888,697
2025-26,4,32,489888,697
2025-26,5,42,489888,697
2025-26,6,56,489888,697
2025-26,7,63,489888,697
2025-26,8,73,489888,697
2025-26,9,83,489888,697
2025-26,10,96,489888,697
2025-26,11,101,489888,697
2025-26,12,112,489888,697
2025-26,13,128,489888,697
2025-26,14,132,489888,697
2025-26,15,142,489888,697
2025-26,16,157,489888,697
2025-26,17,162,489888,697
2025-26,18,172,489888,697
2025-26,19,184,489888,697
2025-26,20,192,489888,697
2025-26,21,202,489888,697
2025-26,22,212,489888,697
2025-26,23,222,489888,697
2025-26,24,240,489888,697
2025-26,1,5,490000,530
2025-26,2,14,490000,530
2025-26,3,28,490000,530
2025-26,4,35,490000,530
2025-26,5,48,490000,530
2025-26,6,59,490000,530
2025-26,7,68,490000,530
2025-26,8,78,490000,530
2025-26,9,85,490000,530
2025-26,10,98,490000,530
2025-26,11,108,490000,530
2025-26,12,115,490000,530
2025-26,13,128,490000,530
2025-26,14,137,490000,530
2025-26,15,147,490000,530
2025-26,16,159,490000,530
2025-26,17,163,490000,530
2025-26,18,179,490000,530
2025-26,19,189,490000,530
2025-26,20,199,490000,530
2025-26,21,203,490000,530
2025-26,22,218,490000,530
2025-26,23,230,490000,530
2025-26,24,238,490000,530
2025-26,1,10,490094,304
2025-26,2,16,490094,304
2025-26,3,30,490094,304
2025-26,4,36,490094,304
2025-26,5,46,490094,304
2025-26,6,55,490094,304
2025-26,7,66,490094,304
2025-26,8,76,490094,304
2025-26,9,86,490094,304
2025-26,10,98,490094,304
2025-26,11,105,490094,304
2025-26,12,118,490094,304
2025-26,13,125,490094,304
2025-26,14,132,490094,304
2025-26,15,144,490094,304
2025-26,16,154,490094,304
2025-26,17,164,490094,304
2025-26,18,173,490094,304
2025-26,19,188,490094,304
2025-26,20,194,490094,304
2025-26,21,206,490094,304
2025-26,22,211,490094,304
2025-26,23,226,490094,304
2025-26,24,232,490094,304
2025-26,1,5,490142,623
2025-26,2,20,490142,623
2025-26,3,27,490142,623
2025-26,4,40,490142,623
2025-26,5,49,490142,623
2025-26,6,55,490142,623
2025-26,7,61,490142,623
2025-26,8,80,490142,623
2025-26,9,87,490142,623
2025-26,10,100,490142,623
2025-26,11,110,490142,623
2025-26,12,112,490142,623
2025-26,13,130,490142,623
2025-26,14,138,490142,623
2025-26,15,143,490142,623
2025-26,16,160,490142,623
2025-26,17,167,490142,623
2025-26,18,180,490142,623
2025-26,19,190,490142,623
2025-26,20,200,490142,623
2025-26,21,210,490142,623
2025-26,22,219,490142,623
2025-26,23,230,490142,623
2025-26,24,233,490142,623
2025-26,1,6,490145,599
2025-26,2,18,490145,599
2025-26,3,29,490145,599
2025-26,4,40,490145,599
2025-26,5,43,490145,599
2025-26,6,60,490145,599
2025-26,7,67,490145,599
2025-26,8,79,490145,599
2025-26,9,86,490145,599
2025-26,10,99,490145,599
2025-26,11,109,490145,599
2025-26,12,111,490145,599
2025-26,13,129,490145,599
2025-26,14,139,490145,599
2025-26,15,149,490145,599
2025-26,16,158,490145,599
2025-26,17,169,490145,599
2025-26,18,175,490145,599
2025-26,19,182,490145,599
2025-26,20,199,490145,599
2025-26,21,202,490145,599
2025-26,22,219,490145,599
2025-26,23,224,490145,599
2025-26,24,239,490145,599
2025-26,1,7,490721,633
2025-26,2,12,490721,633
2025-26,3,30,490721,633
2025-26,4,39,490721,633
2025-26,5,50,490721,633
2025-26,6,60,490721,633
2025-26,7,70,490721,633
2025-26,8,78,490721,633
2025-26,9,90,490721,633
2025-26,10,94,490721,633
2025-26,11,103,490721,633
2025-26,12,120,490721,633
2025-26,13,121,490721,633
2025-26,14,140,490721,633
2025-26,15,150,490721,633
2025-26,16,151,490721,633
2025-26,17,170,490721,633
2025-26,18,176,490721,633
2025-26,19,187,490721,633
2025-26,20,200,490721,633
2025-26,21,206,490721,633
2025-26,22,220,490721,633
2025-26,23,228,490721,633
2025-26,24,240,490721,633
2025-26,1,9,490881,460
2025-26,2,17,490881,460
2025-26,3,26,490881,460
2025-26,4,38,490881,460
2025-26,5,47,490881,460
2025-26,6,52,490881,460
2025-26,7,68,490881,460
2025-26,8,75,490881,460
2025-26,9,88,490881,460
2025-26,10,97,490881,460
2025-26,11,109,490881,460
2025-26,12,118,490881,460
2025-26,13,124,490881,460
2025-26,14,138,490881,460
2025-26,15,150,490881,460
2025-26,16,157,490881,460
2025-26,17,161,490881,460
2025-26,18,177,490881,460
2025-26,19,187,490881,460
2025-26,20,196,490881,460
2025-26,21,204,490881,460
2025-26,22,216,490881,460
2025-26,23,221,490881,460
2025-26,24,236,490881,460
2025-26,1,5,490885,620
2025-26,2,20,490885,620
2025-26,3,27,490885,620
2025-26,4,40,490885,620
2025-26,5,49,490885,620
2025-26,6,55,490885,620
2025-26,7,61,490885,620
2025-26,8,80,490885,620
2025-26,9,87,490885,620
2025-26,10,100,490885,620
2025-26,11,110,490885,620
2025-26,12,112,490885,620
2025-26,13,130,490885,620
2025-26,14,138,490885,620
2025-26,15,143,490885,620
2025-26,16,160,490885,620
2025-26,17,167,490885,620
2025-26,18,180,490885,620
2025-26,19,190,490885,620
2025-26,20,200,490885,620
2025-26,21,210,490885,620
2025-26,22,219,490885,620
2025-26,23,230,490885,620
2025-26,24,233,490885,620
2025-26,1,8,491007,247
2025-26,2,20,491007,247
2025-26,3,23,491007,247
2025-26,4,33,491007,247
2025-26,5,47,491007,247
2025-26,6,53,491007,247
2025-26,7,65,491007,247
2025-26,8,77,491007,247
2025-26,9,85,491007,247
2025-26,10,99,491007,247
2025-26,11,103,491007,247
2025-26,12,114,491007,247
2025-26,13,123,491007,247
2025-26,14,136,491007,247
2025-26,15,142,491007,247
2025-26,16,154,491007,247
2025-26,17,168,491007,247
2025-26,18,174,491007,247
2025-26,19,184,491007,247
2025-26,20,197,491007,247
2025-26,21,207,491007,247
2025-26,22,213,491007,247
2025-26,23,225,491007,247
2025-26,24,233,491007,247
2025-26,1,10,491012,312
2025-26,2,16,491012,312
2025-26,3,30,491012,312
2025-26,4,36,491012,312
2025-26,5,46,491012,312
2025-26,6,55,491012,312
2025-26,7,66,491012,312
2025-26,8,76,491012,312
2025-26,9,86,491012,312
2025-26,10,98,491012,312
2025-26,11,105,491012,312
2025-26,12,118,491012,312
2025-26,13,125,491012,312
2025-26,14,132,491012,312
2025-26,15,144,491012,312
2025-26,16,154,491012,312
2025-26,17,164,491012,312
2025-26,18,173,491012,312
2025-26,19,188,491012,312
2025-26,20,194,491012,312
2025-26,21,206,491012,312
2025-26,22,211,491012,312
2025-26,23,226,491012,312
2025-26,24,232,491012,312
2025-26,1,6,491279,575
2025-26,2,18,491279,575
2025-26,3,29,491279,575
2025-26,4,40,491279,575
2025-26,5,43,491279,575
2025-26,6,60,491279,575
2025-26,7,67,491279,575
2025-26,8,79,491279,575
2025-26,9,86,491279,575
2025-26,10,99,491279,575
2025-26,11,109,491279,575
2025-26,12,111,491279,575
2025-26,13,129,491279,575
2025-26,14,139,491279,575
2025-26,15,149,491279,575
2025-26,16,158,491279,575
2025-26,17,169,491279,575
2025-26,18,175,491279,575
2025-26,19,182,491279,575
2025-26,20,199,491279,575
2025-26,21,202,491279,575
2025-26,22,219,491279,575
2025-26,23,224,491279,575
2025-26,24,239,491279,575
2025-26,1,2,491287,56
2025-26,2,13,491287,56
2025-26,3,21,491287,56
2025-26,4,36,491287,56
2025-26,5,48,491287,56
2025-26,6,51,491287,56
2025-26,7,62,491287,56
2025-26,8,79,491287,56
2025-26,9,82,491287,56
2025-26,10,95,491287,56
2025-26,11,101,491287,56
2025-26,12,116,491287,56
2025-26,13,121,491287,56
2025-26,14,133,491287,56
2025-26,15,141,491287,56
2025-26,16,160,491287,56
2025-26,17,161,491287,56
2025-26,18,174,491287,56
2025-26,19,181,491287,56
2025-26,20,191,491287,56
2025-26,21,205,491287,56
2025-26,22,211,491287,56
2025-26,23,229,491287,56
2025-26,24,231,491287,56
2025-26,1,1,491501,394
2025-26,2,19,491501,394
2025-26,3,25,491501,394
2025-26,4,34,491501,394
2025-26,5,46,491501,394
2025-26,6,54,491501,394
2025-26,7,65,491501,394
2025-26,8,75,491501,394
2025-26,9,84,491501,394
2025-26,10,95,491501,394
2025-26,11,106,491501,394
2025-26,12,117,491501,394
2025-26,13,130,491501,394
2025-26,14,137,491501,394
2025-26,15,146,491501,394
2025-26,16,156,491501,394
2025-26,17,169,491501,394
2025-26,18,176,491501,394
2025-26,19,186,491501,394
2025-26,20,195,491501,394
2025-26,21,201,491501,394
2025-26,22,215,491501,394
2025-26,23,222,491501,394
2025-26,24,235,491501,394
2025-26,1,10,491557,309
2025-26,2,16,491557,309
2025-26,3,30,491557,309
2025-26,4,36,491557,309
2025-26,5,46,491557,309
2025-26,6,55,491557,309
2025-26,7,66,491557,309
2025-26,8,76,491557,309
2025-26,9,86,491557,309
2025-26,10,98,491557,309
2025-26,11,105,491557,309
2025-26,12,118,491557,309
2025-26,13,125,491557,309
2025-26,14,132,491557,309
2025-26,15,144,491557,309
2025-26,16,154,491557,309
2025-26,17,164,491557,309
2025-26,18,173,491557,309
2025-26,19,188,491557,309
2025-26,20,194,491557,309
2025-26,21,206,491557,309
2025-26,22,211,491557,309
2025-26,23,226,491557,309
2025-26,24,232,491557,309
2025-26,2,16,491745,705
2025-26,3,30,491745,705
2025-26,4,36,491745,705
2025-26,5,46,491745,705
2025-26,6,55,491745,705
2025-26,7,66,491745,705
2025-26,8,76,491745,705
2025-26,9,86,491745,705
2025-26,10,98,491745,705
2025-26,11,105,491745,705
2025-26,12,118,491745,705
2025-26,13,125,491745,705
2025-26,14,132,491745,705
2025-26,15,144,491745,705
2025-26,16,154,491745,705
2025-26,17,164,491745,705
2025-26,18,173,491745,705
2025-26,19,188,491745,705
2025-26,20,194,491745,705
2025-26,21,206,491745,705
2025-26,22,211,491745,705
2025-26,23,226,491745,705
2025-26,24,232,491745,705
2025-26,1,5,492066,537
2025-26,2,14,492066,537
2025-26,3,28,492066,537
2025-26,4,35,492066,537
2025-26,5,48,492066,537
2025-26,6,59,492066,537
2025-26,7,68,492066,537
2025-26,8,78,492066,537
2025-26,9,85,492066,537
2025-26,10,98,492066,537
2025-26,11,108,492066,537
2025-26,12,115,492066,537
2025-26,13,128,492066,537
2025-26,14,137,492066,537
2025-26,15,147,492066,537
2025-26,16,159,492066,537
2025-26,17,163,492066,537
2025-26,18,179,492066,537
2025-26,19,189,492066,537
2025-26,20,199,492066,537
2025-26,21,203,492066,537
2025-26,22,218,492066,537
2025-26,23,230,492066,537
2025-26,24,238,492066,537
2025-26,1,10,492368,349
2025-26,2,11,492368,349
2025-26,3,24,492368,349
2025-26,4,37,492368,349
2025-26,5,50,492368,349
2025-26,6,56,492368,349
2025-26,7,67,492368,349
2025-26,8,72,492368,349
2025-26,9,87,492368,349
2025-26,10,91,492368,349
2025-26,11,107,492368,349
2025-26,12,116,492368,349
2025-26,13,126,492368,349
2025-26,14,136,492368,349
2025-26,15,146,492368,349
2025-26,16,152,492368,349
2025-26,17,166,492368,349
2025-26,18,179,492368,349
2025-26,19,186,492368,349
2025-26,20,196,492368,349
2025-26,21,209,492368,349
2025-26,22,214,492368,349
2025-26,23,226,492368,349
2025-26,24,234,492368,349
2025-26,1,1,492777,375
2025-26,2,19,492777,375
2025-26,3,25,492777,375
2025-26,4,34,492777,375
2025-26,5,46,492777,375
2025-26,6,54,492777,375
2025-26,7,65,492777,375
2025-26,8,75,492777,375
2025-26,9,84,492777,375
2025-26,10,95,492777,375
2025-26,11,106,492777,375
2025-26,12,117,492777,375
2025-26,13,130,492777,375
2025-26,14,137,492777,375
2025-26,15,146,492777,375
2025-26,16,156,492777,375
2025-26,17,169,492777,375
2025-26,18,176,492777,375
2025-26,19,186,492777,375
2025-26,20,195,492777,375
2025-26,21,201,492777,375
2025-26,22,215,492777,375
2025-26,23,222,492777,375
2025-26,24,235,492777,375
2025-26,1,6,492831,216
2025-26,2,14,492831,216
2025-26,3,26,492831,216
2025-26,4,34,492831,216
2025-26,5,44,492831,216
2025-26,6,57,492831,216
2025-26,7,62,492831,216
2025-26,8,72,492831,216
2025-26,9,90,492831,216
2025-26,10,92,492831,216
2025-26,11,110,492831,216
2025-26,12,114,492831,216
2025-26,13,122,492831,216
2025-26,14,134,492831,216
2025-26,15,148,492831,216
2025-26,16,153,492831,216
2025-26,17,162,492831,216
2025-26,18,173,492831,216
2025-26,19,183,492831,216
2025-26,20,193,492831,216
2025-26,21,204,492831,216
2025-26,22,215,492831,216
2025-26,23,224,492831,216
2025-26,24,238,492831,216
2025-26,1,10,492859,351
2025-26,2,11,492859,351
2025-26,3,24,492859,351
2025-26,4,37,492859,351
2025-26,5,50,492859,351
2025-26,6,56,492859,351
2025-26,7,67,492859,351
2025-26,8,72,492859,351
2025-26,9,87,492859,351
2025-26,10,91,492859,351
2025-26,11,107,492859,351
2025-26,12,116,492859,351
2025-26,13,126,492859,351
2025-26,14,136,492859,351
2025-26,15,146,492859,351
2025-26,16,152,492859,351
2025-26,17,166,492859,351
2025-26,18,179,492859,351
2025-26,19,186,492859,351
2025-26,20,196,492859,351
2025-26,21,209,492859,351
2025-26,22,214,492859,351
2025-26,23,226,492859,351
2025-26,24,234,492859,351
2025-26,1,9,493105,453
2025-26,2,17,493105,453
2025-26,3,26,493105,453
2025-26,4,33,493105,453
2025-26,5,47,493105,453
2025-26,6,53,493105,453
2025-26,7,65,493105,453
2025-26,8,77,493105,453
2025-26,9,85,493105,453
2025-26,10,99,493105,453
2025-26,11,103,493105,453
2025-26,12,114,493105,453
2025-26,13,123,493105,453
2025-26,14,136,493105,453
2025-26,15,142,493105,453
2025-26,16,154,493105,453
2025-26,17,168,493105,453
2025-26,18,174,493105,453
2025-26,19,184,493105,453
2025-26,20,197,493105,453
2025-26,21,207,493105,453
2025-26,22,213,493105,453
2025-26,23,225,493105,453
2025-26,24,233,493105,453
2025-26,1,6,493125,572
2025-26,2,18,493125,572
2025-26,3,29,493125,572
2025-26,4,40,493125,572
2025-26,5,43,493125,572
2025-26,6,60,493125,572
2025-26,7,67,493125,572
2025-26,8,79,493125,572
2025-26,9,86,493125,572
2025-26,10,99,493125,572
2025-26,11,109,493125,572
2025-26,12,111,493125,572
2025-26,13,129,493125,572
2025-26,14,139,493125,572
2025-26,15,149,493125,572
2025-26,16,158,493125,572
2025-26,17,169,493125,572
2025-26,18,175,493125,572
2025-26,19,182,493125,572
2025-26,20,199,493125,572
2025-26,21,202,493125,572
2025-26,22,219,493125,572
2025-26,23,224,493125,572
2025-26,24,239,493125,572
2025-26,1,9,493250,452
2025-26,2,17,493250,452
2025-26,3,26,493250,452
2025-26,4,38,493250,452
2025-26,5,47,493250,452
2025-26,6,52,493250,452
2025-26,7,68,493250,452
2025-26,8,75,493250,452
2025-26,9,88,493250,452
2025-26,10,97,493250,452
2025-26,11,109,493250,452
2025-26,12,118,493250,452
2025-26,13,124,493250,452
2025-26,14,138,493250,452
2025-26,15,150,493250,452
2025-26,16,157,493250,452
2025-26,17,161,493250,452
2025-26,18,177,493250,452
2025-26,19,187,493250,452
2025-26,20,196,493250,452
2025-26,21,204,493250,452
2025-26,22,216,493250,452
2025-26,23,221,493250,452
2025-26,24,236,493250,452
2025-26,4,40,493362,717
2025-26,5,43,493362,717
2025-26,6,60,493362,717
2025-26,7,67,493362,717
2025-26,8,79,493362,717
2025-26,9,86,493362,717
2025-26,10,99,493362,717
2025-26,11,109,493362,717
2025-26,12,111,493362,717
2025-26,13,129,493362,717
2025-26,14,139,493362,717
2025-26,15,149,493362,717
2025-26,16,158,493362,717
2025-26,17,169,493362,717
2025-26,18,175,493362,717
2025-26,19,182,493362,717
2025-26,20,199,493362,717
2025-26,21,202,493362,717
2025-26,22,219,493362,717
2025-26,23,224,493362,717
2025-26,24,239,493362,717
2025-26,1,5,493837,558
2025-26,2,14,493837,558
2025-26,3,28,493837,558
2025-26,4,35,493837,558
2025-26,5,48,493837,558
2025-26,6,59,493837,558
2025-26,7,68,493837,558
2025-26,8,78,493837,558
2025-26,9,85,493837,558
2025-26,10,98,493837,558
2025-26,11,108,493837,558
2025-26,12,115,493837,558
2025-26,13,128,493837,558
2025-26,14,137,493837,558
2025-26,15,147,493837,558
2025-26,16,159,493837,558
2025-26,17,163,493837,558
2025-26,18,179,493837,558
2025-26,19,189,493837,558
2025-26,20,199,493837,558
2025-26,21,203,493837,558
2025-26,22,218,493837,558
2025-26,23,230,493837,558
2025-26,24,238,493837,558
2025-26,21,208,494307,794
2025-26,22,216,494307,794
2025-26,23,228,494307,794
2025-26,24,239,494307,794
2025-26,1,1,494521,74
2025-26,2,12,494521,74
2025-26,3,29,494521,74
2025-26,4,32,494521,74
2025-26,5,42,494521,74
2025-26,6,56,494521,74
2025-26,7,63,494521,74
2025-26,8,73,494521,74
2025-26,9,83,494521,74
2025-26,10,96,494521,74
2025-26,11,101,494521,74
2025-26,12,112,494521,74
2025-26,13,128,494521,74
2025-26,14,132,494521,74
2025-26,15,142,494521,74
2025-26,16,157,494521,74
2025-26,17,162,494521,74
2025-26,18,172,494521,74
2025-26,19,184,494521,74
2025-26,20,192,494521,74
2025-26,21,202,494521,74
2025-26,22,212,494521,74
2025-26,23,222,494521,74
2025-26,24,240,494521,74
2025-26,1,1,494595,382
2025-26,2,19,494595,382
2025-26,3,25,494595,382
2025-26,4,34,494595,382
2025-26,5,46,494595,382
2025-26,6,54,494595,382
2025-26,7,65,494595,382
2025-26,8,75,494595,382
2025-26,9,84,494595,382
2025-26,10,95,494595,382
2025-26,11,106,494595,382
2025-26,12,117,494595,382
2025-26,13,130,494595,382
2025-26,14,137,494595,382
2025-26,15,146,494595,382
2025-26,16,156,494595,382
2025-26,17,169,494595,382
2025-26,18,176,494595,382
2025-26,19,186,494595,382
2025-26,20,195,494595,382
2025-26,21,201,494595,382
2025-26,22,215,494595,382
2025-26,23,222,494595,382
2025-26,24,235,494595,382
2025-26,1,6,494960,192
2025-26,2,14,494960,192
2025-26,3,26,494960,192
2025-26,4,34,494960,192
2025-26,5,44,494960,192
2025-26,6,57,494960,192
2025-26,7,62,494960,192
2025-26,8,72,494960,192
2025-26,9,90,494960,192
2025-26,10,92,494960,192
2025-26,11,110,494960,192
2025-26,12,114,494960,192
2025-26,13,122,494960,192
2025-26,14,134,494960,192
2025-26,15,148,494960,192
2025-26,16,153,494960,192
2025-26,17,162,494960,192
2025-26,18,173,494960,192
2025-26,19,183,494960,192
2025-26,20,193,494960,192
2025-26,21,204,494960,192
2025-26,22,215,494960,192
2025-26,23,224,494960,192
2025-26,24,238,494960,192
2025-26,1,1,495145,70
2025-26,2,12,495145,70
2025-26,3,29,495145,70
2025-26,4,32,495145,70
2025-26,5,42,495145,70
2025-26,6,56,495145,70
2025-26,7,63,495145,70
2025-26,8,73,495145,70
2025-26,9,83,495145,70
2025-26,10,96,495145,70
2025-26,11,101,495145,70
2025-26,12,112,495145,70
2025-26,13,128,495145,70
2025-26,14,132,495145,70
2025-26,15,142,495145,70
2025-26,16,157,495145,70
2025-26,17,162,495145,70
2025-26,18,172,495145,70
2025-26,19,184,495145,70
2025-26,20,192,495145,70
2025-26,21,202,495145,70
2025-26,22,212,495145,70
2025-26,23,222,495145,70
2025-26,24,240,495145,70
2025-26,1,4,495161,524
2025-26,2,15,495161,524
2025-26,3,27,495161,524
2025-26,4,31,495161,524
2025-26,5,44,495161,524
2025-26,6,59,495161,524
2025-26,7,69,495161,524
2025-26,8,77,495161,524
2025-26,9,83,495161,524
2025-26,10,97,495161,524
2025-26,11,107,495161,524
2025-26,12,117,495161,524
2025-26,13,127,495161,524
2025-26,14,140,495161,524
2025-26,15,144,495161,524
2025-26,16,158,495161,524
2025-26,17,165,495161,524
2025-26,18,178,495161,524
2025-26,19,188,495161,524
2025-26,20,191,495161,524
2025-26,21,210,495161,524
2025-26,22,217,495161,524
2025-26,23,223,495161,524
2025-26,24,237,495161,524
2025-26,1,10,496178,297
2025-26,2,16,496178,297
2025-26,3,30,496178,297
2025-26,4,36,496178,297
2025-26,5,46,496178,297
2025-26,6,55,496178,297
2025-26,7,66,496178,297
2025-26,8,76,496178,297
2025-26,9,86,496178,297
2025-26,10,98,496178,297
2025-26,11,105,496178,297
2025-26,12,118,496178,297
2025-26,13,125,496178,297
2025-26,14,132,496178,297
2025-26,15,144,496178,297
2025-26,16,154,496178,297
2025-26,17,164,496178,297
2025-26,18,173,496178,297
2025-26,19,188,496178,297
2025-26,20,194,496178,297
2025-26,21,206,496178,297
2025-26,22,211,496178,297
2025-26,23,226,496178,297
2025-26,24,232,496178,297
2025-26,1,1,496208,391
2025-26,2,12,496208,391
2025-26,3,29,496208,391
2025-26,4,32,496208,391
2025-26,5,42,496208,391
2025-26,6,56,496208,391
2025-26,7,63,496208,391
2025-26,8,73,496208,391
2025-26,9,83,496208,391
2025-26,10,96,496208,391
2025-26,11,101,496208,391
2025-26,12,112,496208,391
2025-26,13,128,496208,391
2025-26,14,132,496208,391
2025-26,15,142,496208,391
2025-26,16,157,496208,391
2025-26,17,162,496208,391
2025-26,18,172,496208,391
2025-26,19,184,496208,391
2025-26,20,192,496208,391
2025-26,21,202,496208,391
2025-26,22,212,496208,391
2025-26,23,222,496208,391
2025-26,24,240,496208,391
2025-26,1,8,496221,273
2025-26,2,15,496221,273
2025-26,3,21,496221,273
2025-26,4,35,496221,273
2025-26,5,49,496221,273
2025-26,6,54,496221,273
2025-26,7,66,496221,273
2025-26,8,73,496221,273
2025-26,9,81,496221,273
2025-26,10,93,496221,273
2025-26,11,104,496221,273
2025-26,12,120,496221,273
2025-26,13,124,496221,273
2025-26,14,134,496221,273
2025-26,15,145,496221,273
2025-26,16,155,496221,273
2025-26,17,166,496221,273
2025-26,18,175,496221,273
2025-26,19,185,496221,273
2025-26,20,198,496221,273
2025-26,21,205,496221,273
2025-26,22,218,496221,273
2025-26,23,225,496221,273
2025-26,24,237,496221,273
2025-26,1,10,496279,308
2025-26,2,16,496279,308
2025-26,3,30,496279,308
2025-26,4,36,496279,308
2025-26,5,46,496279,308
2025-26,6,55,496279,308
2025-26,7,66,496279,308
2025-26,8,76,496279,308
2025-26,9,86,496279,308
2025-26,10,98,496279,308
2025-26,11,105,496279,308
2025-26,12,118,496279,308
2025-26,13,125,496279,308
2025-26,14,132,496279,308
2025-26,15,144,496279,308
2025-26,16,154,496279,308
2025-26,17,164,496279,308
2025-26,18,173,496279,308
2025-26,19,188,496279,308
2025-26,20,194,496279,308
2025-26,21,206,496279,308
2025-26,22,211,496279,308
2025-26,23,226,496279,308
2025-26,24,232,496279,308
2025-26,3,30,496661,707
2025-26,4,36,496661,707
2025-26,5,46,496661,707
2025-26,6,55,496661,707
2025-26,7,66,496661,707
2025-26,8,76,496661,707
2025-26,9,86,496661,707
2025-26,10,98,496661,707
2025-26,11,105,496661,707
2025-26,12,118,496661,707
2025-26,13,125,496661,707
2025-26,14,132,496661,707
2025-26,15,144,496661,707
2025-26,16,154,496661,707
2025-26,17,164,496661,707
2025-26,18,173,496661,707
2025-26,19,188,496661,707
2025-26,20,194,496661,707
2025-26,21,206,496661,707
2025-26,22,211,496661,707
2025-26,23,226,496661,707
2025-26,24,232,496661,707
2025-26,1,7,497606,650
2025-26,2,12,497606,650
2025-26,3,30,497606,650
2025-26,4,39,497606,650
2025-26,5,50,497606,650
2025-26,6,60,497606,650
2025-26,7,70,497606,650
2025-26,8,78,497606,650
2025-26,9,90,497606,650
2025-26,10,94,497606,650
2025-26,11,103,497606,650
2025-26,12,120,497606,650
2025-26,13,121,497606,650
2025-26,14,140,497606,650
2025-26,15,150,497606,650
2025-26,16,151,497606,650
2025-26,17,170,497606,650
2025-26,18,176,497606,650
2025-26,19,187,497606,650
2025-26,20,200,497606,650
2025-26,21,206,497606,650
2025-26,22,220,497606,650
2025-26,23,228,497606,650
2025-26,24,240,497606,650
2025-26,1,9,497894,465
2025-26,2,17,497894,465
2025-26,3,26,497894,465
2025-26,4,38,497894,465
2025-26,5,47,497894,465
2025-26,6,52,497894,465
2025-26,7,68,497894,465
2025-26,8,75,497894,465
2025-26,9,88,497894,465
2025-26,10,97,497894,465
2025-26,11,109,497894,465
2025-26,12,118,497894,465
2025-26,13,124,497894,465
2025-26,14,138,497894,465
2025-26,15,150,497894,465
2025-26,16,157,497894,465
2025-26,17,161,497894,465
2025-26,18,177,497894,465
2025-26,19,187,497894,465
2025-26,20,196,497894,465
2025-26,21,204,497894,465
2025-26,22,216,497894,465
2025-26,23,221,497894,465
2025-26,24,236,497894,465
2025-26,1,7,497949,682
2025-26,2,12,497949,682
2025-26,3,30,497949,682
2025-26,4,39,497949,682
2025-26,5,50,497949,682
2025-26,6,60,497949,682
2025-26,7,70,497949,682
2025-26,8,78,497949,682
2025-26,9,90,497949,682
2025-26,10,94,497949,682
2025-26,11,103,497949,682
2025-26,12,120,497949,682
2025-26,13,121,497949,682
2025-26,14,140,497949,682
2025-26,15,150,497949,682
2025-26,16,151,497949,682
2025-26,17,170,497949,682
2025-26,18,176,497949,682
2025-26,19,187,497949,682
2025-26,20,200,497949,682
2025-26,21,206,497949,682
2025-26,22,220,497949,682
2025-26,23,228,497949,682
2025-26,24,240,497949,682
2025-26,1,5,498016,670
2025-26,2,14,498016,670
2025-26,3,28,498016,670
2025-26,4,35,498016,670
2025-26,5,48,498016,670
2025-26,6,59,498016,670
2025-26,7,68,498016,670
2025-26,8,78,498016,670
2025-26,9,85,498016,670
2025-26,10,98,498016,670
2025-26,11,108,498016,670
2025-26,12,115,498016,670
2025-26,13,128,498016,670
2025-26,14,137,498016,670
2025-26,15,147,498016,670
2025-26,16,159,498016,670
2025-26,17,163,498016,670
2025-26,18,179,498016,670
2025-26,19,189,498016,670
2025-26,20,199,498016,670
2025-26,21,203,498016,670
2025-26,22,218,498016,670
2025-26,23,230,498016,670
2025-26,24,238,498016,670
2025-26,1,9,499167,15
2025-26,2,11,499167,15
2025-26,3,25,499167,15
2025-26,4,31,499167,15
2025-26,5,41,499167,15
2025-26,6,58,499167,15
2025-26,7,61,499167,15
2025-26,8,74,499167,15
2025-26,9,81,499167,15
2025-26,10,92,499167,15
2025-26,11,108,499167,15
2025-26,12,111,499167,15
2025-26,13,123,499167,15
2025-26,14,131,499167,15
2025-26,15,141,499167,15
2025-26,16,151,499167,15
2025-26,17,164,499167,15
2025-26,18,171,499167,15
2025-26,19,181,499167,15
2025-26,20,192,499167,15
2025-26,21,201,499167,15
2025-26,22,217,499167,15
2025-26,23,221,499167,15
2025-26,24,234,499167,15
2025-26,1,9,499169,10
2025-26,2,11,499169,10
2025-26,3,25,499169,10
2025-26,4,31,499169,10
2025-26,5,41,499169,10
2025-26,6,58,499169,10
2025-26,7,61,499169,10
2025-26,8,74,499169,10
2025-26,9,81,499169,10
2025-26,10,92,499169,10
2025-26,11,108,499169,10
2025-26,12,111,499169,10
2025-26,13,123,499169,10
2025-26,14,131,499169,10
2025-26,15,141,499169,10
2025-26,16,151,499169,10
2025-26,17,164,499169,10
2025-26,18,171,499169,10
2025-26,19,181,499169,10
2025-26,20,192,499169,10
2025-26,21,201,499169,10
2025-26,22,217,499169,10
2025-26,23,221,499169,10
2025-26,24,234,499169,10
2025-26,1,9,499175,25
2025-26,2,11,499175,25
2025-26,3,25,499175,25
2025-26,4,31,499175,25
2025-26,5,41,499175,25
2025-26,6,58,499175,25
2025-26,7,61,499175,25
2025-26,8,74,499175,25
2025-26,9,81,499175,25
2025-26,10,92,499175,25
2025-26,11,108,499175,25
2025-26,12,111,499175,25
2025-26,13,123,499175,25
2025-26,14,131,499175,25
2025-26,15,141,499175,25
2025-26,16,151,499175,25
2025-26,17,164,499175,25
2025-26,18,171,499175,25
2025-26,19,181,499175,25
2025-26,20,192,499175,25
2025-26,21,201,499175,25
2025-26,22,217,499175,25
2025-26,23,221,499175,25
2025-26,24,234,499175,25
2025-26,1,10,499300,667
2025-26,2,16,499300,667
2025-26,3,30,499300,667
2025-26,4,36,499300,667
2025-26,5,46,499300,667
2025-26,6,55,499300,667
2025-26,7,66,499300,667
2025-26,8,76,499300,667
2025-26,9,86,499300,667
2025-26,10,98,499300,667
2025-26,11,105,499300,667
2025-26,12,118,499300,667
2025-26,13,125,499300,667
2025-26,14,132,499300,667
2025-26,15,144,499300,667
2025-26,16,154,499300,667
2025-26,17,164,499300,667
2025-26,18,173,499300,667
2025-26,19,188,499300,667
2025-26,20,194,499300,667
2025-26,21,206,499300,667
2025-26,22,211,499300,667
2025-26,23,226,499300,667
2025-26,24,232,499300,667
2025-26,1,5,499309,252
2025-26,2,14,499309,252
2025-26,3,28,499309,252
2025-26,4,33,499309,252
2025-26,5,47,499309,252
2025-26,6,53,499309,252
2025-26,7,65,499309,252
2025-26,8,77,499309,252
2025-26,9,85,499309,252
2025-26,10,99,499309,252
2025-26,11,103,499309,252
2025-26,12,114,499309,252
2025-26,13,123,499309,252
2025-26,14,136,499309,252
2025-26,15,142,499309,252
2025-26,16,154,499309,252
2025-26,17,168,499309,252
2025-26,18,174,499309,252
2025-26,19,184,499309,252
2025-26,20,197,499309,252
2025-26,21,207,499309,252
2025-26,22,213,499309,252
2025-26,23,225,499309,252
2025-26,24,233,499309,252
2025-26,24,240,499604,807
2025-26,11,109,499716,750
2025-26,12,111,499716,750
2025-26,13,129,499716,750
2025-26,14,139,499716,750
2025-26,15,149,499716,750
2025-26,16,158,499716,750
2025-26,17,169,499716,750
2025-26,18,175,499716,750
2025-26,19,182,499716,750
2025-26,20,199,499716,750
2025-26,21,202,499716,750
2025-26,22,219,499716,750
2025-26,23,224,499716,750
2025-26,24,239,499716,750
2025-26,1,4,499717,118
2025-26,2,13,499717,118
2025-26,3,28,499717,118
2025-26,4,33,499717,118
2025-26,5,45,499717,118
2025-26,6,52,499717,118
2025-26,7,64,499717,118
2025-26,8,80,499717,118
2025-26,9,84,499717,118
2025-26,10,93,499717,118
2025-26,11,102,499717,118
2025-26,12,113,499717,118
2025-26,13,122,499717,118
2025-26,14,131,499717,118
2025-26,15,149,499717,118
2025-26,16,152,499717,118
2025-26,17,170,499717,118
2025-26,18,172,499717,118
2025-26,19,182,499717,118
2025-26,20,194,499717,118
2025-26,21,203,499717,118
2025-26,22,213,499717,118
2025-26,23,223,499717,118
2025-26,24,231,499717,118
2025-26,1,6,499721,592
2025-26,2,18,499721,592
2025-26,3,29,499721,592
2025-26,4,40,499721,592
2025-26,5,43,499721,592
2025-26,6,60,499721,592
2025-26,7,67,499721,592
2025-26,8,79,499721,592
2025-26,9,86,499721,592
2025-26,10,99,499721,592
2025-26,11,109,499721,592
2025-26,12,111,499721,592
2025-26,13,129,499721,592
2025-26,14,139,499721,592
2025-26,15,149,499721,592
2025-26,16,158,499721,592
2025-26,17,169,499721,592
2025-26,18,175,499721,592
2025-26,19,182,499721,592
2025-26,20,199,499721,592
2025-26,21,202,499721,592
2025-26,22,219,499721,592
2025-26,23,224,499721,592
2025-26,24,239,499721,592
2025-26,1,6,499726,595
2025-26,2,18,499726,595
2025-26,3,29,499726,595
2025-26,4,40,499726,595
2025-26,5,43,499726,595
2025-26,6,60,499726,595
2025-26,7,67,499726,595
2025-26,8,79,499726,595
2025-26,9,86,499726,595
2025-26,10,99,499726,595
2025-26,11,109,499726,595
2025-26,12,111,499726,595
2025-26,13,129,499726,595
2025-26,14,139,499726,595
2025-26,15,149,499726,595
2025-26,16,158,499726,595
2025-26,17,169,499726,595
2025-26,18,175,499726,595
2025-26,19,182,499726,595
2025-26,20,199,499726,595
2025-26,21,202,499726,595
2025-26,22,219,499726,595
2025-26,23,224,499726,595
2025-26,24,239,499726,595
2025-26,23,225,499857,803
2025-26,24,233,499857,803
2025-26,1,9,500040,662
2025-26,2,11,500040,662
2025-26,3,25,500040,662
2025-26,4,31,500040,662
2025-26,5,41,500040,662
2025-26,6,58,500040,662
2025-26,7,61,500040,662
2025-26,8,74,500040,662
2025-26,9,81,500040,662
2025-26,10,92,500040,662
2025-26,11,108,500040,662
2025-26,12,111,500040,662
2025-26,13,123,500040,662
2025-26,14,131,500040,662
2025-26,15,141,500040,662
2025-26,16,151,500040,662
2025-26,17,164,500040,662
2025-26,18,171,500040,662
2025-26,19,181,500040,662
2025-26,20,192,500040,662
2025-26,21,201,500040,662
2025-26,22,217,500040,662
2025-26,23,221,500040,662
2025-26,24,234,500040,662
2025-26,1,1,500058,398
2025-26,2,19,500058,398
2025-26,3,25,500058,398
2025-26,4,34,500058,398
2025-26,5,46,500058,398
2025-26,6,54,500058,398
2025-26,7,65,500058,398
2025-26,8,75,500058,398
2025-26,9,84,500058,398
2025-26,10,95,500058,398
2025-26,11,106,500058,398
2025-26,12,117,500058,398
2025-26,13,130,500058,398
2025-26,14,137,500058,398
2025-26,15,146,500058,398
2025-26,16,156,500058,398
2025-26,17,169,500058,398
2025-26,18,176,500058,398
2025-26,19,186,500058,398
2025-26,20,195,500058,398
2025-26,21,201,500058,398
2025-26,22,215,500058,398
2025-26,23,222,500058,398
2025-26,24,235,500058,398
2025-26,4,31,500151,716
2025-26,5,44,500151,716
2025-26,6,59,500151,716
2025-26,7,69,500151,716
2025-26,8,77,500151,716
2025-26,9,83,500151,716
2025-26,10,97,500151,716
2025-26,11,107,500151,716
2025-26,12,117,500151,716
2025-26,13,127,500151,716
2025-26,14,140,500151,716
2025-26,15,144,500151,716
2025-26,16,158,500151,716
2025-26,17,165,500151,716
2025-26,18,178,500151,716
2025-26,19,188,500151,716
2025-26,20,191,500151,716
2025-26,21,210,500151,716
2025-26,22,217,500151,716
2025-26,23,223,500151,716
2025-26,24,237,500151,716
2025-26,1,5,500696,559
2025-26,2,14,500696,559
2025-26,3,28,500696,559
2025-26,4,35,500696,559
2025-26,5,48,500696,559
2025-26,6,59,500696,559
2025-26,7,68,500696,559
2025-26,8,78,500696,559
2025-26,9,85,500696,559
2025-26,10,98,500696,559
2025-26,11,108,500696,559
2025-26,12,115,500696,559
2025-26,13,128,500696,559
2025-26,14,137,500696,559
2025-26,15,147,500696,559
2025-26,16,159,500696,559
2025-26,17,163,500696,559
2025-26,18,179,500696,559
2025-26,19,189,500696,559
2025-26,20,199,500696,559
2025-26,21,203,500696,559
2025-26,22,218,500696,559
2025-26,23,230,500696,559
2025-26,24,238,500696,559
2025-26,1,7,501837,634
2025-26,2,12,501837,634
2025-26,3,30,501837,634
2025-26,4,39,501837,634
2025-26,5,50,501837,634
2025-26,6,60,501837,634
2025-26,7,70,501837,634
2025-26,8,78,501837,634
2025-26,9,90,501837,634
2025-26,10,94,501837,634
2025-26,11,103,501837,634
2025-26,12,120,501837,634
2025-26,13,121,501837,634
2025-26,14,140,501837,634
2025-26,15,150,501837,634
2025-26,16,151,501837,634
2025-26,17,170,501837,634
2025-26,18,176,501837,634
2025-26,19,187,501837,634
2025-26,20,200,501837,634
2025-26,21,206,501837,634
2025-26,22,220,501837,634
2025-26,23,228,501837,634
2025-26,24,240,501837,634
2025-26,1,4,502500,136
2025-26,2,13,502500,136
2025-26,3,28,502500,136
2025-26,4,33,502500,136
2025-26,5,45,502500,136
2025-26,6,52,502500,136
2025-26,7,64,502500,136
2025-26,8,80,502500,136
2025-26,9,84,502500,136
2025-26,10,93,502500,136
2025-26,11,102,502500,136
2025-26,12,113,502500,136
2025-26,13,122,502500,136
2025-26,14,131,502500,136
2025-26,15,149,502500,136
2025-26,16,152,502500,136
2025-26,17,170,502500,136
2025-26,18,172,502500,136
2025-26,19,182,502500,136
2025-26,20,194,502500,136
2025-26,21,203,502500,136
2025-26,22,213,502500,136
2025-26,23,223,502500,136
2025-26,24,231,502500,136
2025-26,1,10,502697,301
2025-26,2,16,502697,301
2025-26,3,30,502697,301
2025-26,4,36,502697,301
2025-26,5,46,502697,301
2025-26,6,55,502697,301
2025-26,7,66,502697,301
2025-26,8,76,502697,301
2025-26,9,86,502697,301
2025-26,10,98,502697,301
2025-26,11,105,502697,301
2025-26,12,118,502697,301
2025-26,13,125,502697,301
2025-26,14,132,502697,301
2025-26,15,144,502697,301
2025-26,16,154,502697,301
2025-26,17,164,502697,301
2025-26,18,173,502697,301
2025-26,19,188,502697,301
2025-26,20,194,502697,301
2025-26,21,206,502697,301
2025-26,22,211,502697,301
2025-26,23,226,502697,301
2025-26,24,232,502697,301
2025-26,22,218,502988,798
2025-26,23,225,502988,798
2025-26,24,237,502988,798
2025-26,1,1,503139,90
2025-26,2,12,503139,90
2025-26,3,29,503139,90
2025-26,4,32,503139,90
2025-26,5,42,503139,90
2025-26,6,56,503139,90
2025-26,7,63,503139,90
2025-26,8,73,503139,90
2025-26,9,83,503139,90
2025-26,10,96,503139,90
2025-26,11,101,503139,90
2025-26,12,112,503139,90
2025-26,13,128,503139,90
2025-26,14,132,503139,90
2025-26,15,142,503139,90
2025-26,16,157,503139,90
2025-26,17,162,503139,90
2025-26,18,172,503139,90
2025-26,19,184,503139,90
2025-26,20,192,503139,90
2025-26,21,202,503139,90
2025-26,22,212,503139,90
2025-26,23,222,503139,90
2025-26,24,240,503139,90
2025-26,1,4,503300,103
2025-26,2,13,503300,103
2025-26,3,28,503300,103
2025-26,4,33,503300,103
2025-26,5,45,503300,103
2025-26,6,52,503300,103
2025-26,7,64,503300,103
2025-26,8,80,503300,103
2025-26,9,84,503300,103
2025-26,10,93,503300,103
2025-26,11,102,503300,103
2025-26,12,113,503300,103
2025-26,13,122,503300,103
2025-26,14,131,503300,103
2025-26,15,149,503300,103
2025-26,16,152,503300,103
2025-26,17,170,503300,103
2025-26,18,172,503300,103
2025-26,19,182,503300,103
2025-26,20,194,503300,103
2025-26,21,203,503300,103
2025-26,22,213,503300,103
2025-26,23,223,503300,103
2025-26,24,231,503300,103
2025-26,2,15,503301,693
2025-26,3,27,503301,693
2025-26,4,31,503301,693
2025-26,5,44,503301,693
2025-26,6,59,503301,693
2025-26,7,69,503301,693
2025-26,8,77,503301,693
2025-26,9,83,503301,693
2025-26,10,97,503301,693
2025-26,11,107,503301,693
2025-26,12,117,503301,693
2025-26,13,127,503301,693
2025-26,14,140,503301,693
2025-26,15,144,503301,693
2025-26,16,158,503301,693
2025-26,17,165,503301,693
2025-26,18,178,503301,693
2025-26,19,188,503301,693
2025-26,20,191,503301,693
2025-26,21,210,503301,693
2025-26,22,217,503301,693
2025-26,23,223,503301,693
2025-26,24,237,503301,693
2025-26,1,6,503714,676
2025-26,2,14,503714,676
2025-26,3,26,503714,676
2025-26,4,34,503714,676
2025-26,5,44,503714,676
2025-26,6,57,503714,676
2025-26,7,62,503714,676
2025-26,8,72,503714,676
2025-26,9,90,503714,676
2025-26,10,92,503714,676
2025-26,11,110,503714,676
2025-26,12,114,503714,676
2025-26,13,122,503714,676
2025-26,14,134,503714,676
2025-26,15,148,503714,676
2025-26,16,153,503714,676
2025-26,17,162,503714,676
2025-26,18,173,503714,676
2025-26,19,183,503714,676
2025-26,20,193,503714,676
2025-26,21,204,503714,676
2025-26,22,215,503714,676
2025-26,23,224,503714,676
2025-26,24,238,503714,676
2025-26,1,10,504296,307
2025-26,2,16,504296,307
2025-26,3,30,504296,307
2025-26,4,36,504296,307
2025-26,5,46,504296,307
2025-26,6,55,504296,307
2025-26,7,66,504296,307
2025-26,8,76,504296,307
2025-26,9,86,504296,307
2025-26,10,98,504296,307
2025-26,11,105,504296,307
2025-26,12,118,504296,307
2025-26,13,125,504296,307
2025-26,14,132,504296,307
2025-26,15,144,504296,307
2025-26,16,154,504296,307
2025-26,17,164,504296,307
2025-26,18,173,504296,307
2025-26,19,188,504296,307
2025-26,20,194,504296,307
2025-26,21,206,504296,307
2025-26,22,211,504296,307
2025-26,23,226,504296,307
2025-26,24,232,504296,307
2025-26,20,195,505079,786
2025-26,21,207,505079,786
2025-26,22,214,505079,786
2025-26,23,227,505079,786
2025-26,24,236,505079,786
2025-26,1,4,507433,105
2025-26,2,13,507433,105
2025-26,3,28,507433,105
2025-26,4,33,507433,105
2025-26,5,45,507433,105
2025-26,6,52,507433,105
2025-26,7,64,507433,105
2025-26,8,80,507433,105
2025-26,9,84,507433,105
2025-26,10,93,507433,105
2025-26,11,102,507433,105
2025-26,12,113,507433,105
2025-26,13,122,507433,105
2025-26,14,131,507433,105
2025-26,15,149,507433,105
2025-26,16,152,507433,105
2025-26,17,170,507433,105
2025-26,18,172,507433,105
2025-26,19,182,507433,105
2025-26,20,194,507433,105
2025-26,21,203,507433,105
2025-26,22,213,507433,105
2025-26,23,223,507433,105
2025-26,24,231,507433,105
2025-26,1,4,508395,129
2025-26,2,13,508395,129
2025-26,3,28,508395,129
2025-26,4,33,508395,129
2025-26,5,45,508395,129
2025-26,6,52,508395,129
2025-26,7,64,508395,129
2025-26,8,80,508395,129
2025-26,9,84,508395,129
2025-26,10,93,508395,129
2025-26,11,102,508395,129
2025-26,12,113,508395,129
2025-26,13,122,508395,129
2025-26,14,131,508395,129
2025-26,15,149,508395,129
2025-26,16,152,508395,129
2025-26,17,170,508395,129
2025-26,18,172,508395,129
2025-26,19,182,508395,129
2025-26,20,194,508395,129
2025-26,21,203,508395,129
2025-26,22,213,508395,129
2025-26,23,223,508395,129
2025-26,24,231,508395,129
2025-26,1,8,508479,221
2025-26,2,20,508479,221
2025-26,3,23,508479,221
2025-26,4,33,508479,221
2025-26,5,47,508479,221
2025-26,6,53,508479,221
2025-26,7,65,508479,221
2025-26,8,77,508479,221
2025-26,9,85,508479,221
2025-26,10,99,508479,221
2025-26,11,103,508479,221
2025-26,12,114,508479,221
2025-26,13,123,508479,221
2025-26,14,136,508479,221
2025-26,15,142,508479,221
2025-26,16,154,508479,221
2025-26,17,168,508479,221
2025-26,18,174,508479,221
2025-26,19,184,508479,221
2025-26,20,197,508479,221
2025-26,21,207,508479,221
2025-26,22,213,508479,221
2025-26,23,225,508479,221
2025-26,24,233,508479,221
2025-26,1,7,509291,643
2025-26,2,12,509291,643
2025-26,3,30,509291,643
2025-26,4,39,509291,643
2025-26,5,50,509291,643
2025-26,6,60,509291,643
2025-26,7,70,509291,643
2025-26,8,78,509291,643
2025-26,9,90,509291,643
2025-26,10,94,509291,643
2025-26,11,103,509291,643
2025-26,12,120,509291,643
2025-26,13,121,509291,643
2025-26,14,140,509291,643
2025-26,15,150,509291,643
2025-26,16,151,509291,643
2025-26,17,170,509291,643
2025-26,18,176,509291,643
2025-26,19,187,509291,643
2025-26,20,200,509291,643
2025-26,21,206,509291,643
2025-26,22,220,509291,643
2025-26,23,228,509291,643
2025-26,24,240,509291,643
2025-26,1,3,509416,166
2025-26,2,16,509416,166
2025-26,3,22,509416,166
2025-26,4,32,509416,166
2025-26,5,43,509416,166
2025-26,6,53,509416,166
2025-26,7,70,509416,166
2025-26,8,71,509416,166
2025-26,9,88,509416,166
2025-26,10,91,509416,166
2025-26,11,104,509416,166
2025-26,12,113,509416,166
2025-26,13,127,509416,166
2025-26,14,133,509416,166
2025-26,15,143,509416,166
2025-26,16,156,509416,166
2025-26,17,163,509416,166
2025-26,18,171,509416,166
2025-26,19,190,509416,166
2025-26,20,193,509416,166
2025-26,21,208,509416,166
2025-26,22,212,509416,166
2025-26,23,227,509416,166
2025-26,24,232,509416,166
2025-26,1,7,510281,415
2025-26,2,18,510281,415
2025-26,3,22,510281,415
2025-26,4,38,510281,415
2025-26,5,41,510281,415
2025-26,6,57,510281,415
2025-26,7,64,510281,415
2025-26,8,76,510281,415
2025-26,9,82,510281,415
2025-26,10,96,510281,415
2025-26,11,106,510281,415
2025-26,12,119,510281,415
2025-26,13,126,510281,415
2025-26,14,135,510281,415
2025-26,15,147,510281,415
2025-26,16,155,510281,415
2025-26,17,167,510281,415
2025-26,18,178,510281,415
2025-26,19,189,510281,415
2025-26,20,197,510281,415
2025-26,21,208,510281,415
2025-26,22,216,510281,415
2025-26,23,228,510281,415
2025-26,24,239,510281,415
2025-26,1,7,510362,637
2025-26,2,12,510362,637
2025-26,3,30,510362,637
2025-26,4,39,510362,637
2025-26,5,50,510362,637
2025-26,6,60,510362,637
2025-26,7,70,510362,637
2025-26,8,78,510362,637
2025-26,9,90,510362,637
2025-26,10,94,510362,637
2025-26,11,103,510362,637
2025-26,12,120,510362,637
2025-26,13,121,510362,637
2025-26,14,140,510362,637
2025-26,15,150,510362,637
2025-26,16,151,510362,637
2025-26,17,170,510362,637
2025-26,18,176,510362,637
2025-26,19,187,510362,637
2025-26,20,200,510362,637
2025-26,21,206,510362,637
2025-26,22,220,510362,637
2025-26,23,228,510362,637
2025-26,24,240,510362,637
2025-26,1,4,510500,518
2025-26,2,15,510500,518
2025-26,3,27,510500,518
2025-26,4,31,510500,518
2025-26,5,44,510500,518
2025-26,6,59,510500,518
2025-26,7,69,510500,518
2025-26,8,77,510500,518
2025-26,9,83,510500,518
2025-26,10,97,510500,518
2025-26,11,107,510500,518
2025-26,12,117,510500,518
2025-26,13,127,510500,518
2025-26,14,140,510500,518
2025-26,15,144,510500,518
2025-26,16,158,510500,518
2025-26,17,165,510500,518
2025-26,18,178,510500,518
2025-26,19,188,510500,518
2025-26,20,191,510500,518
2025-26,21,210,510500,518
2025-26,22,217,510500,518
2025-26,23,223,510500,518
2025-26,24,237,510500,518
2025-26,1,1,510663,661
2025-26,2,19,510663,661
2025-26,3,25,510663,661
2025-26,4,34,510663,661
2025-26,5,46,510663,661
2025-26,6,54,510663,661
2025-26,7,65,510663,661
2025-26,8,75,510663,661
2025-26,9,84,510663,661
2025-26,10,95,510663,661
2025-26,11,106,510663,661
2025-26,12,117,510663,661
2025-26,13,130,510663,661
2025-26,14,137,510663,661
2025-26,15,146,510663,661
2025-26,16,156,510663,661
2025-26,17,169,510663,661
2025-26,18,176,510663,661
2025-26,19,186,510663,661
2025-26,20,195,510663,661
2025-26,21,201,510663,661
2025-26,22,215,510663,661
2025-26,23,222,510663,661
2025-26,24,235,510663,661
2025-26,1,6,511499,584
2025-26,2,18,511499,584
2025-26,3,29,511499,584
2025-26,4,40,511499,584
2025-26,5,43,511499,584
2025-26,6,60,511499,584
2025-26,7,67,511499,584
2025-26,8,79,511499,584
2025-26,9,86,511499,584
2025-26,10,99,511499,584
2025-26,11,109,511499,584
2025-26,12,111,511499,584
2025-26,13,129,511499,584
2025-26,14,139,511499,584
2025-26,15,149,511499,584
2025-26,16,158,511499,584
2025-26,17,169,511499,584
2025-26,18,175,511499,584
2025-26,19,182,511499,584
2025-26,20,199,511499,584
2025-26,21,202,511499,584
2025-26,22,219,511499,584
2025-26,23,224,511499,584
2025-26,24,239,511499,584
2025-26,1,10,512462,293
2025-26,2,16,512462,293
2025-26,3,30,512462,293
2025-26,4,36,512462,293
2025-26,5,46,512462,293
2025-26,6,55,512462,293
2025-26,7,66,512462,293
2025-26,8,76,512462,293
2025-26,9,86,512462,293
2025-26,10,98,512462,293
2025-26,11,105,512462,293
2025-26,12,118,512462,293
2025-26,13,125,512462,293
2025-26,14,132,512462,293
2025-26,15,144,512462,293
2025-26,16,154,512462,293
2025-26,17,164,512462,293
2025-26,18,173,512462,293
2025-26,19,188,512462,293
2025-26,20,194,512462,293
2025-26,21,206,512462,293
2025-26,22,211,512462,293
2025-26,23,226,512462,293
2025-26,24,232,512462,293
2025-26,1,4,513418,120
2025-26,2,13,513418,120
2025-26,3,28,513418,120
2025-26,4,33,513418,120
2025-26,5,45,513418,120
2025-26,6,52,513418,120
2025-26,7,64,513418,120
2025-26,8,80,513418,120
2025-26,9,84,513418,120
2025-26,10,93,513418,120
2025-26,11,102,513418,120
2025-26,12,113,513418,120
2025-26,13,122,513418,120
2025-26,14,131,513418,120
2025-26,15,149,513418,120
2025-26,16,152,513418,120
2025-26,17,170,513418,120
2025-26,18,172,513418,120
2025-26,19,182,513418,120
2025-26,20,194,513418,120
2025-26,21,203,513418,120
2025-26,22,213,513418,120
2025-26,23,223,513418,120
2025-26,24,231,513418,120
2025-26,1,3,513433,162
2025-26,2,16,513433,162
2025-26,3,22,513433,162
2025-26,4,32,513433,162
2025-26,5,43,513433,162
2025-26,6,53,513433,162
2025-26,7,70,513433,162
2025-26,8,71,513433,162
2025-26,9,88,513433,162
2025-26,10,91,513433,162
2025-26,11,104,513433,162
2025-26,12,113,513433,162
2025-26,13,127,513433,162
2025-26,14,133,513433,162
2025-26,15,143,513433,162
2025-26,16,156,513433,162
2025-26,17,163,513433,162
2025-26,18,171,513433,162
2025-26,19,190,513433,162
2025-26,20,193,513433,162
2025-26,21,208,513433,162
2025-26,22,212,513433,162
2025-26,23,227,513433,162
2025-26,24,232,513433,162
2025-26,4,36,513466,728
2025-26,5,46,513466,728
2025-26,6,55,513466,728
2025-26,7,66,513466,728
2025-26,8,76,513466,728
2025-26,9,86,513466,728
2025-26,10,98,513466,728
2025-26,11,105,513466,728
2025-26,12,118,513466,728
2025-26,13,125,513466,728
2025-26,14,132,513466,728
2025-26,15,144,513466,728
2025-26,16,154,513466,728
2025-26,17,164,513466,728
2025-26,18,173,513466,728
2025-26,19,188,513466,728
2025-26,20,194,513466,728
2025-26,21,206,513466,728
2025-26,22,211,513466,728
2025-26,23,226,513466,728
2025-26,24,232,513466,728
2025-26,1,3,513834,177
2025-26,2,16,513834,177
2025-26,3,22,513834,177
2025-26,4,32,513834,177
2025-26,5,43,513834,177
2025-26,6,53,513834,177
2025-26,7,70,513834,177
2025-26,8,71,513834,177
2025-26,9,88,513834,177
2025-26,10,91,513834,177
2025-26,11,104,513834,177
2025-26,12,113,513834,177
2025-26,13,127,513834,177
2025-26,14,133,513834,177
2025-26,15,143,513834,177
2025-26,16,156,513834,177
2025-26,17,163,513834,177
2025-26,18,171,513834,177
2025-26,19,190,513834,177
2025-26,20,193,513834,177
2025-26,21,208,513834,177
2025-26,22,212,513834,177
2025-26,23,227,513834,177
2025-26,24,232,513834,177
2025-26,1,3,514254,169
2025-26,2,16,514254,169
2025-26,3,22,514254,169
2025-26,4,32,514254,169
2025-26,5,43,514254,169
2025-26,6,53,514254,169
2025-26,7,70,514254,169
2025-26,8,71,514254,169
2025-26,9,88,514254,169
2025-26,10,91,514254,169
2025-26,11,104,514254,169
2025-26,12,113,514254,169
2025-26,13,127,514254,169
2025-26,14,133,514254,169
2025-26,15,143,514254,169
2025-26,16,156,514254,169
2025-26,17,163,514254,169
2025-26,18,171,514254,169
2025-26,19,190,514254,169
2025-26,20,193,514254,169
2025-26,21,208,514254,169
2025-26,22,212,514254,169
2025-26,23,227,514254,169
2025-26,24,232,514254,169
2025-26,1,2,514315,45
2025-26,2,13,514315,45
2025-26,3,21,514315,45
2025-26,4,36,514315,45
2025-26,5,48,514315,45
2025-26,6,51,514315,45
2025-26,7,62,514315,45
2025-26,8,79,514315,45
2025-26,9,82,514315,45
2025-26,10,95,514315,45
2025-26,11,101,514315,45
2025-26,12,116,514315,45
2025-26,13,121,514315,45
2025-26,14,133,514315,45
2025-26,15,141,514315,45
2025-26,16,160,514315,45
2025-26,17,161,514315,45
2025-26,18,174,514315,45
2025-26,19,181,514315,45
2025-26,20,191,514315,45
2025-26,21,205,514315,45
2025-26,22,211,514315,45
2025-26,23,229,514315,45
2025-26,24,231,514315,45
2025-26,1,8,514356,244
2025-26,2,20,514356,244
2025-26,3,23,514356,244
2025-26,4,33,514356,244
2025-26,5,47,514356,244
2025-26,6,53,514356,244
2025-26,7,65,514356,244
2025-26,8,77,514356,244
2025-26,9,85,514356,244
2025-26,10,99,514356,244
2025-26,11,103,514356,244
2025-26,12,114,514356,244
2025-26,13,123,514356,244
2025-26,14,136,514356,244
2025-26,15,142,514356,244
2025-26,16,154,514356,244
2025-26,17,168,514356,244
2025-26,18,174,514356,244
2025-26,19,184,514356,244
2025-26,20,197,514356,244
2025-26,21,207,514356,244
2025-26,22,213,514356,244
2025-26,23,225,514356,244
2025-26,24,233,514356,244
2025-26,19,187,514362,777
2025-26,20,200,514362,777
2025-26,21,206,514362,777
2025-26,22,220,514362,777
2025-26,23,228,514362,777
2025-26,24,240,514362,777
2025-26,1,5,514613,538
2025-26,2,14,514613,538
2025-26,3,28,514613,538
2025-26,4,35,514613,538
2025-26,5,48,514613,538
2025-26,6,59,514613,538
2025-26,7,68,514613,538
2025-26,8,78,514613,538
2025-26,9,85,514613,538
2025-26,10,98,514613,538
2025-26,11,108,514613,538
2025-26,12,115,514613,538
2025-26,13,128,514613,538
2025-26,14,137,514613,538
2025-26,15,147,514613,538
2025-26,16,159,514613,538
2025-26,17,163,514613,538
2025-26,18,179,514613,538
2025-26,19,189,514613,538
2025-26,20,199,514613,538
2025-26,21,203,514613,538
2025-26,22,218,514613,538
2025-26,23,230,514613,538
2025-26,24,238,514613,538
2025-26,1,3,515024,334
2025-26,2,17,515024,334
2025-26,3,23,515024,334
2025-26,4,37,515024,334
2025-26,5,45,515024,334
2025-26,6,51,515024,334
2025-26,7,63,515024,334
2025-26,8,74,515024,334
2025-26,9,89,515024,334
2025-26,10,94,515024,334
2025-26,11,105,515024,334
2025-26,12,115,515024,334
2025-26,13,129,515024,334
2025-26,14,135,515024,334
2025-26,15,145,515024,334
2025-26,16,153,515024,334
2025-26,17,165,515024,334
2025-26,18,180,515024,334
2025-26,19,185,515024,334
2025-26,20,195,515024,334
2025-26,21,207,515024,334
2025-26,22,214,515024,334
2025-26,23,227,515024,334
2025-26,24,236,515024,334
2025-26,1,2,515597,44
2025-26,2,13,515597,44
2025-26,3,21,515597,44
2025-26,4,36,515597,44
2025-26,5,48,515597,44
2025-26,6,51,515597,44
2025-26,7,62,515597,44
2025-26,8,79,515597,44
2025-26,9,82,515597,44
2025-26,10,95,515597,44
2025-26,11,101,515597,44
2025-26,12,116,515597,44
2025-26,13,121,515597,44
2025-26,14,133,515597,44
2025-26,15,141,515597,44
2025-26,16,160,515597,44
2025-26,17,161,515597,44
2025-26,18,174,515597,44
2025-26,19,181,515597,44
2025-26,20,191,515597,44
2025-26,21,205,515597,44
2025-26,22,211,515597,44
2025-26,23,229,515597,44
2025-26,24,231,515597,44
2025-26,1,8,515621,262
2025-26,2,15,515621,262
2025-26,3,21,515621,262
2025-26,4,35,515621,262
2025-26,5,49,515621,262
2025-26,6,54,515621,262
2025-26,7,66,515621,262
2025-26,8,73,515621,262
2025-26,9,81,515621,262
2025-26,10,93,515621,262
2025-26,11,104,515621,262
2025-26,12,120,515621,262
2025-26,13,124,515621,262
2025-26,14,134,515621,262
2025-26,15,145,515621,262
2025-26,16,155,515621,262
2025-26,17,166,515621,262
2025-26,18,175,515621,262
2025-26,19,185,515621,262
2025-26,20,198,515621,262
2025-26,21,205,515621,262
2025-26,22,218,515621,262
2025-26,23,225,515621,262
2025-26,24,237,515621,262
2025-26,1,3,516211,165
2025-26,2,16,516211,165
2025-26,3,22,516211,165
2025-26,4,32,516211,165
2025-26,5,43,516211,165
2025-26,6,53,516211,165
2025-26,7,70,516211,165
2025-26,8,71,516211,165
2025-26,9,88,516211,165
2025-26,10,91,516211,165
2025-26,11,104,516211,165
2025-26,12,113,516211,165
2025-26,13,127,516211,165
2025-26,14,133,516211,165
2025-26,15,143,516211,165
2025-26,16,156,516211,165
2025-26,17,163,516211,165
2025-26,18,171,516211,165
2025-26,19,190,516211,165
2025-26,20,193,516211,165
2025-26,21,208,516211,165
2025-26,22,212,516211,165
2025-26,23,227,516211,165
2025-26,24,232,516211,165
2025-26,17,167,516234,763
2025-26,18,178,516234,763
2025-26,19,189,516234,763
2025-26,20,197,516234,763
2025-26,21,208,516234,763
2025-26,22,216,516234,763
2025-26,23,228,516234,763
2025-26,24,239,516234,763
2025-26,14,133,516875,757
2025-26,15,141,516875,757
2025-26,16,160,516875,757
2025-26,17,161,516875,757
2025-26,18,174,516875,757
2025-26,19,181,516875,757
2025-26,20,191,516875,757
2025-26,21,205,516875,757
2025-26,22,211,516875,757
2025-26,23,229,516875,757
2025-26,24,231,516875,757
2025-26,1,9,516895,458
2025-26,2,17,516895,458
2025-26,3,26,516895,458
2025-26,4,38,516895,458
2025-26,5,47,516895,458
2025-26,6,52,516895,458
2025-26,7,68,516895,458
2025-26,8,75,516895,458
2025-26,9,88,516895,458
2025-26,10,97,516895,458
2025-26,11,109,516895,458
2025-26,12,118,516895,458
2025-26,13,124,516895,458
2025-26,14,138,516895,458
2025-26,15,150,516895,458
2025-26,16,157,516895,458
2025-26,17,161,516895,458
2025-26,18,177,516895,458
2025-26,19,187,516895,458
2025-26,20,196,516895,458
2025-26,21,204,516895,458
2025-26,22,216,516895,458
2025-26,23,221,516895,458
2025-26,24,236,516895,458
2025-26,1,7,516939,631
2025-26,2,12,516939,631
2025-26,3,30,516939,631
2025-26,4,39,516939,631
2025-26,5,50,516939,631
2025-26,6,60,516939,631
2025-26,7,70,516939,631
2025-26,8,78,516939,631
2025-26,9,90,516939,631
2025-26,10,94,516939,631
2025-26,11,103,516939,631
2025-26,12,120,516939,631
2025-26,13,121,516939,631
2025-26,14,140,516939,631
2025-26,15,150,516939,631
2025-26,16,151,516939,631
2025-26,17,170,516939,631
2025-26,18,176,516939,631
2025-26,19,187,516939,631
2025-26,20,200,516939,631
2025-26,21,206,516939,631
2025-26,22,220,516939,631
2025-26,23,228,516939,631
2025-26,24,240,516939,631
2025-26,1,8,517052,251
2025-26,2,20,517052,251
2025-26,3,23,517052,251
2025-26,4,33,517052,251
2025-26,5,47,517052,251
2025-26,6,53,517052,251
2025-26,7,65,517052,251
2025-26,8,77,517052,251
2025-26,9,85,517052,251
2025-26,10,99,517052,251
2025-26,11,103,517052,251
2025-26,12,114,517052,251
2025-26,13,123,517052,251
2025-26,14,136,517052,251
2025-26,15,142,517052,251
2025-26,16,154,517052,251
2025-26,17,168,517052,251
2025-26,18,174,517052,251
2025-26,19,184,517052,251
2025-26,20,197,517052,251
2025-26,21,207,517052,251
2025-26,22,213,517052,251
2025-26,23,225,517052,251
2025-26,24,233,517052,251
2025-26,1,7,517179,641
2025-26,2,12,517179,641
2025-26,3,30,517179,641
2025-26,4,39,517179,641
2025-26,5,50,517179,641
2025-26,6,60,517179,641
2025-26,7,70,517179,641
2025-26,8,78,517179,641
2025-26,9,90,517179,641
2025-26,10,94,517179,641
2025-26,11,103,517179,641
2025-26,12,120,517179,641
2025-26,13,121,517179,641
2025-26,14,140,517179,641
2025-26,15,150,517179,641
2025-26,16,151,517179,641
2025-26,17,170,517179,641
2025-26,18,176,517179,641
2025-26,19,187,517179,641
2025-26,20,200,517179,641
2025-26,21,206,517179,641
2025-26,22,220,517179,641
2025-26,23,228,517179,641
2025-26,24,240,517179,641
2025-26,1,6,518030,183
2025-26,2,14,518030,183
2025-26,3,26,518030,183
2025-26,4,34,518030,183
2025-26,5,44,518030,183
2025-26,6,57,518030,183
2025-26,7,62,518030,183
2025-26,8,72,518030,183
2025-26,9,90,518030,183
2025-26,10,92,518030,183
2025-26,11,110,518030,183
2025-26,12,114,518030,183
2025-26,13,122,518030,183
2025-26,14,134,518030,183
2025-26,15,148,518030,183
2025-26,16,153,518030,183
2025-26,17,162,518030,183
2025-26,18,173,518030,183
2025-26,19,183,518030,183
2025-26,20,193,518030,183
2025-26,21,204,518030,183
2025-26,22,215,518030,183
2025-26,23,224,518030,183
2025-26,24,238,518030,183
2025-26,20,197,518335,789
2025-26,21,207,518335,789
2025-26,22,213,518335,789
2025-26,23,225,518335,789
2025-26,24,233,518335,789
2025-26,1,5,518438,611
2025-26,2,20,518438,611
2025-26,3,27,518438,611
2025-26,4,40,518438,611
2025-26,5,49,518438,611
2025-26,6,55,518438,611
2025-26,7,61,518438,611
2025-26,8,80,518438,611
2025-26,9,87,518438,611
2025-26,10,100,518438,611
2025-26,11,110,518438,611
2025-26,12,112,518438,611
2025-26,13,130,518438,611
2025-26,14,138,518438,611
2025-26,15,143,518438,611
2025-26,16,160,518438,611
2025-26,17,167,518438,611
2025-26,18,180,518438,611
2025-26,19,190,518438,611
2025-26,20,200,518438,611
2025-26,21,210,518438,611
2025-26,22,219,518438,611
2025-26,23,230,518438,611
2025-26,24,233,518438,611
2025-26,1,5,518442,622
2025-26,2,20,518442,622
2025-26,3,27,518442,622
2025-26,4,40,518442,622
2025-26,5,49,518442,622
2025-26,6,55,518442,622
2025-26,7,61,518442,622
2025-26,8,80,518442,622
2025-26,9,87,518442,622
2025-26,10,100,518442,622
2025-26,11,110,518442,622
2025-26,12,112,518442,622
2025-26,13,130,518442,622
2025-26,14,138,518442,622
2025-26,15,143,518442,622
2025-26,16,160,518442,622
2025-26,17,167,518442,622
2025-26,18,180,518442,622
2025-26,19,190,518442,622
2025-26,20,200,518442,622
2025-26,21,210,518442,622
2025-26,22,219,518442,622
2025-26,23,230,518442,622
2025-26,24,233,518442,622
2025-26,1,1,518906,76
2025-26,2,12,518906,76
2025-26,3,29,518906,76
2025-26,4,32,518906,76
2025-26,5,42,518906,76
2025-26,6,56,518906,76
2025-26,7,63,518906,76
2025-26,8,73,518906,76
2025-26,9,83,518906,76
2025-26,10,96,518906,76
2025-26,11,101,518906,76
2025-26,12,112,518906,76
2025-26,13,128,518906,76
2025-26,14,132,518906,76
2025-26,15,142,518906,76
2025-26,16,157,518906,76
2025-26,17,162,518906,76
2025-26,18,172,518906,76
2025-26,19,184,518906,76
2025-26,20,192,518906,76
2025-26,21,202,518906,76
2025-26,22,212,518906,76
2025-26,23,222,518906,76
2025-26,24,240,518906,76
2025-26,16,156,519440,760
2025-26,17,169,519440,760
2025-26,18,176,519440,760
2025-26,19,186,519440,760
2025-26,20,195,519440,760
2025-26,21,201,519440,760
2025-26,22,215,519440,760
2025-26,23,222,519440,760
2025-26,24,235,519440,760
2025-26,1,5,519634,542
2025-26,2,14,519634,542
2025-26,3,28,519634,542
2025-26,4,35,519634,542
2025-26,5,48,519634,542
2025-26,6,59,519634,542
2025-26,7,68,519634,542
2025-26,8,78,519634,542
2025-26,9,85,519634,542
2025-26,10,98,519634,542
2025-26,11,108,519634,542
2025-26,12,115,519634,542
2025-26,13,128,519634,542
2025-26,14,137,519634,542
2025-26,15,147,519634,542
2025-26,16,159,519634,542
2025-26,17,163,519634,542
2025-26,18,179,519634,542
2025-26,19,189,519634,542
2025-26,20,199,519634,542
2025-26,21,203,519634,542
2025-26,22,218,519634,542
2025-26,23,230,519634,542
2025-26,24,238,519634,542
2025-26,1,6,519895,197
2025-26,2,14,519895,197
2025-26,3,26,519895,197
2025-26,4,34,519895,197
2025-26,5,44,519895,197
2025-26,6,57,519895,197
2025-26,7,62,519895,197
2025-26,8,72,519895,197
2025-26,9,90,519895,197
2025-26,10,92,519895,197
2025-26,11,110,519895,197
2025-26,12,114,519895,197
2025-26,13,122,519895,197
2025-26,14,134,519895,197
2025-26,15,148,519895,197
2025-26,16,153,519895,197
2025-26,17,162,519895,197
2025-26,18,173,519895,197
2025-26,19,183,519895,197
2025-26,20,193,519895,197
2025-26,21,204,519895,197
2025-26,22,215,519895,197
2025-26,23,224,519895,197
2025-26,24,238,519895,197
2025-26,18,177,519913,771
2025-26,19,187,519913,771
2025-26,20,196,519913,771
2025-26,21,204,519913,771
2025-26,22,216,519913,771
2025-26,23,221,519913,771
2025-26,24,236,519913,771
2025-26,2,12,523705,695
2025-26,3,30,523705,695
2025-26,4,39,523705,695
2025-26,5,50,523705,695
2025-26,6,60,523705,695
2025-26,7,70,523705,695
2025-26,8,78,523705,695
2025-26,9,90,523705,695
2025-26,10,94,523705,695
2025-26,11,103,523705,695
2025-26,12,120,523705,695
2025-26,13,121,523705,695
2025-26,14,140,523705,695
2025-26,15,150,523705,695
2025-26,16,151,523705,695
2025-26,17,170,523705,695
2025-26,18,176,523705,695
2025-26,19,187,523705,695
2025-26,20,200,523705,695
2025-26,21,206,523705,695
2025-26,22,220,523705,695
2025-26,23,228,523705,695
2025-26,24,240,523705,695
2025-26,1,1,530121,95
2025-26,2,12,530121,95
2025-26,3,29,530121,95
2025-26,4,32,530121,95
2025-26,5,42,530121,95
2025-26,6,56,530121,95
2025-26,7,63,530121,95
2025-26,8,73,530121,95
2025-26,9,83,530121,95
2025-26,10,96,530121,95
2025-26,11,101,530121,95
2025-26,12,112,530121,95
2025-26,13,128,530121,95
2025-26,14,132,530121,95
2025-26,15,142,530121,95
2025-26,16,157,530121,95
2025-26,17,162,530121,95
2025-26,18,172,530121,95
2025-26,19,184,530121,95
2025-26,20,192,530121,95
2025-26,21,202,530121,95
2025-26,22,212,530121,95
2025-26,23,222,530121,95
2025-26,24,240,530121,95
2025-26,1,8,530318,281
2025-26,2,15,530318,281
2025-26,3,21,530318,281
2025-26,4,35,530318,281
2025-26,5,49,530318,281
2025-26,6,54,530318,281
2025-26,7,66,530318,281
2025-26,8,73,530318,281
2025-26,9,81,530318,281
2025-26,10,93,530318,281
2025-26,11,104,530318,281
2025-26,12,120,530318,281
2025-26,13,124,530318,281
2025-26,14,134,530318,281
2025-26,15,145,530318,281
2025-26,16,155,530318,281
2025-26,17,166,530318,281
2025-26,18,175,530318,281
2025-26,19,185,530318,281
2025-26,20,198,530318,281
2025-26,21,205,530318,281
2025-26,22,218,530318,281
2025-26,23,225,530318,281
2025-26,24,237,530318,281
2025-26,20,200,530335,785
2025-26,21,210,530335,785
2025-26,22,219,530335,785
2025-26,23,230,530335,785
2025-26,24,233,530335,785
2025-26,1,7,531363,658
2025-26,2,12,531363,658
2025-26,3,30,531363,658
2025-26,4,39,531363,658
2025-26,5,50,531363,658
2025-26,6,60,531363,658
2025-26,7,70,531363,658
2025-26,8,78,531363,658
2025-26,9,90,531363,658
2025-26,10,94,531363,658
2025-26,11,103,531363,658
2025-26,12,120,531363,658
2025-26,13,121,531363,658
2025-26,14,140,531363,658
2025-26,15,150,531363,658
2025-26,16,151,531363,658
2025-26,17,170,531363,658
2025-26,18,176,531363,658
2025-26,19,187,531363,658
2025-26,20,200,531363,658
2025-26,21,206,531363,658
2025-26,22,220,531363,658
2025-26,23,228,531363,658
2025-26,24,240,531363,658
2025-26,1,8,531989,280
2025-26,2,15,531989,280
2025-26,3,21,531989,280
2025-26,4,35,531989,280
2025-26,5,49,531989,280
2025-26,6,54,531989,280
2025-26,7,66,531989,280
2025-26,8,73,531989,280
2025-26,9,81,531989,280
2025-26,10,93,531989,280
2025-26,11,104,531989,280
2025-26,12,120,531989,280
2025-26,13,124,531989,280
2025-26,14,134,531989,280
2025-26,15,145,531989,280
2025-26,16,155,531989,280
2025-26,17,166,531989,280
2025-26,18,175,531989,280
2025-26,19,185,531989,280
2025-26,20,198,531989,280
2025-26,21,205,531989,280
2025-26,22,218,531989,280
2025-26,23,225,531989,280
2025-26,24,237,531989,280
2025-26,1,3,532529,163
2025-26,2,16,532529,163
2025-26,3,22,532529,163
2025-26,4,32,532529,163
2025-26,5,43,532529,163
2025-26,6,53,532529,163
2025-26,7,70,532529,163
2025-26,8,71,532529,163
2025-26,9,88,532529,163
2025-26,10,91,532529,163
2025-26,11,104,532529,163
2025-26,12,113,532529,163
2025-26,13,127,532529,163
2025-26,14,133,532529,163
2025-26,15,143,532529,163
2025-26,16,156,532529,163
2025-26,17,163,532529,163
2025-26,18,171,532529,163
2025-26,19,190,532529,163
2025-26,20,193,532529,163
2025-26,21,208,532529,163
2025-26,22,212,532529,163
2025-26,23,227,532529,163
2025-26,24,232,532529,163
2025-26,1,8,532605,246
2025-26,2,20,532605,246
2025-26,3,23,532605,246
2025-26,4,33,532605,246
2025-26,5,47,532605,246
2025-26,6,53,532605,246
2025-26,7,65,532605,246
2025-26,8,77,532605,246
2025-26,9,85,532605,246
2025-26,10,99,532605,246
2025-26,11,103,532605,246
2025-26,12,114,532605,246
2025-26,13,123,532605,246
2025-26,14,136,532605,246
2025-26,15,142,532605,246
2025-26,16,154,532605,246
2025-26,17,168,532605,246
2025-26,18,174,532605,246
2025-26,19,184,532605,246
2025-26,20,197,532605,246
2025-26,21,207,532605,246
2025-26,22,213,532605,246
2025-26,23,225,532605,246
2025-26,24,233,532605,246
2025-26,1,1,533463,83
2025-26,2,13,533463,83
2025-26,3,28,533463,83
2025-26,4,33,533463,83
2025-26,5,45,533463,83
2025-26,6,52,533463,83
2025-26,7,64,533463,83
2025-26,8,80,533463,83
2025-26,9,84,533463,83
2025-26,10,93,533463,83
2025-26,11,102,533463,83
2025-26,12,113,533463,83
2025-26,13,122,533463,83
2025-26,14,131,533463,83
2025-26,15,149,533463,83
2025-26,16,152,533463,83
2025-26,17,170,533463,83
2025-26,18,172,533463,83
2025-26,19,182,533463,83
2025-26,20,194,533463,83
2025-26,21,203,533463,83
2025-26,22,213,533463,83
2025-26,23,223,533463,83
2025-26,24,231,533463,83
2025-26,1,4,533710,137
2025-26,2,13,533710,137
2025-26,3,28,533710,137
2025-26,4,33,533710,137
2025-26,5,45,533710,137
2025-26,6,52,533710,137
2025-26,7,64,533710,137
2025-26,8,80,533710,137
2025-26,9,84,533710,137
2025-26,10,93,533710,137
2025-26,11,102,533710,137
2025-26,12,113,533710,137
2025-26,13,122,533710,137
2025-26,14,131,533710,137
2025-26,15,149,533710,137
2025-26,16,152,533710,137
2025-26,17,170,533710,137
2025-26,18,172,533710,137
2025-26,19,182,533710,137
2025-26,20,194,533710,137
2025-26,21,203,533710,137
2025-26,22,213,533710,137
2025-26,23,223,533710,137
2025-26,24,231,533710,137
2025-26,3,21,534836,710
2025-26,4,36,534836,710
2025-26,5,48,534836,710
2025-26,6,51,534836,710
2025-26,7,62,534836,710
2025-26,8,79,534836,710
2025-26,9,82,534836,710
2025-26,10,95,534836,710
2025-26,11,101,534836,710
2025-26,12,116,534836,710
2025-26,13,121,534836,710
2025-26,14,133,534836,710
2025-26,15,141,534836,710
2025-26,16,160,534836,710
2025-26,17,161,534836,710
2025-26,18,174,534836,710
2025-26,19,181,534836,710
2025-26,20,191,534836,710
2025-26,21,205,534836,710
2025-26,22,211,534836,710
2025-26,23,229,534836,710
2025-26,24,231,534836,710
2025-26,1,4,535017,104
2025-26,2,13,535017,104
2025-26,3,28,535017,104
2025-26,4,33,535017,104
2025-26,5,45,535017,104
2025-26,6,52,535017,104
2025-26,7,64,535017,104
2025-26,8,80,535017,104
2025-26,9,84,535017,104
2025-26,10,93,535017,104
2025-26,11,102,535017,104
2025-26,12,113,535017,104
2025-26,13,122,535017,104
2025-26,14,131,535017,104
2025-26,15,149,535017,104
2025-26,16,152,535017,104
2025-26,17,170,535017,104
2025-26,18,172,535017,104
2025-26,19,182,535017,104
2025-26,20,194,535017,104
2025-26,21,203,535017,104
2025-26,22,213,535017,104
2025-26,23,223,535017,104
2025-26,24,231,535017,104
2025-26,1,3,535301,167
2025-26,2,16,535301,167
2025-26,3,22,535301,167
2025-26,4,32,535301,167
2025-26,5,43,535301,167
2025-26,6,53,535301,167
2025-26,7,70,535301,167
2025-26,8,71,535301,167
2025-26,9,88,535301,167
2025-26,10,91,535301,167
2025-26,11,104,535301,167
2025-26,12,113,535301,167
2025-26,13,127,535301,167
2025-26,14,133,535301,167
2025-26,15,143,535301,167
2025-26,16,156,535301,167
2025-26,17,163,535301,167
2025-26,18,171,535301,167
2025-26,19,190,535301,167
2025-26,20,193,535301,167
2025-26,21,208,535301,167
2025-26,22,212,535301,167
2025-26,23,227,535301,167
2025-26,24,232,535301,167
2025-26,1,5,535818,543
2025-26,2,14,535818,543
2025-26,3,28,535818,543
2025-26,4,35,535818,543
2025-26,5,48,535818,543
2025-26,6,59,535818,543
2025-26,7,68,535818,543
2025-26,8,78,535818,543
2025-26,9,85,535818,543
2025-26,10,98,535818,543
2025-26,11,108,535818,543
2025-26,12,115,535818,543
2025-26,13,128,535818,543
2025-26,14,137,535818,543
2025-26,15,147,535818,543
2025-26,16,159,535818,543
2025-26,17,163,535818,543
2025-26,18,179,535818,543
2025-26,19,189,535818,543
2025-26,20,199,535818,543
2025-26,21,203,535818,543
2025-26,22,218,535818,543
2025-26,23,230,535818,543
2025-26,24,238,535818,543
2025-26,1,1,535928,393
2025-26,2,19,535928,393
2025-26,3,25,535928,393
2025-26,4,34,535928,393
2025-26,5,46,535928,393
2025-26,6,54,535928,393
2025-26,7,65,535928,393
2025-26,8,75,535928,393
2025-26,9,84,535928,393
2025-26,10,95,535928,393
2025-26,11,106,535928,393
2025-26,12,117,535928,393
2025-26,13,130,535928,393
2025-26,14,137,535928,393
2025-26,15,146,535928,393
2025-26,16,156,535928,393
2025-26,17,169,535928,393
2025-26,18,176,535928,393
2025-26,19,186,535928,393
2025-26,20,195,535928,393
2025-26,21,201,535928,393
2025-26,22,215,535928,393
2025-26,23,222,535928,393
2025-26,24,235,535928,393
2025-26,1,5,536109,608
2025-26,2,20,536109,608
2025-26,3,27,536109,608
2025-26,4,40,536109,608
2025-26,5,49,536109,608
2025-26,6,55,536109,608
2025-26,7,61,536109,608
2025-26,8,80,536109,608
2025-26,9,87,536109,608
2025-26,10,100,536109,608
2025-26,11,110,536109,608
2025-26,12,112,536109,608
2025-26,13,130,536109,608
2025-26,14,138,536109,608
2025-26,15,143,536109,608
2025-26,16,160,536109,608
2025-26,17,167,536109,608
2025-26,18,180,536109,608
2025-26,19,190,536109,608
2025-26,20,200,536109,608
2025-26,21,210,536109,608
2025-26,22,219,536109,608
2025-26,23,230,536109,608
2025-26,24,233,536109,608
2025-26,1,10,536119,359
2025-26,2,11,536119,359
2025-26,3,24,536119,359
2025-26,4,37,536119,359
2025-26,5,50,536119,359
2025-26,6,56,536119,359
2025-26,7,67,536119,359
2025-26,8,72,536119,359
2025-26,9,87,536119,359
2025-26,10,91,536119,359
2025-26,11,107,536119,359
2025-26,12,116,536119,359
2025-26,13,126,536119,359
2025-26,14,136,536119,359
2025-26,15,146,536119,359
2025-26,16,152,536119,359
2025-26,17,166,536119,359
2025-26,18,179,536119,359
2025-26,19,186,536119,359
2025-26,20,196,536119,359
2025-26,21,209,536119,359
2025-26,22,214,536119,359
2025-26,23,226,536119,359
2025-26,24,234,536119,359
2025-26,24,239,536134,811
2025-26,1,10,536241,313
2025-26,2,16,536241,313
2025-26,3,30,536241,313
2025-26,4,36,536241,313
2025-26,5,46,536241,313
2025-26,6,55,536241,313
2025-26,7,66,536241,313
2025-26,8,76,536241,313
2025-26,9,86,536241,313
2025-26,10,98,536241,313
2025-26,11,105,536241,313
2025-26,12,118,536241,313
2025-26,13,125,536241,313
2025-26,14,132,536241,313
2025-26,15,144,536241,313
2025-26,16,154,536241,313
2025-26,17,164,536241,313
2025-26,18,173,536241,313
2025-26,19,188,536241,313
2025-26,20,194,536241,313
2025-26,21,206,536241,313
2025-26,22,211,536241,313
2025-26,23,226,536241,313
2025-26,24,232,536241,313
2025-26,1,8,536694,279
2025-26,2,15,536694,279
2025-26,3,21,536694,279
2025-26,4,35,536694,279
2025-26,5,49,536694,279
2025-26,6,54,536694,279
2025-26,7,66,536694,279
2025-26,8,73,536694,279
2025-26,9,81,536694,279
2025-26,10,93,536694,279
2025-26,11,104,536694,279
2025-26,12,120,536694,279
2025-26,13,124,536694,279
2025-26,14,134,536694,279
2025-26,15,145,536694,279
2025-26,16,155,536694,279
2025-26,17,166,536694,279
2025-26,18,175,536694,279
2025-26,19,185,536694,279
2025-26,20,198,536694,279
2025-26,21,205,536694,279
2025-26,22,218,536694,279
2025-26,23,225,536694,279
2025-26,24,237,536694,279
2025-26,1,3,536916,168
2025-26,2,16,536916,168
2025-26,3,22,536916,168
2025-26,4,33,536916,168
2025-26,5,47,536916,168
2025-26,6,53,536916,168
2025-26,7,65,536916,168
2025-26,8,77,536916,168
2025-26,9,85,536916,168
2025-26,10,99,536916,168
2025-26,11,103,536916,168
2025-26,12,114,536916,168
2025-26,13,123,536916,168
2025-26,14,136,536916,168
2025-26,15,142,536916,168
2025-26,16,154,536916,168
2025-26,17,168,536916,168
2025-26,18,174,536916,168
2025-26,19,184,536916,168
2025-26,20,197,536916,168
2025-26,21,207,536916,168
2025-26,22,214,536916,168
2025-26,23,226,536916,168
2025-26,24,234,536916,168
2025-26,1,2,537403,63
2025-26,2,13,537403,63
2025-26,3,21,537403,63
2025-26,4,36,537403,63
2025-26,5,48,537403,63
2025-26,6,51,537403,63
2025-26,7,62,537403,63
2025-26,8,79,537403,63
2025-26,9,82,537403,63
2025-26,10,95,537403,63
2025-26,11,101,537403,63
2025-26,12,116,537403,63
2025-26,13,121,537403,63
2025-26,14,133,537403,63
2025-26,15,141,537403,63
2025-26,16,160,537403,63
2025-26,17,161,537403,63
2025-26,18,174,537403,63
2025-26,19,181,537403,63
2025-26,20,191,537403,63
2025-26,21,205,537403,63
2025-26,22,211,537403,63
2025-26,23,229,537403,63
2025-26,24,231,537403,63
2025-26,1,2,538207,500
2025-26,2,19,538207,500
2025-26,3,24,538207,500
2025-26,4,39,538207,500
2025-26,5,42,538207,500
2025-26,6,58,538207,500
2025-26,7,69,538207,500
2025-26,8,71,538207,500
2025-26,9,89,538207,500
2025-26,10,100,538207,500
2025-26,11,102,538207,500
2025-26,12,119,538207,500
2025-26,13,125,538207,500
2025-26,14,139,538207,500
2025-26,15,148,538207,500
2025-26,16,159,538207,500
2025-26,17,168,538207,500
2025-26,18,177,538207,500
2025-26,19,183,538207,500
2025-26,20,198,538207,500
2025-26,21,209,538207,500
2025-26,22,220,538207,500
2025-26,23,229,538207,500
2025-26,24,235,538207,500
2025-26,1,1,541462,75
2025-26,2,12,541462,75
2025-26,3,29,541462,75
2025-26,4,32,541462,75
2025-26,5,42,541462,75
2025-26,6,56,541462,75
2025-26,7,63,541462,75
2025-26,8,73,541462,75
2025-26,9,83,541462,75
2025-26,10,96,541462,75
2025-26,11,101,541462,75
2025-26,12,112,541462,75
2025-26,13,128,541462,75
2025-26,14,132,541462,75
2025-26,15,142,541462,75
2025-26,16,157,541462,75
2025-26,17,162,541462,75
2025-26,18,172,541462,75
2025-26,19,184,541462,75
2025-26,20,192,541462,75
2025-26,21,202,541462,75
2025-26,22,212,541462,75
2025-26,23,222,541462,75
2025-26,24,240,541462,75
2025-26,1,4,543295,122
2025-26,2,13,543295,122
2025-26,3,28,543295,122
2025-26,4,33,543295,122
2025-26,5,45,543295,122
2025-26,6,52,543295,122
2025-26,7,64,543295,122
2025-26,8,80,543295,122
2025-26,9,84,543295,122
2025-26,10,93,543295,122
2025-26,11,102,543295,122
2025-26,12,113,543295,122
2025-26,13,122,543295,122
2025-26,14,131,543295,122
2025-26,15,149,543295,122
2025-26,16,152,543295,122
2025-26,17,170,543295,122
2025-26,18,172,543295,122
2025-26,19,182,543295,122
2025-26,20,194,543295,122
2025-26,21,203,543295,122
2025-26,22,213,543295,122
2025-26,23,223,543295,122
2025-26,24,231,543295,122
2025-26,1,1,544877,371
2025-26,2,19,544877,371
2025-26,3,25,544877,371
2025-26,4,34,544877,371
2025-26,5,46,544877,371
2025-26,6,54,544877,371
2025-26,7,65,544877,371
2025-26,8,75,544877,371
2025-26,9,84,544877,371
2025-26,10,95,544877,371
2025-26,11,106,544877,371
2025-26,12,117,544877,371
2025-26,13,130,544877,371
2025-26,14,137,544877,371
2025-26,15,146,544877,371
2025-26,16,156,544877,371
2025-26,17,169,544877,371
2025-26,18,176,544877,371
2025-26,19,186,544877,371
2025-26,20,195,544877,371
2025-26,21,201,544877,371
2025-26,22,215,544877,371
2025-26,23,222,544877,371
2025-26,24,235,544877,371
2025-26,1,2,545477,481
2025-26,2,19,545477,481
2025-26,3,24,545477,481
2025-26,4,39,545477,481
2025-26,5,42,545477,481
2025-26,6,58,545477,481
2025-26,7,69,545477,481
2025-26,8,71,545477,481
2025-26,9,89,545477,481
2025-26,10,100,545477,481
2025-26,11,102,545477,481
2025-26,12,119,545477,481
2025-26,13,125,545477,481
2025-26,14,139,545477,481
2025-26,15,148,545477,481
2025-26,16,159,545477,481
2025-26,17,168,545477,481
2025-26,18,177,545477,481
2025-26,19,183,545477,481
2025-26,20,198,545477,481
2025-26,21,209,545477,481
2025-26,22,220,545477,481
2025-26,23,229,545477,481
2025-26,24,235,545477,481
2025-26,1,5,547027,544
2025-26,2,14,547027,544
2025-26,3,28,547027,544
2025-26,4,35,547027,544
2025-26,5,48,547027,544
2025-26,6,59,547027,544
2025-26,7,68,547027,544
2025-26,8,78,547027,544
2025-26,9,85,547027,544
2025-26,10,98,547027,544
2025-26,11,108,547027,544
2025-26,12,115,547027,544
2025-26,13,128,547027,544
2025-26,14,137,547027,544
2025-26,15,147,547027,544
2025-26,16,159,547027,544
2025-26,17,163,547027,544
2025-26,18,179,547027,544
2025-26,19,189,547027,544
2025-26,20,199,547027,544
2025-26,21,203,547027,544
2025-26,22,218,547027,544
2025-26,23,230,547027,544
2025-26,24,238,547027,544
2025-26,1,9,547037,462
2025-26,2,17,547037,462
2025-26,3,26,547037,462
2025-26,4,38,547037,462
2025-26,5,47,547037,462
2025-26,6,52,547037,462
2025-26,7,68,547037,462
2025-26,8,75,547037,462
2025-26,9,88,547037,462
2025-26,10,97,547037,462
2025-26,11,109,547037,462
2025-26,12,118,547037,462
2025-26,13,124,547037,462
2025-26,14,138,547037,462
2025-26,15,150,547037,462
2025-26,16,157,547037,462
2025-26,17,161,547037,462
2025-26,18,177,547037,462
2025-26,19,187,547037,462
2025-26,20,196,547037,462
2025-26,21,204,547037,462
2025-26,22,216,547037,462
2025-26,23,221,547037,462
2025-26,24,236,547037,462
2025-26,1,5,547410,557
2025-26,2,14,547410,557
2025-26,3,28,547410,557
2025-26,4,35,547410,557
2025-26,5,48,547410,557
2025-26,6,59,547410,557
2025-26,7,68,547410,557
2025-26,8,78,547410,557
2025-26,9,85,547410,557
2025-26,10,98,547410,557
2025-26,11,108,547410,557
2025-26,12,115,547410,557
2025-26,13,128,547410,557
2025-26,14,137,547410,557
2025-26,15,147,547410,557
2025-26,16,159,547410,557
2025-26,17,163,547410,557
2025-26,18,179,547410,557
2025-26,19,189,547410,557
2025-26,20,199,547410,557
2025-26,21,203,547410,557
2025-26,22,218,547410,557
2025-26,23,230,547410,557
2025-26,24,238,547410,557
2025-26,1,9,547676,446
2025-26,2,17,547676,446
2025-26,3,26,547676,446
2025-26,4,38,547676,446
2025-26,5,47,547676,446
2025-26,6,52,547676,446
2025-26,7,68,547676,446
2025-26,8,75,547676,446
2025-26,9,88,547676,446
2025-26,10,97,547676,446
2025-26,11,109,547676,446
2025-26,12,118,547676,446
2025-26,13,124,547676,446
2025-26,14,138,547676,446
2025-26,15,150,547676,446
2025-26,16,157,547676,446
2025-26,17,161,547676,446
2025-26,18,177,547676,446
2025-26,19,187,547676,446
2025-26,20,196,547676,446
2025-26,21,204,547676,446
2025-26,22,216,547676,446
2025-26,23,221,547676,446
2025-26,24,236,547676,446
2025-26,1,6,547701,591
2025-26,2,18,547701,591
2025-26,3,29,547701,591
2025-26,4,40,547701,591
2025-26,5,43,547701,591
2025-26,6,60,547701,591
2025-26,7,67,547701,591
2025-26,8,79,547701,591
2025-26,9,86,547701,591
2025-26,10,99,547701,591
2025-26,11,109,547701,591
2025-26,12,111,547701,591
2025-26,13,129,547701,591
2025-26,14,139,547701,591
2025-26,15,149,547701,591
2025-26,16,158,547701,591
2025-26,17,169,547701,591
2025-26,18,175,547701,591
2025-26,19,182,547701,591
2025-26,20,199,547701,591
2025-26,21,202,547701,591
2025-26,22,219,547701,591
2025-26,23,224,547701,591
2025-26,24,239,547701,591
2025-26,1,2,547719,497
2025-26,2,19,547719,497
2025-26,3,24,547719,497
2025-26,4,39,547719,497
2025-26,5,42,547719,497
2025-26,6,58,547719,497
2025-26,7,69,547719,497
2025-26,8,71,547719,497
2025-26,9,89,547719,497
2025-26,10,100,547719,497
2025-26,11,102,547719,497
2025-26,12,119,547719,497
2025-26,13,125,547719,497
2025-26,14,139,547719,497
2025-26,15,148,547719,497
2025-26,16,159,547719,497
2025-26,17,168,547719,497
2025-26,18,177,547719,497
2025-26,19,183,547719,497
2025-26,20,198,547719,497
2025-26,21,209,547719,497
2025-26,22,220,547719,497
2025-26,23,229,547719,497
2025-26,24,235,547719,497
2025-26,1,3,547720,156
2025-26,2,16,547720,156
2025-26,3,22,547720,156
2025-26,4,32,547720,156
2025-26,5,43,547720,156
2025-26,6,53,547720,156
2025-26,7,70,547720,156
2025-26,8,71,547720,156
2025-26,9,88,547720,156
2025-26,10,91,547720,156
2025-26,11,104,547720,156
2025-26,12,113,547720,156
2025-26,13,127,547720,156
2025-26,14,133,547720,156
2025-26,15,143,547720,156
2025-26,16,156,547720,156
2025-26,17,163,547720,156
2025-26,18,171,547720,156
2025-26,19,190,547720,156
2025-26,20,193,547720,156
2025-26,21,208,547720,156
2025-26,22,212,547720,156
2025-26,23,227,547720,156
2025-26,24,232,547720,156
2025-26,1,10,547801,306
2025-26,2,16,547801,306
2025-26,3,30,547801,306
2025-26,4,36,547801,306
2025-26,5,46,547801,306
2025-26,6,55,547801,306
2025-26,7,66,547801,306
2025-26,8,76,547801,306
2025-26,9,86,547801,306
2025-26,10,98,547801,306
2025-26,11,105,547801,306
2025-26,12,118,547801,306
2025-26,13,125,547801,306
2025-26,14,132,547801,306
2025-26,15,144,547801,306
2025-26,16,154,547801,306
2025-26,17,164,547801,306
2025-26,18,173,547801,306
2025-26,19,188,547801,306
2025-26,20,194,547801,306
2025-26,21,206,547801,306
2025-26,22,211,547801,306
2025-26,23,226,547801,306
2025-26,24,232,547801,306
2025-26,1,6,548308,576
2025-26,2,18,548308,576
2025-26,3,29,548308,576
2025-26,4,40,548308,576
2025-26,5,43,548308,576
2025-26,6,60,548308,576
2025-26,7,67,548308,576
2025-26,8,79,548308,576
2025-26,9,86,548308,576
2025-26,10,99,548308,576
2025-26,11,109,548308,576
2025-26,12,111,548308,576
2025-26,13,129,548308,576
2025-26,14,139,548308,576
2025-26,15,149,548308,576
2025-26,16,158,548308,576
2025-26,17,169,548308,576
2025-26,18,175,548308,576
2025-26,19,182,548308,576
2025-26,20,199,548308,576
2025-26,21,202,548308,576
2025-26,22,219,548308,576
2025-26,23,224,548308,576
2025-26,24,239,548308,576
2025-26,1,4,549067,513
2025-26,2,15,549067,513
2025-26,3,27,549067,513
2025-26,4,31,549067,513
2025-26,5,44,549067,513
2025-26,6,59,549067,513
2025-26,7,69,549067,513
2025-26,8,77,549067,513
2025-26,9,83,549067,513
2025-26,10,97,549067,513
2025-26,11,107,549067,513
2025-26,12,117,549067,513
2025-26,13,127,549067,513
2025-26,14,140,549067,513
2025-26,15,144,549067,513
2025-26,16,158,549067,513
2025-26,17,165,549067,513
2025-26,18,178,549067,513
2025-26,19,188,549067,513
2025-26,20,191,549067,513
2025-26,21,210,549067,513
2025-26,22,217,549067,513
2025-26,23,223,549067,513
2025-26,24,237,549067,513
2025-26,1,3,549074,172
2025-26,2,16,549074,172
2025-26,3,22,549074,172
2025-26,4,32,549074,172
2025-26,5,43,549074,172
2025-26,6,53,549074,172
2025-26,7,70,549074,172
2025-26,8,71,549074,172
2025-26,9,88,549074,172
2025-26,10,91,549074,172
2025-26,11,104,549074,172
2025-26,12,113,549074,172
2025-26,13,127,549074,172
2025-26,14,133,549074,172
2025-26,15,143,549074,172
2025-26,16,156,549074,172
2025-26,17,163,549074,172
2025-26,18,171,549074,172
2025-26,19,190,549074,172
2025-26,20,193,549074,172
2025-26,21,208,549074,172
2025-26,22,212,549074,172
2025-26,23,227,549074,172
2025-26,24,232,549074,172
2025-26,1,6,549329,195
2025-26,2,14,549329,195
2025-26,3,26,549329,195
2025-26,4,34,549329,195
2025-26,5,44,549329,195
2025-26,6,57,549329,195
2025-26,7,62,549329,195
2025-26,8,72,549329,195
2025-26,9,90,549329,195
2025-26,10,92,549329,195
2025-26,11,110,549329,195
2025-26,12,114,549329,195
2025-26,13,122,549329,195
2025-26,14,134,549329,195
2025-26,15,148,549329,195
2025-26,16,153,549329,195
2025-26,17,162,549329,195
2025-26,18,173,549329,195
2025-26,19,183,549329,195
2025-26,20,193,549329,195
2025-26,21,204,549329,195
2025-26,22,215,549329,195
2025-26,23,224,549329,195
2025-26,24,238,549329,195
2025-26,1,5,549912,553
2025-26,2,14,549912,553
2025-26,3,28,549912,553
2025-26,4,35,549912,553
2025-26,5,48,549912,553
2025-26,6,59,549912,553
2025-26,7,68,549912,553
2025-26,8,78,549912,553
2025-26,9,85,549912,553
2025-26,10,98,549912,553
2025-26,11,108,549912,553
2025-26,12,115,549912,553
2025-26,13,128,549912,553
2025-26,14,137,549912,553
2025-26,15,147,549912,553
2025-26,16,159,549912,553
2025-26,17,163,549912,553
2025-26,18,179,549912,553
2025-26,19,189,549912,553
2025-26,20,199,549912,553
2025-26,21,203,549912,553
2025-26,22,218,549912,553
2025-26,23,230,549912,553
2025-26,24,238,549912,553
2025-26,1,8,549939,222
2025-26,2,20,549939,222
2025-26,3,23,549939,222
2025-26,4,33,549939,222
2025-26,5,47,549939,222
2025-26,6,53,549939,222
2025-26,7,65,549939,222
2025-26,8,77,549939,222
2025-26,9,85,549939,222
2025-26,10,99,549939,222
2025-26,11,103,549939,222
2025-26,12,114,549939,222
2025-26,13,123,549939,222
2025-26,14,136,549939,222
2025-26,15,142,549939,222
2025-26,16,154,549939,222
2025-26,17,168,549939,222
2025-26,18,174,549939,222
2025-26,19,184,549939,222
2025-26,20,197,549939,222
2025-26,21,207,549939,222
2025-26,22,213,549939,222
2025-26,23,225,549939,222
2025-26,24,233,549939,222
2025-26,1,3,550090,144
2025-26,2,16,550090,144
2025-26,3,22,550090,144
2025-26,4,32,550090,144
2025-26,5,43,550090,144
2025-26,6,53,550090,144
2025-26,7,70,550090,144
2025-26,8,71,550090,144
2025-26,9,88,550090,144
2025-26,10,91,550090,144
2025-26,11,104,550090,144
2025-26,12,113,550090,144
2025-26,13,127,550090,144
2025-26,14,133,550090,144
2025-26,15,143,550090,144
2025-26,16,156,550090,144
2025-26,17,163,550090,144
2025-26,18,171,550090,144
2025-26,19,190,550090,144
2025-26,20,193,550090,144
2025-26,21,208,550090,144
2025-26,22,212,550090,144
2025-26,23,227,550090,144
2025-26,24,232,550090,144
2025-26,1,3,550141,176
2025-26,2,16,550141,176
2025-26,3,22,550141,176
2025-26,4,32,550141,176
2025-26,5,43,550141,176
2025-26,6,53,550141,176
2025-26,7,70,550141,176
2025-26,8,71,550141,176
2025-26,9,88,550141,176
2025-26,10,91,550141,176
2025-26,11,104,550141,176
2025-26,12,113,550141,176
2025-26,13,127,550141,176
2025-26,14,133,550141,176
2025-26,15,143,550141,176
2025-26,16,156,550141,176
2025-26,17,163,550141,176
2025-26,18,171,550141,176
2025-26,19,190,550141,176
2025-26,20,193,550141,176
2025-26,21,208,550141,176
2025-26,22,212,550141,176
2025-26,23,227,550141,176
2025-26,24,232,550141,176
2025-26,1,1,550596,94
2025-26,2,12,550596,94
2025-26,3,29,550596,94
2025-26,4,32,550596,94
2025-26,5,42,550596,94
2025-26,6,56,550596,94
2025-26,7,63,550596,94
2025-26,8,73,550596,94
2025-26,9,83,550596,94
2025-26,10,96,550596,94
2025-26,11,101,550596,94
2025-26,12,112,550596,94
2025-26,13,128,550596,94
2025-26,14,132,550596,94
2025-26,15,142,550596,94
2025-26,16,157,550596,94
2025-26,17,162,550596,94
2025-26,18,172,550596,94
2025-26,19,184,550596,94
2025-26,20,192,550596,94
2025-26,21,202,550596,94
2025-26,22,212,550596,94
2025-26,23,222,550596,94
2025-26,24,240,550596,94
2025-26,1,8,550615,243
2025-26,2,20,550615,243
2025-26,3,23,550615,243
2025-26,4,33,550615,243
2025-26,5,47,550615,243
2025-26,6,53,550615,243
2025-26,7,65,550615,243
2025-26,8,77,550615,243
2025-26,9,85,550615,243
2025-26,10,99,550615,243
2025-26,11,103,550615,243
2025-26,12,114,550615,243
2025-26,13,123,550615,243
2025-26,14,136,550615,243
2025-26,15,142,550615,243
2025-26,16,154,550615,243
2025-26,17,168,550615,243
2025-26,18,174,550615,243
2025-26,19,184,550615,243
2025-26,20,197,550615,243
2025-26,21,207,550615,243
2025-26,22,213,550615,243
2025-26,23,225,550615,243
2025-26,24,233,550615,243
2025-26,1,6,550839,588
2025-26,2,18,550839,588
2025-26,3,29,550839,588
2025-26,4,40,550839,588
2025-26,5,43,550839,588
2025-26,6,60,550839,588
2025-26,7,67,550839,588
2025-26,8,79,550839,588
2025-26,9,86,550839,588
2025-26,10,99,550839,588
2025-26,11,109,550839,588
2025-26,12,111,550839,588
2025-26,13,129,550839,588
2025-26,14,139,550839,588
2025-26,15,149,550839,588
2025-26,16,158,550839,588
2025-26,17,169,550839,588
2025-26,18,175,550839,588
2025-26,19,182,550839,588
2025-26,20,199,550839,588
2025-26,21,202,550839,588
2025-26,22,219,550839,588
2025-26,23,224,550839,588
2025-26,24,239,550839,588
2025-26,1,9,550864,444
2025-26,2,17,550864,444
2025-26,3,26,550864,444
2025-26,4,38,550864,444
2025-26,5,47,550864,444
2025-26,6,52,550864,444
2025-26,7,68,550864,444
2025-26,8,75,550864,444
2025-26,9,88,550864,444
2025-26,10,97,550864,444
2025-26,11,109,550864,444
2025-26,12,118,550864,444
2025-26,13,124,550864,444
2025-26,14,138,550864,444
2025-26,15,150,550864,444
2025-26,16,157,550864,444
2025-26,17,161,550864,444
2025-26,18,177,550864,444
2025-26,19,187,550864,444
2025-26,20,196,550864,444
2025-26,21,204,550864,444
2025-26,22,216,550864,444
2025-26,23,221,550864,444
2025-26,24,236,550864,444
2025-26,1,5,551153,563
2025-26,2,14,551153,563
2025-26,3,28,551153,563
2025-26,4,35,551153,563
2025-26,5,48,551153,563
2025-26,6,59,551153,563
2025-26,7,68,551153,563
2025-26,8,78,551153,563
2025-26,9,85,551153,563
2025-26,10,98,551153,563
2025-26,11,108,551153,563
2025-26,12,115,551153,563
2025-26,13,128,551153,563
2025-26,14,137,551153,563
2025-26,15,147,551153,563
2025-26,16,159,551153,563
2025-26,17,163,551153,563
2025-26,18,179,551153,563
2025-26,19,189,551153,563
2025-26,20,199,551153,563
2025-26,21,203,551153,563
2025-26,22,218,551153,563
2025-26,23,230,551153,563
2025-26,24,238,551153,563
2025-26,1,6,551206,213
2025-26,2,14,551206,213
2025-26,3,26,551206,213
2025-26,4,34,551206,213
2025-26,5,44,551206,213
2025-26,6,57,551206,213
2025-26,7,62,551206,213
2025-26,8,72,551206,213
2025-26,9,90,551206,213
2025-26,10,92,551206,213
2025-26,11,110,551206,213
2025-26,12,114,551206,213
2025-26,13,122,551206,213
2025-26,14,134,551206,213
2025-26,15,148,551206,213
2025-26,16,153,551206,213
2025-26,17,162,551206,213
2025-26,18,173,551206,213
2025-26,19,183,551206,213
2025-26,20,193,551206,213
2025-26,21,204,551206,213
2025-26,22,215,551206,213
2025-26,23,224,551206,213
2025-26,24,238,551206,213
2025-26,1,8,551210,672
2025-26,2,20,551210,672
2025-26,3,23,551210,672
2025-26,4,33,551210,672
2025-26,5,47,551210,672
2025-26,6,53,551210,672
2025-26,7,65,551210,672
2025-26,8,77,551210,672
2025-26,9,85,551210,672
2025-26,10,99,551210,672
2025-26,11,103,551210,672
2025-26,12,114,551210,672
2025-26,13,123,551210,672
2025-26,14,136,551210,672
2025-26,15,142,551210,672
2025-26,16,154,551210,672
2025-26,17,168,551210,672
2025-26,18,174,551210,672
2025-26,19,184,551210,672
2025-26,20,197,551210,672
2025-26,21,207,551210,672
2025-26,22,213,551210,672
2025-26,23,225,551210,672
2025-26,24,233,551210,672
2025-26,1,9,551221,4
2025-26,2,11,551221,4
2025-26,3,25,551221,4
2025-26,4,31,551221,4
2025-26,5,41,551221,4
2025-26,6,58,551221,4
2025-26,7,61,551221,4
2025-26,8,74,551221,4
2025-26,9,81,551221,4
2025-26,10,92,551221,4
2025-26,11,108,551221,4
2025-26,12,111,551221,4
2025-26,13,123,551221,4
2025-26,14,131,551221,4
2025-26,15,141,551221,4
2025-26,16,151,551221,4
2025-26,17,164,551221,4
2025-26,18,171,551221,4
2025-26,19,181,551221,4
2025-26,20,192,551221,4
2025-26,21,201,551221,4
2025-26,22,217,551221,4
2025-26,23,221,551221,4
2025-26,24,234,551221,4
2025-26,3,27,551226,708
2025-26,4,40,551226,708
2025-26,5,49,551226,708
2025-26,6,55,551226,708
2025-26,7,61,551226,708
2025-26,8,80,551226,708
2025-26,9,87,551226,708
2025-26,10,100,551226,708
2025-26,11,110,551226,708
2025-26,12,112,551226,708
2025-26,13,130,551226,708
2025-26,14,138,551226,708
2025-26,15,143,551226,708
2025-26,16,160,551226,708
2025-26,17,167,551226,708
2025-26,18,180,551226,708
2025-26,19,190,551226,708
2025-26,20,200,551226,708
2025-26,21,210,551226,708
2025-26,22,219,551226,708
2025-26,23,230,551226,708
2025-26,24,233,551226,708
2025-26,4,32,551483,713
2025-26,5,42,551483,713
2025-26,6,56,551483,713
2025-26,7,63,551483,713
2025-26,8,73,551483,713
2025-26,9,83,551483,713
2025-26,10,96,551483,713
2025-26,11,101,551483,713
2025-26,12,112,551483,713
2025-26,13,128,551483,713
2025-26,14,132,551483,713
2025-26,15,142,551483,713
2025-26,16,157,551483,713
2025-26,17,162,551483,713
2025-26,18,172,551483,713
2025-26,19,184,551483,713
2025-26,20,192,551483,713
2025-26,21,202,551483,713
2025-26,22,212,551483,713
2025-26,23,222,551483,713
2025-26,24,240,551483,713
2025-26,1,6,552427,598
2025-26,2,18,552427,598
2025-26,3,29,552427,598
2025-26,4,40,552427,598
2025-26,5,43,552427,598
2025-26,6,60,552427,598
2025-26,7,67,552427,598
2025-26,8,79,552427,598
2025-26,9,86,552427,598
2025-26,10,99,552427,598
2025-26,11,109,552427,598
2025-26,12,111,552427,598
2025-26,13,129,552427,598
2025-26,14,139,552427,598
2025-26,15,149,552427,598
2025-26,16,158,552427,598
2025-26,17,169,552427,598
2025-26,18,175,552427,598
2025-26,19,182,552427,598
2025-26,20,199,552427,598
2025-26,21,202,552427,598
2025-26,22,219,552427,598
2025-26,23,224,552427,598
2025-26,24,239,552427,598
2025-26,1,6,553299,577
2025-26,2,18,553299,577
2025-26,3,29,553299,577
2025-26,4,40,553299,577
2025-26,5,43,553299,577
2025-26,6,60,553299,577
2025-26,7,67,553299,577
2025-26,8,79,553299,577
2025-26,9,86,553299,577
2025-26,10,99,553299,577
2025-26,11,109,553299,577
2025-26,12,111,553299,577
2025-26,13,129,553299,577
2025-26,14,139,553299,577
2025-26,15,149,553299,577
2025-26,16,158,553299,577
2025-26,17,169,553299,577
2025-26,18,175,553299,577
2025-26,19,182,553299,577
2025-26,20,199,553299,577
2025-26,21,202,553299,577
2025-26,22,219,553299,577
2025-26,23,224,553299,577
2025-26,24,239,553299,577
2025-26,17,168,553746,765
2025-26,18,177,553746,765
2025-26,19,183,553746,765
2025-26,20,198,553746,765
2025-26,21,209,553746,765
2025-26,22,220,553746,765
2025-26,23,229,553746,765
2025-26,24,235,553746,765
2025-26,1,5,554197,551
2025-26,2,14,554197,551
2025-26,3,28,554197,551
2025-26,4,35,554197,551
2025-26,5,48,554197,551
2025-26,6,59,554197,551
2025-26,7,68,554197,551
2025-26,8,78,554197,551
2025-26,9,85,554197,551
2025-26,10,98,554197,551
2025-26,11,108,554197,551
2025-26,12,115,554197,551
2025-26,13,128,554197,551
2025-26,14,137,554197,551
2025-26,15,147,554197,551
2025-26,16,159,554197,551
2025-26,17,163,554197,551
2025-26,18,179,554197,551
2025-26,19,189,554197,551
2025-26,20,199,554197,551
2025-26,21,203,554197,551
2025-26,22,218,554197,551
2025-26,23,230,554197,551
2025-26,24,238,554197,551
2025-26,8,71,556637,744
2025-26,9,88,556637,744
2025-26,10,91,556637,744
2025-26,11,104,556637,744
2025-26,12,113,556637,744
2025-26,13,127,556637,744
2025-26,14,133,556637,744
2025-26,15,143,556637,744
2025-26,16,156,556637,744
2025-26,17,163,556637,744
2025-26,18,171,556637,744
2025-26,19,190,556637,744
2025-26,20,193,556637,744
2025-26,21,208,556637,744
2025-26,22,212,556637,744
2025-26,23,227,556637,744
2025-26,24,232,556637,744
2025-26,1,9,556639,461
2025-26,2,17,556639,461
2025-26,3,26,556639,461
2025-26,4,38,556639,461
2025-26,5,47,556639,461
2025-26,6,52,556639,461
2025-26,7,68,556639,461
2025-26,8,75,556639,461
2025-26,9,88,556639,461
2025-26,10,97,556639,461
2025-26,11,109,556639,461
2025-26,12,118,556639,461
2025-26,13,124,556639,461
2025-26,14,138,556639,461
2025-26,15,150,556639,461
2025-26,16,157,556639,461
2025-26,17,161,556639,461
2025-26,18,177,556639,461
2025-26,19,187,556639,461
2025-26,20,196,556639,461
2025-26,21,204,556639,461
2025-26,22,216,556639,461
2025-26,23,221,556639,461
2025-26,24,236,556639,461
2025-26,24,231,559610,810
2025-26,1,9,559684,464
2025-26,2,17,559684,464
2025-26,3,26,559684,464
2025-26,4,38,559684,464
2025-26,5,47,559684,464
2025-26,6,52,559684,464
2025-26,7,68,559684,464
2025-26,8,75,559684,464
2025-26,9,88,559684,464
2025-26,10,97,559684,464
2025-26,11,109,559684,464
2025-26,12,118,559684,464
2025-26,13,124,559684,464
2025-26,14,138,559684,464
2025-26,15,150,559684,464
2025-26,16,157,559684,464
2025-26,17,161,559684,464
2025-26,18,177,559684,464
2025-26,19,187,559684,464
2025-26,20,196,559684,464
2025-26,21,204,559684,464
2025-26,22,216,559684,464
2025-26,23,221,559684,464
2025-26,24,236,559684,464
2025-26,1,2,559962,62
2025-26,2,13,559962,62
2025-26,3,21,559962,62
2025-26,4,36,559962,62
2025-26,5,48,559962,62
2025-26,6,51,559962,62
2025-26,7,62,559962,62
2025-26,8,79,559962,62
2025-26,9,82,559962,62
2025-26,10,95,559962,62
2025-26,11,101,559962,62
2025-26,12,116,559962,62
2025-26,13,121,559962,62
2025-26,14,133,559962,62
2025-26,15,141,559962,62
2025-26,16,160,559962,62
2025-26,17,161,559962,62
2025-26,18,174,559962,62
2025-26,19,181,559962,62
2025-26,20,191,559962,62
2025-26,21,205,559962,62
2025-26,22,211,559962,62
2025-26,23,229,559962,62
2025-26,24,231,559962,62
2025-26,1,7,560248,639
2025-26,2,12,560248,639
2025-26,3,30,560248,639
2025-26,4,39,560248,639
2025-26,5,50,560248,639
2025-26,6,60,560248,639
2025-26,7,70,560248,639
2025-26,8,78,560248,639
2025-26,9,90,560248,639
2025-26,10,94,560248,639
2025-26,11,103,560248,639
2025-26,12,120,560248,639
2025-26,13,121,560248,639
2025-26,14,140,560248,639
2025-26,15,150,560248,639
2025-26,16,151,560248,639
2025-26,17,170,560248,639
2025-26,18,176,560248,639
2025-26,19,187,560248,639
2025-26,20,200,560248,639
2025-26,21,206,560248,639
2025-26,22,220,560248,639
2025-26,23,228,560248,639
2025-26,24,240,560248,639
2025-26,1,1,560262,100
2025-26,2,12,560262,100
2025-26,3,29,560262,100
2025-26,4,32,560262,100
2025-26,5,42,560262,100
2025-26,6,56,560262,100
2025-26,7,63,560262,100
2025-26,8,73,560262,100
2025-26,9,83,560262,100
2025-26,10,96,560262,100
2025-26,11,101,560262,100
2025-26,12,112,560262,100
2025-26,13,128,560262,100
2025-26,14,132,560262,100
2025-26,15,142,560262,100
2025-26,16,157,560262,100
2025-26,17,162,560262,100
2025-26,18,172,560262,100
2025-26,19,184,560262,100
2025-26,20,192,560262,100
2025-26,21,202,560262,100
2025-26,22,212,560262,100
2025-26,23,222,560262,100
2025-26,24,240,560262,100
2025-26,4,31,560441,729
2025-26,5,44,560441,729
2025-26,6,59,560441,729
2025-26,7,69,560441,729
2025-26,8,77,560441,729
2025-26,9,83,560441,729
2025-26,10,97,560441,729
2025-26,11,107,560441,729
2025-26,12,117,560441,729
2025-26,13,127,560441,729
2025-26,14,140,560441,729
2025-26,15,144,560441,729
2025-26,16,158,560441,729
2025-26,17,165,560441,729
2025-26,18,178,560441,729
2025-26,19,188,560441,729
2025-26,20,191,560441,729
2025-26,21,210,560441,729
2025-26,22,217,560441,729
2025-26,23,223,560441,729
2025-26,24,237,560441,729
2025-26,4,37,560552,731
2025-26,5,45,560552,731
2025-26,6,51,560552,731
2025-26,7,63,560552,731
2025-26,8,74,560552,731
2025-26,9,89,560552,731
2025-26,10,94,560552,731
2025-26,11,105,560552,731
2025-26,12,115,560552,731
2025-26,13,129,560552,731
2025-26,14,135,560552,731
2025-26,15,145,560552,731
2025-26,16,153,560552,731
2025-26,17,165,560552,731
2025-26,18,180,560552,731
2025-26,19,185,560552,731
2025-26,20,195,560552,731
2025-26,21,207,560552,731
2025-26,22,214,560552,731
2025-26,23,227,560552,731
2025-26,24,236,560552,731
2025-26,1,9,563324,13
2025-26,2,11,563324,13
2025-26,3,25,563324,13
2025-26,4,31,563324,13
2025-26,5,41,563324,13
2025-26,6,58,563324,13
2025-26,7,61,563324,13
2025-26,8,74,563324,13
2025-26,9,81,563324,13
2025-26,10,92,563324,13
2025-26,11,108,563324,13
2025-26,12,111,563324,13
2025-26,13,123,563324,13
2025-26,14,131,563324,13
2025-26,15,141,563324,13
2025-26,16,151,563324,13
2025-26,17,164,563324,13
2025-26,18,171,563324,13
2025-26,19,181,563324,13
2025-26,20,192,563324,13
2025-26,21,201,563324,13
2025-26,22,217,563324,13
2025-26,23,221,563324,13
2025-26,24,234,563324,13
2025-26,1,5,564406,561
2025-26,2,14,564406,561
2025-26,3,28,564406,561
2025-26,4,35,564406,561
2025-26,5,48,564406,561
2025-26,6,59,564406,561
2025-26,7,68,564406,561
2025-26,8,78,564406,561
2025-26,9,85,564406,561
2025-26,10,98,564406,561
2025-26,11,108,564406,561
2025-26,12,115,564406,561
2025-26,13,128,564406,561
2025-26,14,137,564406,561
2025-26,15,147,564406,561
2025-26,16,159,564406,561
2025-26,17,163,564406,561
2025-26,18,179,564406,561
2025-26,19,189,564406,561
2025-26,20,199,564406,561
2025-26,21,203,564406,561
2025-26,22,218,564406,561
2025-26,23,230,564406,561
2025-26,24,238,564406,561
2025-26,2,13,564505,703
2025-26,3,21,564505,703
2025-26,4,36,564505,703
2025-26,5,48,564505,703
2025-26,6,51,564505,703
2025-26,7,62,564505,703
2025-26,8,79,564505,703
2025-26,9,82,564505,703
2025-26,10,95,564505,703
2025-26,11,101,564505,703
2025-26,12,116,564505,703
2025-26,13,121,564505,703
2025-26,14,133,564505,703
2025-26,15,141,564505,703
2025-26,16,160,564505,703
2025-26,17,161,564505,703
2025-26,18,174,564505,703
2025-26,19,181,564505,703
2025-26,20,191,564505,703
2025-26,21,205,564505,703
2025-26,22,211,564505,703
2025-26,23,229,564505,703
2025-26,24,231,564505,703
2025-26,1,2,564510,496
2025-26,2,19,564510,496
2025-26,3,24,564510,496
2025-26,4,39,564510,496
2025-26,5,42,564510,496
2025-26,6,58,564510,496
2025-26,7,69,564510,496
2025-26,8,71,564510,496
2025-26,9,89,564510,496
2025-26,10,100,564510,496
2025-26,11,102,564510,496
2025-26,12,119,564510,496
2025-26,13,125,564510,496
2025-26,14,139,564510,496
2025-26,15,148,564510,496
2025-26,16,159,564510,496
2025-26,17,168,564510,496
2025-26,18,177,564510,496
2025-26,19,183,564510,496
2025-26,20,198,564510,496
2025-26,21,209,564510,496
2025-26,22,220,564510,496
2025-26,23,229,564510,496
2025-26,24,235,564510,496
2025-26,4,40,564940,718
2025-26,5,49,564940,718
2025-26,6,55,564940,718
2025-26,7,61,564940,718
2025-26,8,80,564940,718
2025-26,9,87,564940,718
2025-26,10,100,564940,718
2025-26,11,110,564940,718
2025-26,12,112,564940,718
2025-26,13,130,564940,718
2025-26,14,138,564940,718
2025-26,15,143,564940,718
2025-26,16,160,564940,718
2025-26,17,167,564940,718
2025-26,18,180,564940,718
2025-26,19,190,564940,718
2025-26,20,200,564940,718
2025-26,21,210,564940,718
2025-26,22,219,564940,718
2025-26,23,230,564940,718
2025-26,24,233,564940,718
2025-26,1,10,565297,364
2025-26,2,11,565297,364
2025-26,3,24,565297,364
2025-26,4,37,565297,364
2025-26,5,50,565297,364
2025-26,6,56,565297,364
2025-26,7,67,565297,364
2025-26,8,72,565297,364
2025-26,9,87,565297,364
2025-26,10,91,565297,364
2025-26,11,107,565297,364
2025-26,12,116,565297,364
2025-26,13,126,565297,364
2025-26,14,136,565297,364
2025-26,15,146,565297,364
2025-26,16,152,565297,364
2025-26,17,166,565297,364
2025-26,18,179,565297,364
2025-26,19,186,565297,364
2025-26,20,196,565297,364
2025-26,21,209,565297,364
2025-26,22,214,565297,364
2025-26,23,226,565297,364
2025-26,24,234,565297,364
2025-26,1,5,565431,626
2025-26,2,20,565431,626
2025-26,3,27,565431,626
2025-26,4,40,565431,626
2025-26,5,49,565431,626
2025-26,6,55,565431,626
2025-26,7,61,565431,626
2025-26,8,80,565431,626
2025-26,9,87,565431,626
2025-26,10,100,565431,626
2025-26,11,110,565431,626
2025-26,12,112,565431,626
2025-26,13,130,565431,626
2025-26,14,138,565431,626
2025-26,15,143,565431,626
2025-26,16,160,565431,626
2025-26,17,167,565431,626
2025-26,18,180,565431,626
2025-26,19,190,565431,626
2025-26,20,200,565431,626
2025-26,21,210,565431,626
2025-26,22,219,565431,626
2025-26,23,230,565431,626
2025-26,24,233,565431,626
2025-26,20,196,565863,787
2025-26,21,209,565863,787
2025-26,22,214,565863,787
2025-26,23,226,565863,787
2025-26,24,234,565863,787
2025-26,1,7,566164,428
2025-26,2,18,566164,428
2025-26,3,22,566164,428
2025-26,4,38,566164,428
2025-26,5,41,566164,428
2025-26,6,57,566164,428
2025-26,7,64,566164,428
2025-26,8,76,566164,428
2025-26,9,82,566164,428
2025-26,10,96,566164,428
2025-26,11,106,566164,428
2025-26,12,119,566164,428
2025-26,13,126,566164,428
2025-26,14,135,566164,428
2025-26,15,147,566164,428
2025-26,16,155,566164,428
2025-26,17,167,566164,428
2025-26,18,178,566164,428
2025-26,19,189,566164,428
2025-26,20,197,566164,428
2025-26,21,208,566164,428
2025-26,22,216,566164,428
2025-26,23,228,566164,428
2025-26,24,239,566164,428
2025-26,4,38,566213,740
2025-26,5,41,566213,740
2025-26,6,57,566213,740
2025-26,7,64,566213,740
2025-26,8,76,566213,740
2025-26,9,82,566213,740
2025-26,10,96,566213,740
2025-26,11,106,566213,740
2025-26,12,119,566213,740
2025-26,13,126,566213,740
2025-26,14,135,566213,740
2025-26,15,147,566213,740
2025-26,16,155,566213,740
2025-26,17,167,566213,740
2025-26,18,178,566213,740
2025-26,19,189,566213,740
2025-26,20,197,566213,740
2025-26,21,208,566213,740
2025-26,22,216,566213,740
2025-26,23,228,566213,740
2025-26,24,239,566213,740
2025-26,1,3,567121,175
2025-26,2,16,567121,175
2025-26,3,22,567121,175
2025-26,4,32,567121,175
2025-26,5,43,567121,175
2025-26,6,53,567121,175
2025-26,7,70,567121,175
2025-26,8,71,567121,175
2025-26,9,88,567121,175
2025-26,10,91,567121,175
2025-26,11,104,567121,175
2025-26,12,113,567121,175
2025-26,13,127,567121,175
2025-26,14,133,567121,175
2025-26,15,143,567121,175
2025-26,16,156,567121,175
2025-26,17,163,567121,175
2025-26,18,171,567121,175
2025-26,19,190,567121,175
2025-26,20,193,567121,175
2025-26,21,208,567121,175
2025-26,22,212,567121,175
2025-26,23,227,567121,175
2025-26,24,232,567121,175
2025-26,1,1,568791,69
2025-26,2,12,568791,69
2025-26,3,29,568791,69
2025-26,4,32,568791,69
2025-26,5,42,568791,69
2025-26,6,56,568791,69
2025-26,7,63,568791,69
2025-26,8,73,568791,69
2025-26,9,83,568791,69
2025-26,10,96,568791,69
2025-26,11,101,568791,69
2025-26,12,112,568791,69
2025-26,13,128,568791,69
2025-26,14,132,568791,69
2025-26,15,142,568791,69
2025-26,16,157,568791,69
2025-26,17,162,568791,69
2025-26,18,172,568791,69
2025-26,19,184,568791,69
2025-26,20,192,568791,69
2025-26,21,202,568791,69
2025-26,22,212,568791,69
2025-26,23,222,568791,69
2025-26,24,240,568791,69
2025-26,1,4,569014,523
2025-26,2,15,569014,523
2025-26,3,27,569014,523
2025-26,4,31,569014,523
2025-26,5,44,569014,523
2025-26,6,59,569014,523
2025-26,7,69,569014,523
2025-26,8,77,569014,523
2025-26,9,83,569014,523
2025-26,10,97,569014,523
2025-26,11,107,569014,523
2025-26,12,117,569014,523
2025-26,13,127,569014,523
2025-26,14,140,569014,523
2025-26,15,144,569014,523
2025-26,16,158,569014,523
2025-26,17,165,569014,523
2025-26,18,178,569014,523
2025-26,19,188,569014,523
2025-26,20,191,569014,523
2025-26,21,210,569014,523
2025-26,22,217,569014,523
2025-26,23,223,569014,523
2025-26,24,237,569014,523
2025-26,2,13,569577,701
2025-26,3,21,569577,701
2025-26,4,36,569577,701
2025-26,5,48,569577,701
2025-26,6,51,569577,701
2025-26,7,62,569577,701
2025-26,8,79,569577,701
2025-26,9,82,569577,701
2025-26,10,95,569577,701
2025-26,11,101,569577,701
2025-26,12,116,569577,701
2025-26,13,121,569577,701
2025-26,14,133,569577,701
2025-26,15,141,569577,701
2025-26,16,160,569577,701
2025-26,17,161,569577,701
2025-26,18,174,569577,701
2025-26,19,181,569577,701
2025-26,20,191,569577,701
2025-26,21,205,569577,701
2025-26,22,211,569577,701
2025-26,23,229,569577,701
2025-26,24,231,569577,701
2025-26,1,4,570241,117
2025-26,2,13,570241,117
2025-26,3,28,570241,117
2025-26,4,33,570241,117
2025-26,5,45,570241,117
2025-26,6,52,570241,117
2025-26,7,64,570241,117
2025-26,8,80,570241,117
2025-26,9,84,570241,117
2025-26,10,93,570241,117
2025-26,11,102,570241,117
2025-26,12,113,570241,117
2025-26,13,122,570241,117
2025-26,14,131,570241,117
2025-26,15,149,570241,117
2025-26,16,152,570241,117
2025-26,17,170,570241,117
2025-26,18,172,570241,117
2025-26,19,182,570241,117
2025-26,20,194,570241,117
2025-26,21,203,570241,117
2025-26,22,213,570241,117
2025-26,23,223,570241,117
2025-26,24,231,570241,117
2025-26,1,6,570526,586
2025-26,2,18,570526,586
2025-26,3,29,570526,586
2025-26,4,40,570526,586
2025-26,5,43,570526,586
2025-26,6,60,570526,586
2025-26,7,67,570526,586
2025-26,8,79,570526,586
2025-26,9,86,570526,586
2025-26,10,99,570526,586
2025-26,11,109,570526,586
2025-26,12,111,570526,586
2025-26,13,129,570526,586
2025-26,14,139,570526,586
2025-26,15,149,570526,586
2025-26,16,158,570526,586
2025-26,17,169,570526,586
2025-26,18,175,570526,586
2025-26,19,182,570526,586
2025-26,20,199,570526,586
2025-26,21,202,570526,586
2025-26,22,219,570526,586
2025-26,23,224,570526,586
2025-26,24,239,570526,586
2025-26,23,230,572702,802
2025-26,24,233,572702,802
2025-26,1,3,573062,333
2025-26,2,17,573062,333
2025-26,3,23,573062,333
2025-26,4,37,573062,333
2025-26,5,45,573062,333
2025-26,6,51,573062,333
2025-26,7,63,573062,333
2025-26,8,74,573062,333
2025-26,9,89,573062,333
2025-26,10,94,573062,333
2025-26,11,105,573062,333
2025-26,12,115,573062,333
2025-26,13,129,573062,333
2025-26,14,135,573062,333
2025-26,15,145,573062,333
2025-26,16,153,573062,333
2025-26,17,165,573062,333
2025-26,18,180,573062,333
2025-26,19,185,573062,333
2025-26,20,195,573062,333
2025-26,21,207,573062,333
2025-26,22,214,573062,333
2025-26,23,227,573062,333
2025-26,24,236,573062,333
2025-26,1,8,574398,282
2025-26,2,15,574398,282
2025-26,3,21,574398,282
2025-26,4,35,574398,282
2025-26,5,49,574398,282
2025-26,6,54,574398,282
2025-26,7,66,574398,282
2025-26,8,73,574398,282
2025-26,9,81,574398,282
2025-26,10,93,574398,282
2025-26,11,104,574398,282
2025-26,12,120,574398,282
2025-26,13,124,574398,282
2025-26,14,134,574398,282
2025-26,15,145,574398,282
2025-26,16,155,574398,282
2025-26,17,166,574398,282
2025-26,18,175,574398,282
2025-26,19,185,574398,282
2025-26,20,198,574398,282
2025-26,21,205,574398,282
2025-26,22,218,574398,282
2025-26,23,225,574398,282
2025-26,24,237,574398,282
2025-26,1,8,574458,231
2025-26,2,20,574458,231
2025-26,3,23,574458,231
2025-26,4,33,574458,231
2025-26,5,47,574458,231
2025-26,6,53,574458,231
2025-26,7,65,574458,231
2025-26,8,77,574458,231
2025-26,9,85,574458,231
2025-26,10,99,574458,231
2025-26,11,103,574458,231
2025-26,12,114,574458,231
2025-26,13,123,574458,231
2025-26,14,136,574458,231
2025-26,15,142,574458,231
2025-26,16,154,574458,231
2025-26,17,168,574458,231
2025-26,18,174,574458,231
2025-26,19,184,574458,231
2025-26,20,197,574458,231
2025-26,21,207,574458,231
2025-26,22,213,574458,231
2025-26,23,225,574458,231
2025-26,24,233,574458,231
2025-26,1,9,575034,468
2025-26,2,17,575034,468
2025-26,3,26,575034,468
2025-26,4,38,575034,468
2025-26,5,47,575034,468
2025-26,6,52,575034,468
2025-26,7,68,575034,468
2025-26,8,75,575034,468
2025-26,9,88,575034,468
2025-26,10,97,575034,468
2025-26,11,109,575034,468
2025-26,12,118,575034,468
2025-26,13,124,575034,468
2025-26,14,138,575034,468
2025-26,15,150,575034,468
2025-26,16,157,575034,468
2025-26,17,161,575034,468
2025-26,18,177,575034,468
2025-26,19,187,575034,468
2025-26,20,196,575034,468
2025-26,21,204,575034,468
2025-26,22,216,575034,468
2025-26,23,221,575034,468
2025-26,24,236,575034,468
2025-26,1,7,575204,425
2025-26,2,18,575204,425
2025-26,3,22,575204,425
2025-26,4,38,575204,425
2025-26,5,41,575204,425
2025-26,6,57,575204,425
2025-26,7,64,575204,425
2025-26,8,76,575204,425
2025-26,9,82,575204,425
2025-26,10,96,575204,425
2025-26,11,106,575204,425
2025-26,12,119,575204,425
2025-26,13,126,575204,425
2025-26,14,135,575204,425
2025-26,15,147,575204,425
2025-26,16,155,575204,425
2025-26,17,167,575204,425
2025-26,18,178,575204,425
2025-26,19,189,575204,425
2025-26,20,197,575204,425
2025-26,21,208,575204,425
2025-26,22,216,575204,425
2025-26,23,228,575204,425
2025-26,24,239,575204,425
2025-26,1,4,575458,510
2025-26,2,15,575458,510
2025-26,3,27,575458,510
2025-26,4,31,575458,510
2025-26,5,44,575458,510
2025-26,6,59,575458,510
2025-26,7,69,575458,510
2025-26,8,77,575458,510
2025-26,9,83,575458,510
2025-26,10,97,575458,510
2025-26,11,107,575458,510
2025-26,12,117,575458,510
2025-26,13,127,575458,510
2025-26,14,140,575458,510
2025-26,15,144,575458,510
2025-26,16,158,575458,510
2025-26,17,165,575458,510
2025-26,18,178,575458,510
2025-26,19,188,575458,510
2025-26,20,191,575458,510
2025-26,21,210,575458,510
2025-26,22,217,575458,510
2025-26,23,223,575458,510
2025-26,24,237,575458,510
2025-26,1,4,575476,506
2025-26,2,15,575476,506
2025-26,3,27,575476,506
2025-26,4,31,575476,506
2025-26,5,44,575476,506
2025-26,6,59,575476,506
2025-26,7,69,575476,506
2025-26,8,77,575476,506
2025-26,9,83,575476,506
2025-26,10,97,575476,506
2025-26,11,107,575476,506
2025-26,12,117,575476,506
2025-26,13,127,575476,506
2025-26,14,140,575476,506
2025-26,15,144,575476,506
2025-26,16,158,575476,506
2025-26,17,165,575476,506
2025-26,18,178,575476,506
2025-26,19,188,575476,506
2025-26,20,191,575476,506
2025-26,21,210,575476,506
2025-26,22,217,575476,506
2025-26,23,223,575476,506
2025-26,24,237,575476,506
2025-26,1,1,575901,80
2025-26,2,12,575901,80
2025-26,3,29,575901,80
2025-26,4,32,575901,80
2025-26,5,42,575901,80
2025-26,6,56,575901,80
2025-26,7,63,575901,80
2025-26,8,73,575901,80
2025-26,9,83,575901,80
2025-26,10,96,575901,80
2025-26,11,101,575901,80
2025-26,12,112,575901,80
2025-26,13,128,575901,80
2025-26,14,132,575901,80
2025-26,15,142,575901,80
2025-26,16,157,575901,80
2025-26,17,162,575901,80
2025-26,18,172,575901,80
2025-26,19,184,575901,80
2025-26,20,192,575901,80
2025-26,21,202,575901,80
2025-26,22,212,575901,80
2025-26,23,222,575901,80
2025-26,24,240,575901,80
2025-26,1,6,576323,212
2025-26,2,14,576323,212
2025-26,3,26,576323,212
2025-26,4,34,576323,212
2025-26,5,44,576323,212
2025-26,6,57,576323,212
2025-26,7,62,576323,212
2025-26,8,72,576323,212
2025-26,9,90,576323,212
2025-26,10,92,576323,212
2025-26,11,110,576323,212
2025-26,12,114,576323,212
2025-26,13,122,576323,212
2025-26,14,134,576323,212
2025-26,15,148,576323,212
2025-26,16,153,576323,212
2025-26,17,162,576323,212
2025-26,18,173,576323,212
2025-26,19,183,576323,212
2025-26,20,193,576323,212
2025-26,21,204,576323,212
2025-26,22,215,576323,212
2025-26,23,224,576323,212
2025-26,24,238,576323,212
2025-26,17,161,576620,769
2025-26,18,177,576620,769
2025-26,19,187,576620,769
2025-26,20,196,576620,769
2025-26,21,204,576620,769
2025-26,22,216,576620,769
2025-26,23,221,576620,769
2025-26,24,236,576620,769
2025-26,12,118,576628,755
2025-26,13,124,576628,755
2025-26,14,138,576628,755
2025-26,15,150,576628,755
2025-26,16,157,576628,755
2025-26,17,161,576628,755
2025-26,18,177,576628,755
2025-26,19,187,576628,755
2025-26,20,196,576628,755
2025-26,21,204,576628,755
2025-26,22,216,576628,755
2025-26,23,221,576628,755
2025-26,24,236,576628,755
2025-26,20,196,576637,788
2025-26,21,204,576637,788
2025-26,22,216,576637,788
2025-26,23,221,576637,788
2025-26,24,236,576637,788
2025-26,1,2,576756,65
2025-26,2,13,576756,65
2025-26,3,21,576756,65
2025-26,4,36,576756,65
2025-26,5,48,576756,65
2025-26,6,51,576756,65
2025-26,7,62,576756,65
2025-26,8,79,576756,65
2025-26,9,82,576756,65
2025-26,10,95,576756,65
2025-26,11,101,576756,65
2025-26,12,116,576756,65
2025-26,13,121,576756,65
2025-26,14,133,576756,65
2025-26,15,141,576756,65
2025-26,16,160,576756,65
2025-26,17,161,576756,65
2025-26,18,174,576756,65
2025-26,19,181,576756,65
2025-26,20,191,576756,65
2025-26,21,205,576756,65
2025-26,22,211,576756,65
2025-26,23,229,576756,65
2025-26,24,231,576756,65
2025-26,1,8,576980,286
2025-26,2,15,576980,286
2025-26,3,21,576980,286
2025-26,4,35,576980,286
2025-26,5,49,576980,286
2025-26,6,54,576980,286
2025-26,7,66,576980,286
2025-26,8,73,576980,286
2025-26,9,81,576980,286
2025-26,10,93,576980,286
2025-26,11,104,576980,286
2025-26,12,120,576980,286
2025-26,13,124,576980,286
2025-26,14,134,576980,286
2025-26,15,145,576980,286
2025-26,16,155,576980,286
2025-26,17,166,576980,286
2025-26,18,175,576980,286
2025-26,19,185,576980,286
2025-26,20,198,576980,286
2025-26,21,205,576980,286
2025-26,22,218,576980,286
2025-26,23,225,576980,286
2025-26,24,237,576980,286
2025-26,1,8,577016,233
2025-26,2,20,577016,233
2025-26,3,23,577016,233
2025-26,4,33,577016,233
2025-26,5,47,577016,233
2025-26,6,53,577016,233
2025-26,7,65,577016,233
2025-26,8,77,577016,233
2025-26,9,85,577016,233
2025-26,10,99,577016,233
2025-26,11,103,577016,233
2025-26,12,114,577016,233
2025-26,13,123,577016,233
2025-26,14,136,577016,233
2025-26,15,142,577016,233
2025-26,16,154,577016,233
2025-26,17,168,577016,233
2025-26,18,174,577016,233
2025-26,19,184,577016,233
2025-26,20,197,577016,233
2025-26,21,207,577016,233
2025-26,22,213,577016,233
2025-26,23,225,577016,233
2025-26,24,233,577016,233
2025-26,1,5,577114,619
2025-26,2,20,577114,619
2025-26,3,27,577114,619
2025-26,4,40,577114,619
2025-26,5,49,577114,619
2025-26,6,55,577114,619
2025-26,7,61,577114,619
2025-26,8,80,577114,619
2025-26,9,87,577114,619
2025-26,10,100,577114,619
2025-26,11,110,577114,619
2025-26,12,112,577114,619
2025-26,13,130,577114,619
2025-26,14,138,577114,619
2025-26,15,143,577114,619
2025-26,16,160,577114,619
2025-26,17,167,577114,619
2025-26,18,180,577114,619
2025-26,19,190,577114,619
2025-26,20,200,577114,619
2025-26,21,210,577114,619
2025-26,22,219,577114,619
2025-26,23,230,577114,619
2025-26,24,233,577114,619
2025-26,12,116,577285,754
2025-26,13,121,577285,754
2025-26,14,133,577285,754
2025-26,15,141,577285,754
2025-26,16,160,577285,754
2025-26,17,161,577285,754
2025-26,18,174,577285,754
2025-26,19,181,577285,754
2025-26,20,191,577285,754
2025-26,21,205,577285,754
2025-26,22,211,577285,754
2025-26,23,229,577285,754
2025-26,24,231,577285,754
2025-26,1,5,577669,552
2025-26,2,14,577669,552
2025-26,3,28,577669,552
2025-26,4,35,577669,552
2025-26,5,48,577669,552
2025-26,6,59,577669,552
2025-26,7,68,577669,552
2025-26,8,78,577669,552
2025-26,9,85,577669,552
2025-26,10,98,577669,552
2025-26,11,108,577669,552
2025-26,12,115,577669,552
2025-26,13,128,577669,552
2025-26,14,137,577669,552
2025-26,15,147,577669,552
2025-26,16,159,577669,552
2025-26,17,163,577669,552
2025-26,18,179,577669,552
2025-26,19,189,577669,552
2025-26,20,199,577669,552
2025-26,21,203,577669,552
2025-26,22,218,577669,552
2025-26,23,230,577669,552
2025-26,24,238,577669,552
2025-26,1,3,577725,335
2025-26,2,17,577725,335
2025-26,3,23,577725,335
2025-26,4,37,577725,335
2025-26,5,45,577725,335
2025-26,6,51,577725,335
2025-26,7,63,577725,335
2025-26,8,74,577725,335
2025-26,9,89,577725,335
2025-26,10,94,577725,335
2025-26,11,105,577725,335
2025-26,12,115,577725,335
2025-26,13,129,577725,335
2025-26,14,135,577725,335
2025-26,15,145,577725,335
2025-26,16,153,577725,335
2025-26,17,165,577725,335
2025-26,18,180,577725,335
2025-26,19,185,577725,335
2025-26,20,195,577725,335
2025-26,21,207,577725,335
2025-26,22,214,577725,335
2025-26,23,227,577725,335
2025-26,24,236,577725,335
2025-26,1,2,577731,60
2025-26,2,13,577731,60
2025-26,3,21,577731,60
2025-26,4,36,577731,60
2025-26,5,48,577731,60
2025-26,6,51,577731,60
2025-26,7,62,577731,60
2025-26,8,79,577731,60
2025-26,9,82,577731,60
2025-26,10,95,577731,60
2025-26,11,101,577731,60
2025-26,12,116,577731,60
2025-26,13,121,577731,60
2025-26,14,133,577731,60
2025-26,15,141,577731,60
2025-26,16,160,577731,60
2025-26,17,161,577731,60
2025-26,18,174,577731,60
2025-26,19,181,577731,60
2025-26,20,191,577731,60
2025-26,21,205,577731,60
2025-26,22,211,577731,60
2025-26,23,229,577731,60
2025-26,24,231,577731,60
2025-26,1,9,577974,445
2025-26,2,17,577974,445
2025-26,3,26,577974,445
2025-26,4,38,577974,445
2025-26,5,47,577974,445
2025-26,6,52,577974,445
2025-26,7,68,577974,445
2025-26,8,75,577974,445
2025-26,9,88,577974,445
2025-26,10,97,577974,445
2025-26,11,109,577974,445
2025-26,12,118,577974,445
2025-26,13,124,577974,445
2025-26,14,138,577974,445
2025-26,15,150,577974,445
2025-26,16,157,577974,445
2025-26,17,161,577974,445
2025-26,18,177,577974,445
2025-26,19,187,577974,445
2025-26,20,196,577974,445
2025-26,21,204,577974,445
2025-26,22,216,577974,445
2025-26,23,221,577974,445
2025-26,24,236,577974,445
2025-26,1,7,578153,406
2025-26,2,18,578153,406
2025-26,3,22,578153,406
2025-26,4,38,578153,406
2025-26,5,41,578153,406
2025-26,6,57,578153,406
2025-26,7,64,578153,406
2025-26,8,76,578153,406
2025-26,9,82,578153,406
2025-26,10,96,578153,406
2025-26,11,106,578153,406
2025-26,12,119,578153,406
2025-26,13,126,578153,406
2025-26,14,135,578153,406
2025-26,15,147,578153,406
2025-26,16,155,578153,406
2025-26,17,167,578153,406
2025-26,18,178,578153,406
2025-26,19,189,578153,406
2025-26,20,197,578153,406
2025-26,21,208,578153,406
2025-26,22,216,578153,406
2025-26,23,228,578153,406
2025-26,24,239,578153,406
2025-26,1,2,578512,483
2025-26,2,19,578512,483
2025-26,3,24,578512,483
2025-26,4,39,578512,483
2025-26,5,42,578512,483
2025-26,6,58,578512,483
2025-26,7,69,578512,483
2025-26,8,71,578512,483
2025-26,9,89,578512,483
2025-26,10,100,578512,483
2025-26,11,102,578512,483
2025-26,12,119,578512,483
2025-26,13,125,578512,483
2025-26,14,139,578512,483
2025-26,15,148,578512,483
2025-26,16,159,578512,483
2025-26,17,168,578512,483
2025-26,18,177,578512,483
2025-26,19,183,578512,483
2025-26,20,198,578512,483
2025-26,21,209,578512,483
2025-26,22,220,578512,483
2025-26,23,229,578512,483
2025-26,24,235,578512,483
2025-26,1,6,578614,203
2025-26,2,14,578614,203
2025-26,3,26,578614,203
2025-26,4,34,578614,203
2025-26,5,44,578614,203
2025-26,6,57,578614,203
2025-26,7,62,578614,203
2025-26,8,72,578614,203
2025-26,9,90,578614,203
2025-26,10,92,578614,203
2025-26,11,110,578614,203
2025-26,12,114,578614,203
2025-26,13,122,578614,203
2025-26,14,134,578614,203
2025-26,15,148,578614,203
2025-26,16,153,578614,203
2025-26,17,162,578614,203
2025-26,18,173,578614,203
2025-26,19,183,578614,203
2025-26,20,193,578614,203
2025-26,21,204,578614,203
2025-26,22,215,578614,203
2025-26,23,224,578614,203
2025-26,24,238,578614,203
2025-26,1,8,579075,274
2025-26,2,15,579075,274
2025-26,3,21,579075,274
2025-26,4,35,579075,274
2025-26,5,49,579075,274
2025-26,6,54,579075,274
2025-26,7,66,579075,274
2025-26,8,73,579075,274
2025-26,9,81,579075,274
2025-26,10,93,579075,274
2025-26,11,104,579075,274
2025-26,12,120,579075,274
2025-26,13,124,579075,274
2025-26,14,134,579075,274
2025-26,15,145,579075,274
2025-26,16,155,579075,274
2025-26,17,166,579075,274
2025-26,18,175,579075,274
2025-26,19,185,579075,274
2025-26,20,198,579075,274
2025-26,21,205,579075,274
2025-26,22,218,579075,274
2025-26,23,225,579075,274
2025-26,24,237,579075,274
2025-26,17,167,580921,764
2025-26,18,178,580921,764
2025-26,19,189,580921,764
2025-26,20,197,580921,764
2025-26,21,208,580921,764
2025-26,22,216,580921,764
2025-26,23,228,580921,764
2025-26,24,239,580921,764
2025-26,1,1,586268,368
2025-26,2,19,586268,368
2025-26,3,25,586268,368
2025-26,4,34,586268,368
2025-26,5,46,586268,368
2025-26,6,54,586268,368
2025-26,7,65,586268,368
2025-26,8,75,586268,368
2025-26,9,84,586268,368
2025-26,10,95,586268,368
2025-26,11,106,586268,368
2025-26,12,117,586268,368
2025-26,13,130,586268,368
2025-26,14,137,586268,368
2025-26,15,146,586268,368
2025-26,16,156,586268,368
2025-26,17,169,586268,368
2025-26,18,176,586268,368
2025-26,19,186,586268,368
2025-26,20,195,586268,368
2025-26,21,201,586268,368
2025-26,22,215,586268,368
2025-26,23,222,586268,368
2025-26,24,235,586268,368
2025-26,1,10,586309,310
2025-26,2,16,586309,310
2025-26,3,30,586309,310
2025-26,4,36,586309,310
2025-26,5,46,586309,310
2025-26,6,55,586309,310
2025-26,7,66,586309,310
2025-26,8,76,586309,310
2025-26,9,86,586309,310
2025-26,10,98,586309,310
2025-26,11,105,586309,310
2025-26,12,118,586309,310
2025-26,13,125,586309,310
2025-26,14,132,586309,310
2025-26,15,144,586309,310
2025-26,16,154,586309,310
2025-26,17,164,586309,310
2025-26,18,173,586309,310
2025-26,19,188,586309,310
2025-26,20,194,586309,310
2025-26,21,206,586309,310
2025-26,22,211,586309,310
2025-26,23,226,586309,310
2025-26,24,232,586309,310
2025-26,1,2,587178,46
2025-26,2,13,587178,46
2025-26,3,21,587178,46
2025-26,4,36,587178,46
2025-26,5,48,587178,46
2025-26,6,51,587178,46
2025-26,7,62,587178,46
2025-26,8,79,587178,46
2025-26,9,82,587178,46
2025-26,10,95,587178,46
2025-26,11,101,587178,46
2025-26,12,116,587178,46
2025-26,13,121,587178,46
2025-26,14,133,587178,46
2025-26,15,141,587178,46
2025-26,16,160,587178,46
2025-26,17,161,587178,46
2025-26,18,174,587178,46
2025-26,19,181,587178,46
2025-26,20,191,587178,46
2025-26,21,205,587178,46
2025-26,22,211,587178,46
2025-26,23,229,587178,46
2025-26,24,231,587178,46
2025-26,1,9,588555,433
2025-26,2,17,588555,433
2025-26,3,26,588555,433
2025-26,4,38,588555,433
2025-26,5,47,588555,433
2025-26,6,52,588555,433
2025-26,7,68,588555,433
2025-26,8,75,588555,433
2025-26,9,88,588555,433
2025-26,10,97,588555,433
2025-26,11,109,588555,433
2025-26,12,118,588555,433
2025-26,13,124,588555,433
2025-26,14,138,588555,433
2025-26,15,150,588555,433
2025-26,16,157,588555,433
2025-26,17,161,588555,433
2025-26,18,177,588555,433
2025-26,19,187,588555,433
2025-26,20,196,588555,433
2025-26,21,204,588555,433
2025-26,22,216,588555,433
2025-26,23,221,588555,433
2025-26,24,236,588555,433
2025-26,1,9,588793,14
2025-26,2,11,588793,14
2025-26,3,25,588793,14
2025-26,4,31,588793,14
2025-26,5,41,588793,14
2025-26,6,58,588793,14
2025-26,7,61,588793,14
2025-26,8,74,588793,14
2025-26,9,81,588793,14
2025-26,10,92,588793,14
2025-26,11,108,588793,14
2025-26,12,111,588793,14
2025-26,13,123,588793,14
2025-26,14,131,588793,14
2025-26,15,141,588793,14
2025-26,16,151,588793,14
2025-26,17,164,588793,14
2025-26,18,171,588793,14
2025-26,19,181,588793,14
2025-26,20,192,588793,14
2025-26,21,201,588793,14
2025-26,22,217,588793,14
2025-26,23,221,588793,14
2025-26,24,234,588793,14
2025-26,1,9,588796,28
2025-26,2,11,588796,28
2025-26,3,25,588796,28
2025-26,4,31,588796,28
2025-26,5,41,588796,28
2025-26,6,58,588796,28
2025-26,7,61,588796,28
2025-26,8,74,588796,28
2025-26,9,81,588796,28
2025-26,10,92,588796,28
2025-26,11,108,588796,28
2025-26,12,111,588796,28
2025-26,13,123,588796,28
2025-26,14,131,588796,28
2025-26,15,141,588796,28
2025-26,16,151,588796,28
2025-26,17,164,588796,28
2025-26,18,171,588796,28
2025-26,19,181,588796,28
2025-26,20,192,588796,28
2025-26,21,201,588796,28
2025-26,22,217,588796,28
2025-26,23,221,588796,28
2025-26,24,234,588796,28
2025-26,1,3,589100,155
2025-26,2,16,589100,155
2025-26,3,22,589100,155
2025-26,4,32,589100,155
2025-26,5,43,589100,155
2025-26,6,53,589100,155
2025-26,7,70,589100,155
2025-26,8,71,589100,155
2025-26,9,88,589100,155
2025-26,10,91,589100,155
2025-26,11,104,589100,155
2025-26,12,113,589100,155
2025-26,13,127,589100,155
2025-26,14,133,589100,155
2025-26,15,143,589100,155
2025-26,16,156,589100,155
2025-26,17,163,589100,155
2025-26,18,171,589100,155
2025-26,19,190,589100,155
2025-26,20,193,589100,155
2025-26,21,208,589100,155
2025-26,22,212,589100,155
2025-26,23,227,589100,155
2025-26,24,232,589100,155
2025-26,19,187,589121,778
2025-26,20,200,589121,778
2025-26,21,206,589121,778
2025-26,22,220,589121,778
2025-26,23,228,589121,778
2025-26,24,240,589121,778
2025-26,1,7,589507,657
2025-26,2,12,589507,657
2025-26,3,30,589507,657
2025-26,4,39,589507,657
2025-26,5,50,589507,657
2025-26,6,60,589507,657
2025-26,7,70,589507,657
2025-26,8,78,589507,657
2025-26,9,90,589507,657
2025-26,10,94,589507,657
2025-26,11,103,589507,657
2025-26,12,120,589507,657
2025-26,13,121,589507,657
2025-26,14,140,589507,657
2025-26,15,150,589507,657
2025-26,16,151,589507,657
2025-26,17,170,589507,657
2025-26,18,176,589507,657
2025-26,19,187,589507,657
2025-26,20,200,589507,657
2025-26,21,206,589507,657
2025-26,22,220,589507,657
2025-26,23,228,589507,657
2025-26,24,240,589507,657
2025-26,1,8,590012,265
2025-26,2,15,590012,265
2025-26,3,21,590012,265
2025-26,4,35,590012,265
2025-26,5,49,590012,265
2025-26,6,54,590012,265
2025-26,7,66,590012,265
2025-26,8,73,590012,265
2025-26,9,81,590012,265
2025-26,10,93,590012,265
2025-26,11,104,590012,265
2025-26,12,120,590012,265
2025-26,13,124,590012,265
2025-26,14,134,590012,265
2025-26,15,145,590012,265
2025-26,16,155,590012,265
2025-26,17,166,590012,265
2025-26,18,175,590012,265
2025-26,19,185,590012,265
2025-26,20,198,590012,265
2025-26,21,205,590012,265
2025-26,22,218,590012,265
2025-26,23,225,590012,265
2025-26,24,237,590012,265
2025-26,1,8,590014,690
2025-26,2,15,590014,690
2025-26,3,21,590014,690
2025-26,4,35,590014,690
2025-26,5,49,590014,690
2025-26,6,54,590014,690
2025-26,7,66,590014,690
2025-26,8,73,590014,690
2025-26,9,81,590014,690
2025-26,10,93,590014,690
2025-26,11,104,590014,690
2025-26,12,120,590014,690
2025-26,13,124,590014,690
2025-26,14,134,590014,690
2025-26,15,145,590014,690
2025-26,16,155,590014,690
2025-26,17,166,590014,690
2025-26,18,175,590014,690
2025-26,19,185,590014,690
2025-26,20,198,590014,690
2025-26,21,205,590014,690
2025-26,22,218,590014,690
2025-26,23,225,590014,690
2025-26,24,237,590014,690
2025-26,11,109,590035,751
2025-26,12,111,590035,751
2025-26,13,129,590035,751
2025-26,14,139,590035,751
2025-26,15,149,590035,751
2025-26,16,158,590035,751
2025-26,17,169,590035,751
2025-26,18,175,590035,751
2025-26,19,182,590035,751
2025-26,20,199,590035,751
2025-26,21,202,590035,751
2025-26,22,219,590035,751
2025-26,23,224,590035,751
2025-26,24,239,590035,751
2025-26,4,38,590039,739
2025-26,5,41,590039,739
2025-26,6,57,590039,739
2025-26,7,64,590039,739
2025-26,8,76,590039,739
2025-26,9,82,590039,739
2025-26,10,96,590039,739
2025-26,11,106,590039,739
2025-26,12,119,590039,739
2025-26,13,126,590039,739
2025-26,14,135,590039,739
2025-26,15,147,590039,739
2025-26,16,155,590039,739
2025-26,17,167,590039,739
2025-26,18,178,590039,739
2025-26,19,189,590039,739
2025-26,20,197,590039,739
2025-26,21,208,590039,739
2025-26,22,216,590039,739
2025-26,23,228,590039,739
2025-26,24,239,590039,739
2025-26,1,1,590760,99
2025-26,2,12,590760,99
2025-26,3,29,590760,99
2025-26,4,32,590760,99
2025-26,5,42,590760,99
2025-26,6,56,590760,99
2025-26,7,63,590760,99
2025-26,8,73,590760,99
2025-26,9,83,590760,99
2025-26,10,96,590760,99
2025-26,11,101,590760,99
2025-26,12,112,590760,99
2025-26,13,128,590760,99
2025-26,14,132,590760,99
2025-26,15,142,590760,99
2025-26,16,157,590760,99
2025-26,17,162,590760,99
2025-26,18,172,590760,99
2025-26,19,184,590760,99
2025-26,20,192,590760,99
2025-26,21,202,590760,99
2025-26,22,212,590760,99
2025-26,23,222,590760,99
2025-26,24,240,590760,99
2025-26,1,4,591357,134
2025-26,2,13,591357,134
2025-26,3,28,591357,134
2025-26,4,33,591357,134
2025-26,5,45,591357,134
2025-26,6,52,591357,134
2025-26,7,64,591357,134
2025-26,8,80,591357,134
2025-26,9,84,591357,134
2025-26,10,93,591357,134
2025-26,11,102,591357,134
2025-26,12,113,591357,134
2025-26,13,122,591357,134
2025-26,14,131,591357,134
2025-26,15,149,591357,134
2025-26,16,152,591357,134
2025-26,17,170,591357,134
2025-26,18,172,591357,134
2025-26,19,182,591357,134
2025-26,20,194,591357,134
2025-26,21,203,591357,134
2025-26,22,213,591357,134
2025-26,23,223,591357,134
2025-26,24,231,591357,134
2025-26,21,205,591384,793
2025-26,22,218,591384,793
2025-26,23,225,591384,793
2025-26,24,237,591384,793
2025-26,1,3,591385,323
2025-26,2,17,591385,323
2025-26,3,23,591385,323
2025-26,4,37,591385,323
2025-26,5,45,591385,323
2025-26,6,51,591385,323
2025-26,7,63,591385,323
2025-26,8,74,591385,323
2025-26,9,89,591385,323
2025-26,10,94,591385,323
2025-26,11,105,591385,323
2025-26,12,115,591385,323
2025-26,13,129,591385,323
2025-26,14,135,591385,323
2025-26,15,145,591385,323
2025-26,16,153,591385,323
2025-26,17,165,591385,323
2025-26,18,180,591385,323
2025-26,19,185,591385,323
2025-26,20,195,591385,323
2025-26,21,207,591385,323
2025-26,22,214,591385,323
2025-26,23,227,591385,323
2025-26,24,236,591385,323
2025-26,1,1,591386,396
2025-26,2,19,591386,396
2025-26,3,25,591386,396
2025-26,4,34,591386,396
2025-26,5,46,591386,396
2025-26,6,54,591386,396
2025-26,7,65,591386,396
2025-26,8,75,591386,396
2025-26,9,84,591386,396
2025-26,10,95,591386,396
2025-26,11,106,591386,396
2025-26,12,117,591386,396
2025-26,13,130,591386,396
2025-26,14,137,591386,396
2025-26,15,146,591386,396
2025-26,16,156,591386,396
2025-26,17,169,591386,396
2025-26,18,176,591386,396
2025-26,19,186,591386,396
2025-26,20,195,591386,396
2025-26,21,201,591386,396
2025-26,22,215,591386,396
2025-26,23,222,591386,396
2025-26,24,235,591386,396
2025-26,1,3,592031,160
2025-26,2,16,592031,160
2025-26,3,22,592031,160
2025-26,4,32,592031,160
2025-26,5,43,592031,160
2025-26,6,53,592031,160
2025-26,7,70,592031,160
2025-26,8,71,592031,160
2025-26,9,88,592031,160
2025-26,10,91,592031,160
2025-26,11,104,592031,160
2025-26,12,113,592031,160
2025-26,13,127,592031,160
2025-26,14,133,592031,160
2025-26,15,143,592031,160
2025-26,16,156,592031,160
2025-26,17,163,592031,160
2025-26,18,171,592031,160
2025-26,19,190,592031,160
2025-26,20,193,592031,160
2025-26,21,208,592031,160
2025-26,22,212,592031,160
2025-26,23,227,592031,160
2025-26,24,232,592031,160
2025-26,1,7,593001,652
2025-26,2,12,593001,652
2025-26,3,30,593001,652
2025-26,4,39,593001,652
2025-26,5,50,593001,652
2025-26,6,60,593001,652
2025-26,7,70,593001,652
2025-26,8,78,593001,652
2025-26,9,90,593001,652
2025-26,10,94,593001,652
2025-26,11,103,593001,652
2025-26,12,120,593001,652
2025-26,13,121,593001,652
2025-26,14,140,593001,652
2025-26,15,150,593001,652
2025-26,16,151,593001,652
2025-26,17,170,593001,652
2025-26,18,176,593001,652
2025-26,19,187,593001,652
2025-26,20,200,593001,652
2025-26,21,206,593001,652
2025-26,22,220,593001,652
2025-26,23,228,593001,652
2025-26,24,240,593001,652
2025-26,22,213,593174,797
2025-26,23,223,593174,797
2025-26,24,231,593174,797
2025-26,9,84,596042,746
2025-26,10,95,596042,746
2025-26,11,106,596042,746
2025-26,12,117,596042,746
2025-26,13,130,596042,746
2025-26,14,137,596042,746
2025-26,15,146,596042,746
2025-26,16,156,596042,746
2025-26,17,169,596042,746
2025-26,18,176,596042,746
2025-26,19,186,596042,746
2025-26,20,195,596042,746
2025-26,21,201,596042,746
2025-26,22,215,596042,746
2025-26,23,222,596042,746
2025-26,24,235,596042,746
2025-26,1,9,596047,467
2025-26,2,17,596047,467
2025-26,3,26,596047,467
2025-26,4,38,596047,467
2025-26,5,47,596047,467
2025-26,6,52,596047,467
2025-26,7,68,596047,467
2025-26,8,75,596047,467
2025-26,9,88,596047,467
2025-26,10,97,596047,467
2025-26,11,109,596047,467
2025-26,12,118,596047,467
2025-26,13,124,596047,467
2025-26,14,138,596047,467
2025-26,15,150,596047,467
2025-26,16,157,596047,467
2025-26,17,161,596047,467
2025-26,18,177,596047,467
2025-26,19,187,596047,467
2025-26,20,196,596047,467
2025-26,21,204,596047,467
2025-26,22,216,596047,467
2025-26,23,221,596047,467
2025-26,24,236,596047,467
2025-26,1,7,596054,651
2025-26,2,12,596054,651
2025-26,3,30,596054,651
2025-26,4,39,596054,651
2025-26,5,50,596054,651
2025-26,6,60,596054,651
2025-26,7,70,596054,651
2025-26,8,78,596054,651
2025-26,9,90,596054,651
2025-26,10,94,596054,651
2025-26,11,103,596054,651
2025-26,12,120,596054,651
2025-26,13,121,596054,651
2025-26,14,140,596054,651
2025-26,15,150,596054,651
2025-26,16,151,596054,651
2025-26,17,170,596054,651
2025-26,18,176,596054,651
2025-26,19,187,596054,651
2025-26,20,200,596054,651
2025-26,21,206,596054,651
2025-26,22,220,596054,651
2025-26,23,228,596054,651
2025-26,24,240,596054,651
2025-26,1,9,596777,441
2025-26,2,17,596777,441
2025-26,3,26,596777,441
2025-26,4,38,596777,441
2025-26,5,47,596777,441
2025-26,6,52,596777,441
2025-26,7,68,596777,441
2025-26,8,75,596777,441
2025-26,9,88,596777,441
2025-26,10,97,596777,441
2025-26,11,109,596777,441
2025-26,12,118,596777,441
2025-26,13,124,596777,441
2025-26,14,138,596777,441
2025-26,15,150,596777,441
2025-26,16,157,596777,441
2025-26,17,161,596777,441
2025-26,18,177,596777,441
2025-26,19,187,596777,441
2025-26,20,196,596777,441
2025-26,21,204,596777,441
2025-26,22,216,596777,441
2025-26,23,221,596777,441
2025-26,24,236,596777,441
2025-26,21,208,597320,795
2025-26,22,212,597320,795
2025-26,23,227,597320,795
2025-26,24,232,597320,795
2025-26,1,2,599303,501
2025-26,2,19,599303,501
2025-26,3,24,599303,501
2025-26,4,39,599303,501
2025-26,5,42,599303,501
2025-26,6,58,599303,501
2025-26,7,69,599303,501
2025-26,8,71,599303,501
2025-26,9,89,599303,501
2025-26,10,100,599303,501
2025-26,11,102,599303,501
2025-26,12,119,599303,501
2025-26,13,125,599303,501
2025-26,14,139,599303,501
2025-26,15,148,599303,501
2025-26,16,159,599303,501
2025-26,17,168,599303,501
2025-26,18,177,599303,501
2025-26,19,183,599303,501
2025-26,20,198,599303,501
2025-26,21,209,599303,501
2025-26,22,220,599303,501
2025-26,23,229,599303,501
2025-26,24,235,599303,501
2025-26,5,50,600882,741
2025-26,6,56,600882,741
2025-26,7,67,600882,741
2025-26,8,72,600882,741
2025-26,9,87,600882,741
2025-26,10,91,600882,741
2025-26,11,107,600882,741
2025-26,12,116,600882,741
2025-26,13,126,600882,741
2025-26,14,136,600882,741
2025-26,15,146,600882,741
2025-26,16,152,600882,741
2025-26,17,166,600882,741
2025-26,18,179,600882,741
2025-26,19,186,600882,741
2025-26,20,196,600882,741
2025-26,21,209,600882,741
2025-26,22,214,600882,741
2025-26,23,226,600882,741
2025-26,24,234,600882,741
2025-26,17,170,601956,766
2025-26,18,176,601956,766
2025-26,19,187,601956,766
2025-26,20,200,601956,766
2025-26,21,206,601956,766
2025-26,22,220,601956,766
2025-26,23,228,601956,766
2025-26,24,240,601956,766
2025-26,10,100,602903,747
2025-26,11,110,602903,747
2025-26,12,112,602903,747
2025-26,13,130,602903,747
2025-26,14,138,602903,747
2025-26,15,143,602903,747
2025-26,16,160,602903,747
2025-26,17,167,602903,747
2025-26,18,180,602903,747
2025-26,19,190,602903,747
2025-26,20,200,602903,747
2025-26,21,210,602903,747
2025-26,22,219,602903,747
2025-26,23,230,602903,747
2025-26,24,233,602903,747
2025-26,18,179,604211,775
2025-26,19,189,604211,775
2025-26,20,199,604211,775
2025-26,21,203,604211,775
2025-26,22,218,604211,775
2025-26,23,230,604211,775
2025-26,24,238,604211,775
2025-26,17,163,604988,761
2025-26,18,171,604988,761
2025-26,19,190,604988,761
2025-26,20,193,604988,761
2025-26,21,208,604988,761
2025-26,22,212,604988,761
2025-26,23,227,604988,761
2025-26,24,232,604988,761
2025-26,17,170,605319,767
2025-26,18,176,605319,767
2025-26,19,187,605319,767
2025-26,20,200,605319,767
2025-26,21,206,605319,767
2025-26,22,220,605319,767
2025-26,23,228,605319,767
2025-26,24,240,605319,767
2025-26,1,4,606689,130
2025-26,2,13,606689,130
2025-26,3,28,606689,130
2025-26,4,33,606689,130
2025-26,5,45,606689,130
2025-26,6,52,606689,130
2025-26,7,64,606689,130
2025-26,8,80,606689,130
2025-26,9,84,606689,130
2025-26,10,93,606689,130
2025-26,11,102,606689,130
2025-26,12,113,606689,130
2025-26,13,122,606689,130
2025-26,14,131,606689,130
2025-26,15,149,606689,130
2025-26,16,152,606689,130
2025-26,17,170,606689,130
2025-26,18,172,606689,130
2025-26,19,182,606689,130
2025-26,20,194,606689,130
2025-26,21,203,606689,130
2025-26,22,213,606689,130
2025-26,23,223,606689,130
2025-26,24,231,606689,130
2025-26,1,9,606745,447
2025-26,2,17,606745,447
2025-26,3,26,606745,447
2025-26,4,38,606745,447
2025-26,5,47,606745,447
2025-26,6,52,606745,447
2025-26,7,68,606745,447
2025-26,8,75,606745,447
2025-26,9,88,606745,447
2025-26,10,97,606745,447
2025-26,11,109,606745,447
2025-26,12,118,606745,447
2025-26,13,124,606745,447
2025-26,14,138,606745,447
2025-26,15,150,606745,447
2025-26,16,157,606745,447
2025-26,17,161,606745,447
2025-26,18,177,606745,447
2025-26,19,187,606745,447
2025-26,20,196,606745,447
2025-26,21,204,606745,447
2025-26,22,216,606745,447
2025-26,23,221,606745,447
2025-26,24,236,606745,447
2025-26,1,1,606774,687
2025-26,2,12,606774,687
2025-26,3,29,606774,687
2025-26,4,32,606774,687
2025-26,5,42,606774,687
2025-26,6,56,606774,687
2025-26,7,63,606774,687
2025-26,8,73,606774,687
2025-26,9,83,606774,687
2025-26,10,96,606774,687
2025-26,11,101,606774,687
2025-26,12,112,606774,687
2025-26,13,128,606774,687
2025-26,14,132,606774,687
2025-26,15,142,606774,687
2025-26,16,157,606774,687
2025-26,17,162,606774,687
2025-26,18,172,606774,687
2025-26,19,184,606774,687
2025-26,20,192,606774,687
2025-26,21,202,606774,687
2025-26,22,212,606774,687
2025-26,23,222,606774,687
2025-26,24,240,606774,687
2025-26,1,1,606775,96
2025-26,2,12,606775,96
2025-26,3,29,606775,96
2025-26,4,32,606775,96
2025-26,5,42,606775,96
2025-26,6,56,606775,96
2025-26,7,63,606775,96
2025-26,8,73,606775,96
2025-26,9,83,606775,96
2025-26,10,96,606775,96
2025-26,11,101,606775,96
2025-26,12,112,606775,96
2025-26,13,128,606775,96
2025-26,14,132,606775,96
2025-26,15,142,606775,96
2025-26,16,157,606775,96
2025-26,17,162,606775,96
2025-26,18,172,606775,96
2025-26,19,184,606775,96
2025-26,20,192,606775,96
2025-26,21,202,606775,96
2025-26,22,212,606775,96
2025-26,23,222,606775,96
2025-26,24,240,606775,96
2025-26,1,2,606798,42
2025-26,2,13,606798,42
2025-26,3,21,606798,42
2025-26,4,36,606798,42
2025-26,5,48,606798,42
2025-26,6,51,606798,42
2025-26,7,62,606798,42
2025-26,8,79,606798,42
2025-26,9,82,606798,42
2025-26,10,95,606798,42
2025-26,11,101,606798,42
2025-26,12,116,606798,42
2025-26,13,121,606798,42
2025-26,14,133,606798,42
2025-26,15,141,606798,42
2025-26,16,160,606798,42
2025-26,17,161,606798,42
2025-26,18,174,606798,42
2025-26,19,181,606798,42
2025-26,20,191,606798,42
2025-26,21,205,606798,42
2025-26,22,211,606798,42
2025-26,23,229,606798,42
2025-26,24,231,606798,42
2025-26,1,8,606921,269
2025-26,2,15,606921,269
2025-26,3,21,606921,269
2025-26,4,35,606921,269
2025-26,5,49,606921,269
2025-26,6,54,606921,269
2025-26,7,66,606921,269
2025-26,8,73,606921,269
2025-26,9,81,606921,269
2025-26,10,93,606921,269
2025-26,11,104,606921,269
2025-26,12,120,606921,269
2025-26,13,124,606921,269
2025-26,14,134,606921,269
2025-26,15,145,606921,269
2025-26,16,155,606921,269
2025-26,17,166,606921,269
2025-26,18,175,606921,269
2025-26,19,185,606921,269
2025-26,20,198,606921,269
2025-26,21,205,606921,269
2025-26,22,218,606921,269
2025-26,23,225,606921,269
2025-26,24,237,606921,269
2025-26,1,4,607464,110
2025-26,2,13,607464,110
2025-26,3,28,607464,110
2025-26,4,33,607464,110
2025-26,5,45,607464,110
2025-26,6,52,607464,110
2025-26,7,64,607464,110
2025-26,8,80,607464,110
2025-26,9,84,607464,110
2025-26,10,93,607464,110
2025-26,11,102,607464,110
2025-26,12,113,607464,110
2025-26,13,122,607464,110
2025-26,14,131,607464,110
2025-26,15,149,607464,110
2025-26,16,152,607464,110
2025-26,17,170,607464,110
2025-26,18,172,607464,110
2025-26,19,182,607464,110
2025-26,20,194,607464,110
2025-26,21,203,607464,110
2025-26,22,213,607464,110
2025-26,23,223,607464,110
2025-26,24,231,607464,110
2025-26,1,3,608181,180
2025-26,2,16,608181,180
2025-26,3,22,608181,180
2025-26,4,32,608181,180
2025-26,5,43,608181,180
2025-26,6,53,608181,180
2025-26,7,70,608181,180
2025-26,8,71,608181,180
2025-26,9,88,608181,180
2025-26,10,91,608181,180
2025-26,11,104,608181,180
2025-26,12,113,608181,180
2025-26,13,127,608181,180
2025-26,14,133,608181,180
2025-26,15,143,608181,180
2025-26,16,156,608181,180
2025-26,17,163,608181,180
2025-26,18,171,608181,180
2025-26,19,190,608181,180
2025-26,20,193,608181,180
2025-26,21,208,608181,180
2025-26,22,212,608181,180
2025-26,23,227,608181,180
2025-26,24,232,608181,180
2025-26,1,10,609873,305
2025-26,2,16,609873,305
2025-26,3,30,609873,305
2025-26,4,36,609873,305
2025-26,5,46,609873,305
2025-26,6,55,609873,305
2025-26,7,66,609873,305
2025-26,8,76,609873,305
2025-26,9,86,609873,305
2025-26,10,98,609873,305
2025-26,11,105,609873,305
2025-26,12,118,609873,305
2025-26,13,125,609873,305
2025-26,14,132,609873,305
2025-26,15,144,609873,305
2025-26,16,154,609873,305
2025-26,17,164,609873,305
2025-26,18,173,609873,305
2025-26,19,188,609873,305
2025-26,20,194,609873,305
2025-26,21,206,609873,305
2025-26,22,211,609873,305
2025-26,23,226,609873,305
2025-26,24,232,609873,305
2025-26,1,6,610799,578
2025-26,2,18,610799,578
2025-26,3,29,610799,578
2025-26,4,40,610799,578
2025-26,5,43,610799,578
2025-26,6,60,610799,578
2025-26,7,67,610799,578
2025-26,8,79,610799,578
2025-26,9,86,610799,578
2025-26,10,99,610799,578
2025-26,11,109,610799,578
2025-26,12,111,610799,578
2025-26,13,129,610799,578
2025-26,14,139,610799,578
2025-26,15,149,610799,578
2025-26,16,158,610799,578
2025-26,17,169,610799,578
2025-26,18,175,610799,578
2025-26,19,182,610799,578
2025-26,20,199,610799,578
2025-26,21,202,610799,578
2025-26,22,219,610799,578
2025-26,23,224,610799,578
2025-26,24,239,610799,578
2025-26,1,8,611134,248
2025-26,2,20,611134,248
2025-26,3,23,611134,248
2025-26,4,33,611134,248
2025-26,5,47,611134,248
2025-26,6,53,611134,248
2025-26,7,65,611134,248
2025-26,8,77,611134,248
2025-26,9,85,611134,248
2025-26,10,99,611134,248
2025-26,11,103,611134,248
2025-26,12,114,611134,248
2025-26,13,123,611134,248
2025-26,14,136,611134,248
2025-26,15,142,611134,248
2025-26,16,154,611134,248
2025-26,17,168,611134,248
2025-26,18,174,611134,248
2025-26,19,184,611134,248
2025-26,20,197,611134,248
2025-26,21,207,611134,248
2025-26,22,213,611134,248
2025-26,23,225,611134,248
2025-26,24,233,611134,248
2025-26,1,3,611695,174
2025-26,2,16,611695,174
2025-26,3,22,611695,174
2025-26,4,32,611695,174
2025-26,5,43,611695,174
2025-26,6,53,611695,174
2025-26,7,70,611695,174
2025-26,8,71,611695,174
2025-26,9,88,611695,174
2025-26,10,91,611695,174
2025-26,11,104,611695,174
2025-26,12,113,611695,174
2025-26,13,127,611695,174
2025-26,14,133,611695,174
2025-26,15,143,611695,174
2025-26,16,156,611695,174
2025-26,17,163,611695,174
2025-26,18,171,611695,174
2025-26,19,190,611695,174
2025-26,20,193,611695,174
2025-26,21,208,611695,174
2025-26,22,212,611695,174
2025-26,23,227,611695,174
2025-26,24,232,611695,174
2025-26,7,65,611912,743
2025-26,8,77,611912,743
2025-26,9,85,611912,743
2025-26,10,99,611912,743
2025-26,11,103,611912,743
2025-26,12,114,611912,743
2025-26,13,123,611912,743
2025-26,14,136,611912,743
2025-26,15,142,611912,743
2025-26,16,154,611912,743
2025-26,17,168,611912,743
2025-26,18,174,611912,743
2025-26,19,184,611912,743
2025-26,20,197,611912,743
2025-26,21,207,611912,743
2025-26,22,213,611912,743
2025-26,23,225,611912,743
2025-26,24,233,611912,743
2025-26,20,199,611917,790
2025-26,21,202,611917,790
2025-26,22,219,611917,790
2025-26,23,224,611917,790
2025-26,24,239,611917,790
2025-26,1,1,611922,686
2025-26,2,19,611922,686
2025-26,3,25,611922,686
2025-26,4,34,611922,686
2025-26,5,46,611922,686
2025-26,6,54,611922,686
2025-26,7,65,611922,686
2025-26,8,75,611922,686
2025-26,9,84,611922,686
2025-26,10,95,611922,686
2025-26,11,106,611922,686
2025-26,12,117,611922,686
2025-26,13,130,611922,686
2025-26,14,137,611922,686
2025-26,15,146,611922,686
2025-26,16,156,611922,686
2025-26,17,169,611922,686
2025-26,18,176,611922,686
2025-26,19,186,611922,686
2025-26,20,195,611922,686
2025-26,21,201,611922,686
2025-26,22,215,611922,686
2025-26,23,222,611922,686
2025-26,24,235,611922,686
2025-26,1,1,611926,378
2025-26,2,19,611926,378
2025-26,3,25,611926,378
2025-26,4,34,611926,378
2025-26,5,46,611926,378
2025-26,6,54,611926,378
2025-26,7,65,611926,378
2025-26,8,75,611926,378
2025-26,9,84,611926,378
2025-26,10,95,611926,378
2025-26,11,106,611926,378
2025-26,12,117,611926,378
2025-26,13,130,611926,378
2025-26,14,137,611926,378
2025-26,15,146,611926,378
2025-26,16,156,611926,378
2025-26,17,169,611926,378
2025-26,18,176,611926,378
2025-26,19,186,611926,378
2025-26,20,195,611926,378
2025-26,21,201,611926,378
2025-26,22,215,611926,378
2025-26,23,222,611926,378
2025-26,24,235,611926,378
2025-26,1,5,611975,562
2025-26,2,14,611975,562
2025-26,3,28,611975,562
2025-26,4,35,611975,562
2025-26,5,48,611975,562
2025-26,6,59,611975,562
2025-26,7,68,611975,562
2025-26,8,78,611975,562
2025-26,9,85,611975,562
2025-26,10,98,611975,562
2025-26,11,108,611975,562
2025-26,12,115,611975,562
2025-26,13,128,611975,562
2025-26,14,137,611975,562
2025-26,15,147,611975,562
2025-26,16,159,611975,562
2025-26,17,163,611975,562
2025-26,18,179,611975,562
2025-26,19,189,611975,562
2025-26,20,199,611975,562
2025-26,21,203,611975,562
2025-26,22,218,611975,562
2025-26,23,230,611975,562
2025-26,24,238,611975,562
2025-26,1,4,612534,115
2025-26,2,13,612534,115
2025-26,3,28,612534,115
2025-26,4,33,612534,115
2025-26,5,45,612534,115
2025-26,6,52,612534,115
2025-26,7,64,612534,115
2025-26,8,80,612534,115
2025-26,9,84,612534,115
2025-26,10,93,612534,115
2025-26,11,102,612534,115
2025-26,12,113,612534,115
2025-26,13,122,612534,115
2025-26,14,131,612534,115
2025-26,15,149,612534,115
2025-26,16,152,612534,115
2025-26,17,170,612534,115
2025-26,18,172,612534,115
2025-26,19,182,612534,115
2025-26,20,194,612534,115
2025-26,21,203,612534,115
2025-26,22,213,612534,115
2025-26,23,223,612534,115
2025-26,24,231,612534,115
2025-26,1,5,613804,603
2025-26,2,20,613804,603
2025-26,3,27,613804,603
2025-26,4,40,613804,603
2025-26,5,49,613804,603
2025-26,6,55,613804,603
2025-26,7,61,613804,603
2025-26,8,80,613804,603
2025-26,9,87,613804,603
2025-26,10,100,613804,603
2025-26,11,110,613804,603
2025-26,12,112,613804,603
2025-26,13,130,613804,603
2025-26,14,138,613804,603
2025-26,15,143,613804,603
2025-26,16,160,613804,603
2025-26,17,167,613804,603
2025-26,18,180,613804,603
2025-26,19,190,613804,603
2025-26,20,200,613804,603
2025-26,21,210,613804,603
2025-26,22,219,613804,603
2025-26,23,230,613804,603
2025-26,24,233,613804,603
2025-26,23,222,614574,801
2025-26,24,240,614574,801
2025-26,15,141,616065,759
2025-26,16,151,616065,759
2025-26,17,164,616065,759
2025-26,18,171,616065,759
2025-26,19,181,616065,759
2025-26,20,192,616065,759
2025-26,21,201,616065,759
2025-26,22,217,616065,759
2025-26,23,221,616065,759
2025-26,24,234,616065,759
2025-26,2,11,616077,700
2025-26,3,25,616077,700
2025-26,4,31,616077,700
2025-26,5,41,616077,700
2025-26,6,58,616077,700
2025-26,7,61,616077,700
2025-26,8,74,616077,700
2025-26,9,81,616077,700
2025-26,10,92,616077,700
2025-26,11,108,616077,700
2025-26,12,111,616077,700
2025-26,13,123,616077,700
2025-26,14,131,616077,700
2025-26,15,141,616077,700
2025-26,16,151,616077,700
2025-26,17,164,616077,700
2025-26,18,171,616077,700
2025-26,19,181,616077,700
2025-26,20,192,616077,700
2025-26,21,201,616077,700
2025-26,22,217,616077,700
2025-26,23,221,616077,700
2025-26,24,234,616077,700
2025-26,24,239,616221,804
2025-26,1,7,616222,412
2025-26,2,18,616222,412
2025-26,3,22,616222,412
2025-26,4,38,616222,412
2025-26,5,41,616222,412
2025-26,6,57,616222,412
2025-26,7,64,616222,412
2025-26,8,76,616222,412
2025-26,9,82,616222,412
2025-26,10,96,616222,412
2025-26,11,106,616222,412
2025-26,12,119,616222,412
2025-26,13,126,616222,412
2025-26,14,135,616222,412
2025-26,15,147,616222,412
2025-26,16,155,616222,412
2025-26,17,167,616222,412
2025-26,18,178,616222,412
2025-26,19,189,616222,412
2025-26,20,197,616222,412
2025-26,21,208,616222,412
2025-26,22,216,616222,412
2025-26,23,228,616222,412
2025-26,24,239,616222,412
2025-26,6,57,616288,742
2025-26,7,64,616288,742
2025-26,8,76,616288,742
2025-26,9,82,616288,742
2025-26,10,96,616288,742
2025-26,11,106,616288,742
2025-26,12,119,616288,742
2025-26,13,126,616288,742
2025-26,14,135,616288,742
2025-26,15,147,616288,742
2025-26,16,155,616288,742
2025-26,17,167,616288,742
2025-26,18,178,616288,742
2025-26,19,189,616288,742
2025-26,20,197,616288,742
2025-26,21,208,616288,742
2025-26,22,216,616288,742
2025-26,23,228,616288,742
2025-26,24,239,616288,742
2025-26,20,191,618027,781
2025-26,21,205,618027,781
2025-26,22,211,618027,781
2025-26,23,229,618027,781
2025-26,24,231,618027,781
2025-26,1,9,618873,463
2025-26,2,17,618873,463
2025-26,3,26,618873,463
2025-26,4,38,618873,463
2025-26,5,47,618873,463
2025-26,6,52,618873,463
2025-26,7,68,618873,463
2025-26,8,75,618873,463
2025-26,9,88,618873,463
2025-26,10,97,618873,463
2025-26,11,109,618873,463
2025-26,12,118,618873,463
2025-26,13,124,618873,463
2025-26,14,138,618873,463
2025-26,15,150,618873,463
2025-26,16,157,618873,463
2025-26,17,161,618873,463
2025-26,18,177,618873,463
2025-26,19,187,618873,463
2025-26,20,196,618873,463
2025-26,21,204,618873,463
2025-26,22,216,618873,463
2025-26,23,221,618873,463
2025-26,24,236,618873,463
2025-26,17,165,619536,770
2025-26,18,180,619536,770
2025-26,19,185,619536,770
2025-26,20,195,619536,770
2025-26,21,207,619536,770
2025-26,22,214,619536,770
2025-26,23,227,619536,770
2025-26,24,236,619536,770
2025-26,4,32,620487,721
2025-26,5,42,620487,721
2025-26,6,56,620487,721
2025-26,7,63,620487,721
2025-26,8,73,620487,721
2025-26,9,83,620487,721
2025-26,10,96,620487,721
2025-26,11,101,620487,721
2025-26,12,112,620487,721
2025-26,13,128,620487,721
2025-26,14,132,620487,721
2025-26,15,142,620487,721
2025-26,16,157,620487,721
2025-26,17,162,620487,721
2025-26,18,172,620487,721
2025-26,19,184,620487,721
2025-26,20,192,620487,721
2025-26,21,202,620487,721
2025-26,22,212,620487,721
2025-26,23,222,620487,721
2025-26,24,240,620487,721
2025-26,1,4,622536,114
2025-26,2,13,622536,114
2025-26,3,28,622536,114
2025-26,4,33,622536,114
2025-26,5,45,622536,114
2025-26,6,52,622536,114
2025-26,7,64,622536,114
2025-26,8,80,622536,114
2025-26,9,84,622536,114
2025-26,10,93,622536,114
2025-26,11,102,622536,114
2025-26,12,113,622536,114
2025-26,13,122,622536,114
2025-26,14,131,622536,114
2025-26,15,149,622536,114
2025-26,16,152,622536,114
2025-26,17,170,622536,114
2025-26,18,172,622536,114
2025-26,19,182,622536,114
2025-26,20,194,622536,114
2025-26,21,203,622536,114
2025-26,22,213,622536,114
2025-26,23,223,622536,114
2025-26,24,231,622536,114
2025-26,1,8,622758,234
2025-26,2,20,622758,234
2025-26,3,23,622758,234
2025-26,4,33,622758,234
2025-26,5,47,622758,234
2025-26,6,53,622758,234
2025-26,7,65,622758,234
2025-26,8,77,622758,234
2025-26,9,85,622758,234
2025-26,10,99,622758,234
2025-26,11,103,622758,234
2025-26,12,114,622758,234
2025-26,13,123,622758,234
2025-26,14,136,622758,234
2025-26,15,142,622758,234
2025-26,16,154,622758,234
2025-26,17,168,622758,234
2025-26,18,174,622758,234
2025-26,19,184,622758,234
2025-26,20,197,622758,234
2025-26,21,207,622758,234
2025-26,22,213,622758,234
2025-26,23,225,622758,234
2025-26,24,233,622758,234
2025-26,1,6,623095,594
2025-26,2,18,623095,594
2025-26,3,29,623095,594
2025-26,4,40,623095,594
2025-26,5,43,623095,594
2025-26,6,60,623095,594
2025-26,7,67,623095,594
2025-26,8,79,623095,594
2025-26,9,86,623095,594
2025-26,10,99,623095,594
2025-26,11,109,623095,594
2025-26,12,111,623095,594
2025-26,13,129,623095,594
2025-26,14,139,623095,594
2025-26,15,149,623095,594
2025-26,16,158,623095,594
2025-26,17,169,623095,594
2025-26,18,175,623095,594
2025-26,19,182,623095,594
2025-26,20,199,623095,594
2025-26,21,202,623095,594
2025-26,22,219,623095,594
2025-26,23,224,623095,594
2025-26,24,239,623095,594
2025-26,1,2,623110,689
2025-26,2,19,623110,689
2025-26,3,24,623110,689
2025-26,4,39,623110,689
2025-26,5,42,623110,689
2025-26,6,58,623110,689
2025-26,7,69,623110,689
2025-26,8,71,623110,689
2025-26,9,89,623110,689
2025-26,10,100,623110,689
2025-26,11,102,623110,689
2025-26,12,119,623110,689
2025-26,13,125,623110,689
2025-26,14,139,623110,689
2025-26,15,148,623110,689
2025-26,16,159,623110,689
2025-26,17,168,623110,689
2025-26,18,177,623110,689
2025-26,19,183,623110,689
2025-26,20,198,623110,689
2025-26,21,209,623110,689
2025-26,22,220,623110,689
2025-26,23,229,623110,689
2025-26,24,235,623110,689
2025-26,1,8,624773,238
2025-26,2,20,624773,238
2025-26,3,23,624773,238
2025-26,4,33,624773,238
2025-26,5,47,624773,238
2025-26,6,53,624773,238
2025-26,7,65,624773,238
2025-26,8,77,624773,238
2025-26,9,85,624773,238
2025-26,10,99,624773,238
2025-26,11,103,624773,238
2025-26,12,114,624773,238
2025-26,13,123,624773,238
2025-26,14,136,624773,238
2025-26,15,142,624773,238
2025-26,16,154,624773,238
2025-26,17,168,624773,238
2025-26,18,174,624773,238
2025-26,19,184,624773,238
2025-26,20,197,624773,238
2025-26,21,207,624773,238
2025-26,22,213,624773,238
2025-26,23,225,624773,238
2025-26,24,233,624773,238
2025-26,1,4,626464,127
2025-26,2,13,626464,127
2025-26,3,28,626464,127
2025-26,4,33,626464,127
2025-26,5,45,626464,127
2025-26,6,52,626464,127
2025-26,7,64,626464,127
2025-26,8,80,626464,127
2025-26,9,84,626464,127
2025-26,10,93,626464,127
2025-26,11,102,626464,127
2025-26,12,113,626464,127
2025-26,13,122,626464,127
2025-26,14,131,626464,127
2025-26,15,149,626464,127
2025-26,16,152,626464,127
2025-26,17,170,626464,127
2025-26,18,172,626464,127
2025-26,19,182,626464,127
2025-26,20,194,626464,127
2025-26,21,203,626464,127
2025-26,22,213,626464,127
2025-26,23,223,626464,127
2025-26,24,231,626464,127
2025-26,1,5,626844,546
2025-26,2,14,626844,546
2025-26,3,28,626844,546
2025-26,4,35,626844,546
2025-26,5,48,626844,546
2025-26,6,59,626844,546
2025-26,7,68,626844,546
2025-26,8,78,626844,546
2025-26,9,85,626844,546
2025-26,10,98,626844,546
2025-26,11,108,626844,546
2025-26,12,115,626844,546
2025-26,13,128,626844,546
2025-26,14,137,626844,546
2025-26,15,147,626844,546
2025-26,16,159,626844,546
2025-26,17,163,626844,546
2025-26,18,179,626844,546
2025-26,19,189,626844,546
2025-26,20,199,626844,546
2025-26,21,203,626844,546
2025-26,22,218,626844,546
2025-26,23,230,626844,546
2025-26,24,238,626844,546
2025-26,1,4,628204,131
2025-26,2,13,628204,131
2025-26,3,28,628204,131
2025-26,4,33,628204,131
2025-26,5,45,628204,131
2025-26,6,52,628204,131
2025-26,7,64,628204,131
2025-26,8,80,628204,131
2025-26,9,84,628204,131
2025-26,10,93,628204,131
2025-26,11,102,628204,131
2025-26,12,113,628204,131
2025-26,13,122,628204,131
2025-26,14,131,628204,131
2025-26,15,149,628204,131
2025-26,16,152,628204,131
2025-26,17,170,628204,131
2025-26,18,172,628204,131
2025-26,19,182,628204,131
2025-26,20,194,628204,131
2025-26,21,203,628204,131
2025-26,22,213,628204,131
2025-26,23,223,628204,131
2025-26,24,231,628204,131
2025-26,19,188,629068,779
2025-26,20,194,629068,779
2025-26,21,206,629068,779
2025-26,22,211,629068,779
2025-26,23,226,629068,779
2025-26,24,232,629068,779
2025-26,14,138,630699,758
2025-26,15,143,630699,758
2025-26,16,160,630699,758
2025-26,17,167,630699,758
2025-26,18,180,630699,758
2025-26,19,190,630699,758
2025-26,20,200,630699,758
2025-26,21,210,630699,758
2025-26,22,219,630699,758
2025-26,23,230,630699,758
2025-26,24,233,630699,758
2025-26,19,185,631106,780
2025-26,20,198,631106,780
2025-26,21,205,631106,780
2025-26,22,218,631106,780
2025-26,23,225,631106,780
2025-26,24,237,631106,780
2025-26,4,37,631786,737
2025-26,5,45,631786,737
2025-26,6,51,631786,737
2025-26,7,63,631786,737
2025-26,8,74,631786,737
2025-26,9,89,631786,737
2025-26,10,94,631786,737
2025-26,11,105,631786,737
2025-26,12,115,631786,737
2025-26,13,129,631786,737
2025-26,14,135,631786,737
2025-26,15,145,631786,737
2025-26,16,153,631786,737
2025-26,17,165,631786,737
2025-26,18,180,631786,737
2025-26,19,185,631786,737
2025-26,20,195,631786,737
2025-26,21,207,631786,737
2025-26,22,214,631786,737
2025-26,23,227,631786,737
2025-26,24,236,631786,737
2025-26,1,2,640108,492
2025-26,2,19,640108,492
2025-26,3,24,640108,492
2025-26,4,39,640108,492
2025-26,5,42,640108,492
2025-26,6,58,640108,492
2025-26,7,69,640108,492
2025-26,8,71,640108,492
2025-26,9,89,640108,492
2025-26,10,100,640108,492
2025-26,11,102,640108,492
2025-26,12,119,640108,492
2025-26,13,125,640108,492
2025-26,14,139,640108,492
2025-26,15,148,640108,492
2025-26,16,159,640108,492
2025-26,17,168,640108,492
2025-26,18,177,640108,492
2025-26,19,183,640108,492
2025-26,20,198,640108,492
2025-26,21,209,640108,492
2025-26,22,220,640108,492
2025-26,23,229,640108,492
2025-26,24,235,640108,492
2025-26,8,79,640419,745
2025-26,9,86,640419,745
2025-26,10,99,640419,745
2025-26,11,109,640419,745
2025-26,12,111,640419,745
2025-26,13,129,640419,745
2025-26,14,139,640419,745
2025-26,15,149,640419,745
2025-26,16,158,640419,745
2025-26,17,169,640419,745
2025-26,18,175,640419,745
2025-26,19,182,640419,745
2025-26,20,199,640419,745
2025-26,21,202,640419,745
2025-26,22,219,640419,745
2025-26,23,224,640419,745
2025-26,24,239,640419,745
2025-26,1,7,641221,640
2025-26,2,12,641221,640
2025-26,3,30,641221,640
2025-26,4,39,641221,640
2025-26,5,50,641221,640
2025-26,6,60,641221,640
2025-26,7,70,641221,640
2025-26,8,78,641221,640
2025-26,9,90,641221,640
2025-26,10,94,641221,640
2025-26,11,103,641221,640
2025-26,12,120,641221,640
2025-26,13,121,641221,640
2025-26,14,140,641221,640
2025-26,15,150,641221,640
2025-26,16,151,641221,640
2025-26,17,170,641221,640
2025-26,18,176,641221,640
2025-26,19,187,641221,640
2025-26,20,200,641221,640
2025-26,21,206,641221,640
2025-26,22,220,641221,640
2025-26,23,228,641221,640
2025-26,24,240,641221,640
2025-26,1,7,643135,645
2025-26,2,12,643135,645
2025-26,3,30,643135,645
2025-26,4,39,643135,645
2025-26,5,50,643135,645
2025-26,6,60,643135,645
2025-26,7,70,643135,645
2025-26,8,78,643135,645
2025-26,9,90,643135,645
2025-26,10,94,643135,645
2025-26,11,103,643135,645
2025-26,12,120,643135,645
2025-26,13,121,643135,645
2025-26,14,140,643135,645
2025-26,15,150,643135,645
2025-26,16,151,643135,645
2025-26,17,170,643135,645
2025-26,18,176,643135,645
2025-26,19,187,643135,645
2025-26,20,200,643135,645
2025-26,21,206,643135,645
2025-26,22,220,643135,645
2025-26,23,228,643135,645
2025-26,24,240,643135,645
2025-26,18,175,643426,773
2025-26,19,185,643426,773
2025-26,20,198,643426,773
2025-26,21,205,643426,773
2025-26,22,218,643426,773
2025-26,23,225,643426,773
2025-26,24,237,643426,773
2025-26,11,110,643473,752
2025-26,12,112,643473,752
2025-26,13,130,643473,752
2025-26,14,138,643473,752
2025-26,15,143,643473,752
2025-26,16,160,643473,752
2025-26,17,167,643473,752
2025-26,18,180,643473,752
2025-26,19,190,643473,752
2025-26,20,200,643473,752
2025-26,21,210,643473,752
2025-26,22,219,643473,752
2025-26,23,230,643473,752
2025-26,24,233,643473,752
2025-26,2,13,645618,702
2025-26,3,21,645618,702
2025-26,4,36,645618,702
2025-26,5,48,645618,702
2025-26,6,51,645618,702
2025-26,7,62,645618,702
2025-26,8,79,645618,702
2025-26,9,82,645618,702
2025-26,10,95,645618,702
2025-26,11,101,645618,702
2025-26,12,116,645618,702
2025-26,13,121,645618,702
2025-26,14,133,645618,702
2025-26,15,141,645618,702
2025-26,16,160,645618,702
2025-26,17,161,645618,702
2025-26,18,174,645618,702
2025-26,19,181,645618,702
2025-26,20,191,645618,702
2025-26,21,205,645618,702
2025-26,22,211,645618,702
2025-26,23,229,645618,702
2025-26,24,231,645618,702
2025-26,3,25,646243,711
2025-26,4,31,646243,711
2025-26,5,41,646243,711
2025-26,6,58,646243,711
2025-26,7,61,646243,711
2025-26,8,74,646243,711
2025-26,9,81,646243,711
2025-26,10,92,646243,711
2025-26,11,108,646243,711
2025-26,12,111,646243,711
2025-26,13,123,646243,711
2025-26,14,131,646243,711
2025-26,15,141,646243,711
2025-26,16,151,646243,711
2025-26,17,164,646243,711
2025-26,18,171,646243,711
2025-26,19,181,646243,711
2025-26,20,192,646243,711
2025-26,21,201,646243,711
2025-26,22,217,646243,711
2025-26,23,221,646243,711
2025-26,24,234,646243,711
2025-26,11,103,647671,749
2025-26,12,120,647671,749
2025-26,13,121,647671,749
2025-26,14,140,647671,749
2025-26,15,150,647671,749
2025-26,16,151,647671,749
2025-26,17,170,647671,749
2025-26,18,176,647671,749
2025-26,19,187,647671,749
2025-26,20,200,647671,749
2025-26,21,206,647671,749
2025-26,22,220,647671,749
2025-26,23,228,647671,749
2025-26,24,240,647671,749
2025-26,2,19,647681,692
2025-26,3,25,647681,692
2025-26,4,34,647681,692
2025-26,5,46,647681,692
2025-26,6,54,647681,692
2025-26,7,65,647681,692
2025-26,8,75,647681,692
2025-26,9,84,647681,692
2025-26,10,95,647681,692
2025-26,11,106,647681,692
2025-26,12,117,647681,692
2025-26,13,130,647681,692
2025-26,14,137,647681,692
2025-26,15,146,647681,692
2025-26,16,156,647681,692
2025-26,17,169,647681,692
2025-26,18,176,647681,692
2025-26,19,186,647681,692
2025-26,20,195,647681,692
2025-26,21,201,647681,692
2025-26,22,215,647681,692
2025-26,23,222,647681,692
2025-26,24,235,647681,692
2025-26,1,3,647850,181
2025-26,2,16,647850,181
2025-26,3,22,647850,181
2025-26,4,32,647850,181
2025-26,5,43,647850,181
2025-26,6,53,647850,181
2025-26,7,70,647850,181
2025-26,8,71,647850,181
2025-26,9,88,647850,181
2025-26,10,91,647850,181
2025-26,11,104,647850,181
2025-26,12,113,647850,181
2025-26,13,127,647850,181
2025-26,14,133,647850,181
2025-26,15,143,647850,181
2025-26,16,156,647850,181
2025-26,17,163,647850,181
2025-26,18,171,647850,181
2025-26,19,190,647850,181
2025-26,20,193,647850,181
2025-26,21,208,647850,181
2025-26,22,212,647850,181
2025-26,23,227,647850,181
2025-26,24,232,647850,181
2025-26,19,183,647960,776
2025-26,20,193,647960,776
2025-26,21,204,647960,776
2025-26,22,215,647960,776
2025-26,23,224,647960,776
2025-26,24,238,647960,776
2025-26,4,35,651426,723
2025-26,5,49,651426,723
2025-26,6,54,651426,723
2025-26,7,66,651426,723
2025-26,8,73,651426,723
2025-26,9,81,651426,723
2025-26,10,93,651426,723
2025-26,11,104,651426,723
2025-26,12,120,651426,723
2025-26,13,124,651426,723
2025-26,14,134,651426,723
2025-26,15,145,651426,723
2025-26,16,155,651426,723
2025-26,17,166,651426,723
2025-26,18,175,651426,723
2025-26,19,185,651426,723
2025-26,20,198,651426,723
2025-26,21,205,651426,723
2025-26,22,218,651426,723
2025-26,23,225,651426,723
2025-26,24,237,651426,723
2025-26,21,205,653481,792
2025-26,22,211,653481,792
2025-26,23,229,653481,792
2025-26,24,231,653481,792
2025-26,22,212,658013,799
2025-26,23,222,658013,799
2025-26,24,240,658013,799
2025-26,4,35,660392,732
2025-26,5,49,660392,732
2025-26,6,54,660392,732
2025-26,7,66,660392,732
2025-26,8,73,660392,732
2025-26,9,81,660392,732
2025-26,10,93,660392,732
2025-26,11,104,660392,732
2025-26,12,120,660392,732
2025-26,13,124,660392,732
2025-26,14,134,660392,732
2025-26,15,145,660392,732
2025-26,16,155,660392,732
2025-26,17,166,660392,732
2025-26,18,175,660392,732
2025-26,19,185,660392,732
2025-26,20,198,660392,732
2025-26,21,205,660392,732
2025-26,22,218,660392,732
2025-26,23,225,660392,732
2025-26,24,237,660392,732
2025-26,1,9,661712,439
2025-26,2,17,661712,439
2025-26,3,26,661712,439
2025-26,4,38,661712,439
2025-26,5,47,661712,439
2025-26,6,52,661712,439
2025-26,7,68,661712,439
2025-26,8,75,661712,439
2025-26,9,88,661712,439
2025-26,10,97,661712,439
2025-26,11,109,661712,439
2025-26,12,118,661712,439
2025-26,13,124,661712,439
2025-26,14,138,661712,439
2025-26,15,150,661712,439
2025-26,16,157,661712,439
2025-26,17,161,661712,439
2025-26,18,177,661712,439
2025-26,19,187,661712,439
2025-26,20,196,661712,439
2025-26,21,204,661712,439
2025-26,22,216,661712,439
2025-26,23,221,661712,439
2025-26,24,236,661712,439
2025-26,17,161,664015,768
2025-26,18,174,664015,768
2025-26,19,181,664015,768
2025-26,20,191,664015,768
2025-26,21,205,664015,768
2025-26,22,211,664015,768
2025-26,23,229,664015,768
2025-26,24,231,664015,768
2025-26,18,177,666607,772
2025-26,19,183,666607,772
2025-26,20,198,666607,772
2025-26,21,209,666607,772
2025-26,22,220,666607,772
2025-26,23,229,666607,772
2025-26,24,235,666607,772
2025-26,17,166,672492,762
2025-26,18,175,672492,762
2025-26,19,185,672492,762
2025-26,20,198,672492,762
2025-26,21,205,672492,762
2025-26,22,218,672492,762
2025-26,23,225,672492,762
2025-26,24,237,672492,762
2025-26,14,132,678552,756
2025-26,15,142,678552,756
2025-26,16,157,678552,756
2025-26,17,162,678552,756
2025-26,18,172,678552,756
2025-26,19,184,678552,756
2025-26,20,192,678552,756
2025-26,21,202,678552,756
2025-26,22,212,678552,756
2025-26,23,222,678552,756
2025-26,24,240,678552,756
2025-26,24,240,685628,809
2025-26,23,230,699989,800
2025-26,24,238,699989,800
2025-26,20,193,704232,784
2025-26,21,204,704232,784
2025-26,22,215,704232,784
2025-26,23,224,704232,784
2025-26,24,238,704232,784
