season,fpl_code,element,player_name,position
2020-21,233425,78,Aaron Connolly,FWD
2020-21,55459,435,Aaron Cresswell,DEF
2020-21,74471,60,Aaron Mooy,MID
2020-21,225321,483,Aaron Ramsdale,GKP
2020-21,214590,313,Aaron Wan-Bissaka,DEF
2020-21,121599,512,Abdoulaye Doucouré,MID
2020-21,197030,190,Aboubakar Kamara,MID
2020-21,80179,199,Adam Forshaw,MID
2020-21,39155,54,Adam Lallana,MID
2020-21,110735,66,Adam Webster,DEF
2020-21,159533,465,Adama Traoré,MID
2020-21,461533,638,Ademipo Odubeko,FWD
2020-21,219352,557,Ademola Lookman,MID
2020-21,46483,220,Adrien Silva,MID
2020-21,449926,537,Adrián Bernabé,MID
2020-21,60706,245,Adrián San Miguel del Castillo,GKP
2020-21,37339,29,Ahmed El Mohamady,DEF
2020-21,77777,414,Ahmed El-Sayed Hegazy,DEF
2020-21,154043,15,Ainsley Maitland-Niles,DEF
2020-21,181008,447,Albian Ajeti,FWD
2020-21,128389,184,Aleksandar Mitrović,FWD
2020-21,153133,159,Alex Iwobi,MID
2020-21,58376,363,Alex McCarthy,GKP
2020-21,152590,568,Alex Nicolao Telles,DEF
2020-21,81880,248,Alex Oxlade-Chamberlain,MID
2020-21,449781,643,Alexandre Jankewitz,MID
2020-21,59966,6,Alexandre Lacazette,FWD
2020-21,243016,80,Alexis Mac Allister,MID
2020-21,496179,650,Alfie Devine,MID
2020-21,149266,185,Alfie Mawson,DEF
2020-21,165210,71,Alireza Jahanbakhsh,MID
2020-21,116535,252,Alisson Ramses Becker,GKP
2020-21,119765,502,Allan Marques Loureiro,MID
2020-21,170137,338,Allan Saint-Maximin,MID
2020-21,447093,635,Allan Tchaptchet,DEF
2020-21,84182,516,Alphonse Areola,GKP
2020-21,493250,640,Amad Diallo,MID
2020-21,204676,574,Andi Zeqiri,FWD
2020-21,135363,116,Andreas Christensen,DEF
2020-21,156689,304,Andreas Pereira,MID
2020-21,448487,617,Andreas Söndergaard,GKP
2020-21,122798,255,Andrew Robertson,DEF
2020-21,56377,436,Andriy Yarmolenko,MID
2020-21,60252,137,Andros Townsend,MID
2020-21,120250,158,André Filipe Tavares Gomes,MID
2020-21,203325,191,André-Frank Zambo Anguissa,MID
2020-21,40142,320,Andy Carroll,FWD
2020-21,11948,639,Andy Lonergan,GKP
2020-21,40669,432,Angelo Ogbonna,DEF
2020-21,107265,371,Angus Gunn,GKP
2020-21,195471,536,Anthony Driscoll-Glennon,DEF
2020-21,449434,702,Anthony Elanga,MID
2020-21,232826,168,Anthony Gordon,MID
2020-21,83543,177,Anthony Knockaert,MID
2020-21,465299,612,Anthony Mancini,MID
2020-21,148225,303,Anthony Martial,FWD
2020-21,169528,484,Antonee Robinson,DEF
2020-21,102380,109,Antonio Rüdiger,DEF
2020-21,487836,618,Antwoine Hackford,FWD
2020-21,193488,45,Anwar El Ghazi,MID
2020-21,105717,442,Arthur Masuaku,DEF
2020-21,44699,87,Ashley Barnes,FWD
2020-21,60551,89,Ashley Westwood,MID
2020-21,180804,307,Axel Tuanzebe,DEF
2020-21,146941,280,Aymeric Laporte,DEF
2020-21,168580,229,Ayoze Pérez,MID
2020-21,220037,99,Bailey Peacock-Farrell,GKP
2020-21,108823,394,Bamidele Alli,MID
2020-21,57913,196,Barry Douglas,DEF
2020-21,115556,395,Ben Davies,DEF
2020-21,152898,653,Ben Davies,DEF
2020-21,83312,94,Ben Gibson,DEF
2020-21,198826,566,Ben Godfrey,DEF
2020-21,222018,452,Ben Johnson,DEF
2020-21,51927,88,Ben Mee,DEF
2020-21,167878,356,Ben Osborn,MID
2020-21,198869,74,Ben White,DEF
2020-21,182436,696,Ben Woodburn,MID
2020-21,172850,232,Benjamin Chilwell,DEF
2020-21,102826,274,Benjamin Mendy,DEF
2020-21,100649,154,Bernard Anício Caldeira Duarte,MID
2020-21,209362,75,Bernardo Fernandes da Silva Junior,DEF
2020-21,165809,281,Bernardo Mota Veiga de Carvalho e Silva,MID
2020-21,80201,8,Bernd Leno,GKP
2020-21,110504,540,Bertrand Traoré,MID
2020-21,243568,124,Billy Gilmour,MID
2020-21,480818,697,Billy Koumetio,DEF
2020-21,18867,343,Billy Sharp,FWD
2020-21,108156,36,Bjorn Engels,DEF
2020-21,96994,181,Bobby Decordova-Reid,FWD
2020-21,461102,520,Bobby Thomas,DEF
2020-21,466955,147,Brandon Pierrick,MID
2020-21,232937,318,Brandon Williams,DEF
2020-21,41135,530,Branislav Ivanovic,DEF
2020-21,428610,475,Bruno André Cavaco Jordao,MID
2020-21,141746,302,Bruno Miguel Borges Fernandes,MID
2020-21,223340,24,Bukayo Saka,MID
2020-21,470255,700,Caleb Taylor,DEF
2020-21,456966,636,Caleb Watts,MID
2020-21,209046,122,Callum Hudson-Odoi,MID
2020-21,171975,358,Callum Robinson,FWD
2020-21,75115,506,Callum Wilson,FWD
2020-21,101184,13,Calum Chambers,DEF
2020-21,168763,521,Cameron Carter-Vickers,DEF
2020-21,200720,560,Caoimhin Kelleher,GKP
2020-21,245824,564,Carlos Vinicius Alves Morais,FWD
2020-21,478912,672,Carney Chukwuemeka,MID
2020-21,183015,499,Cedric Kipre,DEF
2020-21,228798,541,Cengiz Ünder,MID
2020-21,66838,153,Cenk Tosun,FWD
2020-21,78356,415,Charlie Austin,FWD
2020-21,492373,620,Charlie Cresswell,DEF
2020-21,103914,97,Charlie Taylor,DEF
2020-21,200439,377,Che Adams,FWD
2020-21,505265,621,Cheikh Diaby,FWD
2020-21,55037,133,Cheikhou Kouyaté,MID
2020-21,40386,345,Chris Basham,DEF
2020-21,55909,292,Chris Smalling,DEF
2020-21,60689,91,Chris Wood,FWD
2020-21,104953,330,Christian Atsu,MID
2020-21,54861,132,Christian Benteke,FWD
2020-21,37402,218,Christian Fuchs,DEF
2020-21,481626,616,Christian Marques,DEF
2020-21,176413,119,Christian Pulisic,MID
2020-21,108813,503,Christian Walton,GKP
2020-21,58845,324,Ciaran Clark,DEF
2020-21,33148,267,Claudio Bravo,GKP
2020-21,219291,659,Claudio Gomes,MID
2020-21,433590,694,Cody Drameh,DEF
2020-21,244851,552,Cole Palmer,MID
2020-21,59125,136,Connor Wickham,FWD
2020-21,94147,459,Conor Coady,DEF
2020-21,222017,668,Conor Coventry,MID
2020-21,232787,544,Conor Gallagher,MID
2020-21,85242,33,Conor Hourihane,MID
2020-21,108053,418,Conor Townsend,DEF
2020-21,60232,576,Craig Dawson,DEF
2020-21,450070,693,Crysencio Summerville,MID
2020-21,206915,263,Curtis Jones,MID
2020-21,87107,179,Cyrus Christie,DEF
2020-21,58822,5,Cédric Soares,DEF
2020-21,41328,102,César Azpilicueta,DEF
2020-21,40845,55,Dale Stephens,MID
2020-21,78916,61,Dan Burn,DEF
2020-21,490145,666,Dane Scarlett,FWD
2020-21,155569,227,Daniel Amartey,DEF
2020-21,200600,469,Daniel Castelo Podence,MID
2020-21,182539,501,Daniel Ceballos Fernández,MID
2020-21,200617,311,Daniel James,MID
2020-21,523700,699,Daniel Jebbison,FWD
2020-21,432927,606,Daniel Langley,GKP
2020-21,200088,590,Daniel N'Lundulu,FWD
2020-21,84939,366,Danny Ings,FWD
2020-21,38290,384,Danny Rose,DEF
2020-21,95463,223,Danny Ward,GKP
2020-21,50175,588,Danny Welbeck,FWD
2020-21,216616,425,Dara O'Shea,DEF
2020-21,176420,422,Darnell Furlong,DEF
2020-21,32259,430,Darren Randolph,GKP
2020-21,50093,56,David Button,GKP
2020-21,41270,3,David Luiz Moreira Marinho,DEF
2020-21,19194,429,David Martin,GKP
2020-21,27436,344,David McGoldrick,FWD
2020-21,51940,291,David de Gea,GKP
2020-21,173904,398,Davinson Sánchez,DEF
2020-21,66242,59,Davy Pröpper,MID
2020-21,151119,335,DeAndre Yedlin,DEF
2020-21,172649,305,Dean Henderson,GKP
2020-21,204480,448,Declan Rice,MID
2020-21,172632,230,Demarai Gray,MID
2020-21,72681,525,Denis Odoi,DEF
2020-21,106837,225,Dennis Praet,MID
2020-21,149915,549,Diego Llorente,DEF
2020-21,194634,468,Diogo Jota,MID
2020-21,152760,256,Divock Origi,FWD
2020-21,177815,164,Dominic Calvert-Lewin,FWD
2020-21,180184,495,Donny van de Beek,MID
2020-21,230046,52,Douglas Luiz Soares de Paulo,MID
2020-21,104547,329,Dwight Gayle,FWD
2020-21,433154,100,Dwight McNeil,MID
2020-21,232413,489,Eberechi Eze,MID
2020-21,121160,278,Ederson Santana de Moraes,GKP
2020-21,40720,569,Edinson Cavani,FWD
2020-21,228286,548,Edouard Mendy,GKP
2020-21,205533,22,Edward Nketiah,FWD
2020-21,463912,532,Elia Caprile,GKP
2020-21,215379,602,Elliot Anderson,MID
2020-21,218997,596,Ellis Simms,FWD
2020-21,109533,111,Emerson Palmieri dos Santos,DEF
2020-21,111773,333,Emil Krafth,DEF
2020-21,209289,23,Emile Smith Rowe,MID
2020-21,98980,12,Emiliano Martínez,GKP
2020-21,63426,347,Enda Stevens,DEF
2020-21,197365,310,Eric Bailly,DEF
2020-21,93264,391,Eric Dier,DEF
2020-21,432656,288,Eric Garcia,DEF
2020-21,62974,387,Erik Lamela,MID
2020-21,39487,83,Erik Pieters,DEF
2020-21,199598,509,Ethan Ampadu,DEF
2020-21,105377,201,Ezgjan Alioski,DEF
2020-21,199798,46,Ezri Konsa Ngoyo,DEF
2020-21,41823,149,Fabian Delph,MID
2020-21,119471,334,Fabian Schär,DEF
2020-21,244858,695,Fabio Carvalho,MID
2020-21,116643,253,Fabio Henrique Tavares,MID
2020-21,449988,504,Fabio Silva,FWD
2020-21,166640,443,Fabián Balbuena,DEF
2020-21,40559,171,Fabricio Agosto Ramírez,GKP
2020-21,488404,575,Facundo Pellistri,MID
2020-21,223332,605,Faustino Anjorin,MID
2020-21,57145,323,Federico Fernández,DEF
2020-21,101537,440,Felipe Anderson Pereira Gomes,MID
2020-21,219265,609,Felix Nmecha,MID
2020-21,471848,705,Femi Seriki,MID
2020-21,27789,266,Fernando Luiz Rosa,DEF
2020-21,111291,505,Fernando Marçal,DEF
2020-21,224444,287,Ferran Torres,MID
2020-21,194794,121,Fikayo Tomori,DEF
2020-21,213405,237,Filip Benkovic,DEF
2020-21,200878,555,Filip Krovinovic,MID
2020-21,77359,327,Florian Lejeune,DEF
2020-21,93284,64,Florin Andone,FWD
2020-21,39790,194,Francisco Casilla Cortés,GKP
2020-21,531076,670,Frankie Maguire,MID
2020-21,40383,523,Fraser Forster,GKP
2020-21,101582,299,Frederico Rodrigues de Paula Santos,MID
2020-21,486870,637,Frederik Alves,DEF
2020-21,203368,47,Frédéric Guilbert,DEF
2020-21,205651,282,Gabriel Fernando de Jesus,FWD
2020-21,226597,494,Gabriel Magalhães,DEF
2020-21,444145,26,Gabriel Teodoro Martinelli Silva,MID
2020-21,38588,685,Gaetano Berardi,DEF
2020-21,36903,543,Gareth Bale,MID
2020-21,19419,125,Gary Cahill,DEF
2020-21,195774,401,Gedson Carvalho Fernandes,MID
2020-21,82691,351,George Baldock,DEF
2020-21,41733,243,Georginio Wijnaldum,MID
2020-21,200826,403,Giovani Lo Celso,MID
2020-21,20529,53,Glenn Murray,FWD
2020-21,179830,446,Grady Diangana,MID
2020-21,84450,9,Granit Xhaka,MID
2020-21,55422,150,Gylfi Sigurdsson,MID
2020-21,124183,114,Hakim Ziyech,MID
2020-21,49440,408,Hal Robson-Kanu,FWD
2020-21,197469,234,Hamza Choudhury,MID
2020-21,465527,712,Hannibal Mejbri,MID
2020-21,153366,373,Harrison Reed,MID
2020-21,235640,704,Harry Boyes,DEF
2020-21,78830,388,Harry Kane,FWD
2020-21,198044,625,Harry Lewis,GKP
2020-21,95658,298,Harry Maguire,DEF
2020-21,447325,682,Harry Tyrer,GKP
2020-21,153682,257,Harry Wilson,MID
2020-21,157668,397,Harry Winks,MID
2020-21,201666,235,Harvey Barnes,MID
2020-21,444884,265,Harvey Elliott,MID
2020-21,40564,30,Henri Lansbury,MID
2020-21,85971,390,Heung-Min Son,MID
2020-21,490721,649,Hugo Bueno,DEF
2020-21,37915,383,Hugo Lloris,GKP
2020-21,98745,11,Héctor Bellerín,DEF
2020-21,165808,205,Hélder Wander Sousa de Azevedo e Costa,MID
2020-21,215460,209,Ian Carlo Poveda-Ocampo,MID
2020-21,240143,565,Ibrahima Diallo,MID
2020-21,440993,656,Iliman Ndiaye,MID
2020-21,59859,271,Ilkay Gündogan,MID
2020-21,437495,213,Illan Meslier,GKP
2020-21,223349,51,Indiana Vassilev,FWD
2020-21,153127,336,Isaac Hayden,MID
2020-21,491559,691,Isaac Price,MID
2020-21,149828,579,Islam Slimani,FWD
2020-21,219924,451,Issa Diop,DEF
2020-21,166324,187,Ivan Ricardo Neves Abreu Cavaleiro,MID
2020-21,105666,586,Jack Butland,GKP
2020-21,40145,84,Jack Cork,MID
2020-21,114283,37,Jack Grealish,MID
2020-21,221399,203,Jack Harrison,MID
2020-21,492374,599,Jack Jenkins,MID
2020-21,146610,354,Jack O'Connell,DEF
2020-21,83427,352,Jack Robinson,DEF
2020-21,88900,367,Jack Stephens,DEF
2020-21,54102,434,Jack Wilshere,MID
2020-21,114243,497,Jacob Murphy,MID
2020-21,232653,554,Jacob Ramsey,MID
2020-21,481624,683,Jaden Philogene-Bidace,MID
2020-21,173954,144,Jairo Riedewald,MID
2020-21,243343,607,Jake Cain,MID
2020-21,49944,409,Jake Livermore,MID
2020-21,214470,380,Jake Vokins,DEF
2020-21,243505,628,Jakub Moder,MID
2020-21,490138,678,Jakub Ojrzynski,GKP
2020-21,101148,328,Jamaal Lascelles,DEF
2020-21,462384,669,Jamal Baptiste,DEF
2020-21,194799,513,Jamal Lewis,DEF
2020-21,184386,43,James Bree,DEF
2020-21,232928,317,James Garner,MID
2020-21,220627,239,James Justin,DEF
2020-21,172780,231,James Maddison,MID
2020-21,50471,130,James McArthur,MID
2020-21,50472,131,James McCarthy,MID
2020-21,15157,241,James Milner,MID
2020-21,60025,508,James Rodríguez,MID
2020-21,17761,81,James Tarkowski,DEF
2020-21,49413,129,James Tomkins,DEF
2020-21,432720,595,James Trafford,GKP
2020-21,101178,370,James Ward-Prowse,MID
2020-21,221610,210,Jamie Shackleton,MID
2020-21,101668,224,Jamie Vardy,FWD
2020-21,171771,376,Jan Bednarek,DEF
2020-21,93100,369,Jannik Vestergaard,DEF
2020-21,199584,402,Japhet Tanganga,DEF
2020-21,480455,170,Jarrad Branthwaite,DEF
2020-21,178186,445,Jarrod Bowen,MID
2020-21,49262,528,Jason Steele,GKP
2020-21,109528,332,Javier Manquillo,DEF
2020-21,44683,86,Jay Rodriguez,FWD
2020-21,204642,207,Jay-Roy Grot,MID
2020-21,226182,510,Jayden Bogle,DEF
2020-21,220738,550,Jayson Molumby,MID
2020-21,170271,189,Jean Michaël Seri,MID
2020-21,160987,161,Jean-Philippe Gbamin,MID
2020-21,231747,641,Jean-Philippe Mateta,FWD
2020-21,79852,32,Jed Steer,GKP
2020-21,83314,485,Jeff Hendrick,MID
2020-21,86417,142,Jeffrey Schlupp,MID
2020-21,440241,633,Jensen Weir,MID
2020-21,109322,301,Jesse Lingard,MID
2020-21,450542,688,Jesurun Rak-Sakyi,MID
2020-21,218023,519,Jimmy Dunne,DEF
2020-21,174874,571,Joachim Andersen,DEF
2020-21,101105,182,Joe Bryan,DEF
2020-21,462635,667,Joe Gelhardt,FWD
2020-21,15749,482,Joe Hart,GKP
2020-21,214225,584,Joe Rodon,DEF
2020-21,60914,246,Joel Matip,DEF
2020-21,430367,613,Joel Mumbongo,FWD
2020-21,55494,134,Joel Ward,DEF
2020-21,180974,340,Joelinton Cássio Apolinário de Lira,FWD
2020-21,60586,90,Johann Berg Gudmundsson,MID
2020-21,108416,353,John Egan,DEF
2020-21,47247,346,John Fleck,MID
2020-21,153723,355,John Lundstram,MID
2020-21,122806,38,John McGinn,MID
2020-21,19236,453,John Ruddy,GKP
2020-21,97299,273,John Stones,DEF
2020-21,57513,151,Jonas Lössl,GKP
2020-21,114128,462,Jonathan Castro Otto,DEF
2020-21,173809,420,Jonathan Leko,MID
2020-21,50232,321,Jonjo Shelvey,MID
2020-21,153673,160,Jonjoe Kenny,DEF
2020-21,37642,219,Jonny Evans,DEF
2020-21,80146,140,Jordan Ayew,FWD
2020-21,56979,244,Jordan Henderson,MID
2020-21,167522,444,Jordan Hugill,FWD
2020-21,111234,157,Jordan Pickford,GKP
2020-21,434138,212,Jordan Stevens,MID
2020-21,85955,105,Jorge Luiz Frello Filho,MID
2020-21,171287,260,Joseph Gomez,DEF
2020-21,200089,20,Joseph Willock,MID
2020-21,217401,535,Josh Benson,MID
2020-21,172782,98,Josh Brownhill,MID
2020-21,195480,665,Josh Maja,FWD
2020-21,168765,188,Josh Onomah,MID
2020-21,153379,374,Josh Sims,MID
2020-21,78007,651,Joshua King,FWD
2020-21,216051,314,José Diogo Dalot Teixeira,DEF
2020-21,89274,34,José Ignacio Peleteiro Romallo,MID
2020-21,167473,72,José Izquierdo,MID
2020-21,19624,454,João Filipe Iria Santos Moutinho,MID
2020-21,121145,277,João Pedro Cavaco Cancelo,DEF
2020-21,222627,167,João Virgínia,GKP
2020-21,111478,67,Joël Veltman,DEF
2020-21,234908,406,Juan Foyth,DEF
2020-21,43670,290,Juan Mata,MID
2020-21,219847,500,Kai Havertz,MID
2020-21,465390,671,Kaine Hayden,MID
2020-21,155405,204,Kalvin Phillips,MID
2020-21,49957,410,Kamil Grosicki,MID
2020-21,214987,208,Kamil Miazek,GKP
2020-21,59735,325,Karl Darlow,GKP
2020-21,180294,582,Karlan Grant,FWD
2020-21,431019,593,Karlo Ziger,GKP
2020-21,17745,217,Kasper Schmeichel,GKP
2020-21,232797,598,Kayne Ramsay,DEF
2020-21,109638,603,Kean Bryan,DEF
2020-21,221239,50,Keinan Davis,FWD
2020-21,173515,233,Kelechi Iheanacho,FWD
2020-21,232977,342,Kelland Watts,DEF
2020-21,82078,416,Kenneth Zohore,FWD
2020-21,167074,517,Kenny Tete,DEF
2020-21,109745,112,Kepa Arrizabalaga,GKP
2020-21,61366,272,Kevin De Bruyne,MID
2020-21,41674,85,Kevin Long,DEF
2020-21,55038,172,Kevin McDonald,MID
2020-21,445896,624,Kgaogelo Chauke,MID
2020-21,441271,545,Ki-Jana Hoever,DEF
2020-21,42427,407,Kieran Gibbs,DEF
2020-21,192895,17,Kieran Tierney,DEF
2020-21,214285,242,Konstantinos Tsimikas,DEF
2020-21,123354,39,Kortney Hause,DEF
2020-21,103192,110,Kurt Zouma,DEF
2020-21,59940,412,Kyle Bartley,DEF
2020-21,174593,421,Kyle Edwards,MID
2020-21,232829,679,Kyle John,DEF
2020-21,58621,270,Kyle Walker,DEF
2020-21,158534,375,Kyle Walker-Peters,DEF
2020-21,478449,646,Kyron Gordon,DEF
2020-21,151589,464,Leander Dendoncker,MID
2020-21,116216,69,Leandro Trossard,MID
2020-21,6744,604,Lee Grant,GKP
2020-21,38716,600,Lee Peltier,DEF
2020-21,455084,214,Leif Davis,DEF
2020-21,233489,601,Leighton Clarkson,MID
2020-21,474003,476,Leonardo Campana,FWD
2020-21,83299,62,Lewis Dunk,DEF
2020-21,437688,615,Lewis Richards,DEF
2020-21,461096,592,Lewis Richardson,FWD
2020-21,55914,195,Liam Cooper,DEF
2020-21,463034,539,Liam Delap,FWD
2020-21,433019,677,Liam Hughes,GKP
2020-21,101188,155,Lucas Digne,DEF
2020-21,95715,392,Lucas Rodrigues Moura da Silva,MID
2020-21,198849,19,Lucas Torreira,MID
2020-21,66975,138,Luka Milivojevic,MID
2020-21,37096,431,Lukasz Fabianski,GKP
2020-21,66588,197,Luke Ayling,DEF
2020-21,245923,614,Luke Cundle,MID
2020-21,49083,477,Luke Freeman,MID
2020-21,439510,622,Luke Mbete,DEF
2020-21,106760,300,Luke Shaw,DEF
2020-21,244619,240,Luke Thomas,DEF
2020-21,178304,359,Lys Mousset,FWD
2020-21,141569,463,Léo Bonatini,FWD
2020-21,195064,551,Mace Goodridge,MID
2020-21,148508,40,Mahmoud Ahmed Ibrahim Hassan,MID
2020-21,40784,127,Mamadou Sakho,DEF
2020-21,86934,439,Manuel Lanzini,MID
2020-21,51938,221,Marc Albrighton,MID
2020-21,82263,104,Marcos Alonso,DEF
2020-21,58893,294,Marcos Rojo,DEF
2020-21,122074,183,Marcus Bettinelli,GKP
2020-21,176297,306,Marcus Rashford,MID
2020-21,155529,186,Marek Rodák,GKP
2020-21,151086,493,Mario Lemina,MID
2020-21,81441,488,Mark Gillespie,GKP
2020-21,18073,427,Mark Noble,MID
2020-21,67089,326,Martin Dubravka,GKP
2020-21,58786,135,Martin Kelly,DEF
2020-21,184029,645,Martin Ødegaard,MID
2020-21,86153,63,Martín Montoya,DEF
2020-21,184704,44,Marvelous Nakamba,MID
2020-21,220688,315,Mason Greenwood,MID
2020-21,194164,165,Mason Holgate,DEF
2020-21,184341,120,Mason Mount,MID
2020-21,81183,93,Matej Vydra,FWD
2020-21,91651,107,Mateo Kovacic,MID
2020-21,480216,533,Mateusz Bogusz,MID
2020-21,72222,198,Mateusz Klich,MID
2020-21,210407,481,Matheus Pereira,MID
2020-21,131897,70,Mathew Ryan,GKP
2020-21,216208,472,Matija Sarkic,GKP
2020-21,87835,457,Matt Doherty,DEF
2020-21,113534,527,Matt Macey,GKP
2020-21,50229,411,Matt Phillips,MID
2020-21,56983,322,Matt Ritchie,MID
2020-21,169359,42,Matt Targett,DEF
2020-21,242166,25,Matteo Guendouzi,MID
2020-21,199796,496,Matthew Cash,DEF
2020-21,178173,73,Matthew Clarke,DEF
2020-21,223175,487,Matthew Longstaff,MID
2020-21,68983,92,Matthew Lowton,DEF
2020-21,61604,222,Matty James,MID
2020-21,214048,470,Max Kilman,DEF
2020-21,155197,511,Max Lowe,DEF
2020-21,141020,143,Max Meyer,MID
2020-21,215062,632,Max Sanders,MID
2020-21,461450,591,Max Thompson,FWD
2020-21,61739,173,Maxime Le Marchand,DEF
2020-21,164011,648,Mbaye Diagne,FWD
2020-21,217487,49,Mbwana Samatta,FWD
2020-21,225368,553,Meritan Shabani,MID
2020-21,37605,1,Mesut Özil,MID
2020-21,84915,178,Michael Hector,DEF
2020-21,106611,156,Michael Keane,DEF
2020-21,220598,381,Michael Obafemi,FWD
2020-21,194126,580,Michael Verrips,GKP
2020-21,57531,437,Michail Antonio,FWD
2020-21,442229,663,Michal Karbownik,DEF
2020-21,94245,108,Michy Batshuayi,FWD
2020-21,179018,339,Miguel Almirón,MID
2020-21,439482,689,Miguel Azeez,MID
2020-21,153256,526,Mohamed Naser El Sayed Elneny,MID
2020-21,118748,254,Mohamed Salah,MID
2020-21,450527,479,Mohammed Salisu,DEF
2020-21,242058,169,Moise Kean,FWD
2020-21,486672,664,Moisés Caicedo,MID
2020-21,222531,473,Morgan Gibbs-White,MID
2020-21,122775,647,Morgan Sanson,MID
2020-21,431131,382,Moussa Djenepo,MID
2020-21,45268,385,Moussa Sissoko,MID
2020-21,116594,113,N'Golo Kanté,MID
2020-21,175592,261,Naby Keita,MID
2020-21,86881,518,Nampalys Mendy,MID
2020-21,126184,279,Nathan Aké,DEF
2020-21,250370,686,Nathan Bishop,GKP
2020-21,173818,680,Nathan Broadhead,MID
2020-21,232423,145,Nathan Ferguson,DEF
2020-21,83283,365,Nathan Redmond,MID
2020-21,203389,524,Nathan Tella,MID
2020-21,232398,674,Nathan Trott,GKP
2020-21,57328,577,Nathaniel Clyne,DEF
2020-21,197464,589,Nathaniel Phillips,DEF
2020-21,115382,68,Neal Maupay,FWD
2020-21,215136,264,Neco Williams,DEF
2020-21,92259,180,Neeskens Kebano,MID
2020-21,47390,31,Neil Taylor,DEF
2020-21,62398,295,Nemanja Matic,MID
2020-21,492066,619,Niall Huggins,FWD
2020-21,98747,96,Nick Pope,GKP
2020-21,195735,18,Nicolas Pépé,MID
2020-21,57410,269,Nicolás Otamendi,DEF
2020-21,495542,559,Niels Nkounkou,DEF
2020-21,465551,629,Nigel Lonwijk,DEF
2020-21,461212,710,Nile John,MID
2020-21,200402,546,Nélson Cabral Semedo,DEF
2020-21,58498,293,Odion Ighalo,FWD
2020-21,101394,654,Okay Yokuslu,MID
2020-21,159506,562,Ola Aina,DEF
2020-21,206325,283,Oleksandr Zinchenko,DEF
2020-21,197937,424,Oliver Burke,MID
2020-21,467114,215,Oliver Casey,DEF
2020-21,169432,357,Oliver McBurnie,FWD
2020-21,79934,349,Oliver Norwood,MID
2020-21,209042,404,Oliver Skipp,MID
2020-21,44346,103,Olivier Giroud,FWD
2020-21,178301,514,Ollie Watkins,FWD
2020-21,146426,419,Oluwasemilogo Adesewo Ibidapo Ajayi,DEF
2020-21,78056,364,Oriol Romeu Vidal,MID
2020-21,179456,467,Oskar Buur,DEF
2020-21,250604,581,Owen Otasowie,MID
2020-21,438277,652,Ozan Kabak,DEF
2020-21,217593,450,Pablo Fornals,MID
2020-21,28690,193,Pablo Hernández Domínguez,MID
2020-21,92371,10,Pablo Marí,DEF
2020-21,60307,57,Pascal Groß,MID
2020-21,222694,211,Pascal Struijk,DEF
2020-21,106617,202,Patrick Bamford,FWD
2020-21,209353,626,Patrick Cutrone,FWD
2020-21,74230,139,Patrick van Aanholt,DEF
2020-21,106618,331,Paul Dummett,DEF
2020-21,74208,296,Paul Pogba,MID
2020-21,102884,393,Paulo Gazzaniga,GKP
2020-21,247632,474,Pedro Lomba Neto,MID
2020-21,230127,627,Percy Tau,MID
2020-21,17997,82,Phil Bardsley,DEF
2020-21,209244,284,Phil Foden,MID
2020-21,7645,529,Phil Jagielka,DEF
2020-21,76359,297,Phil Jones,DEF
2020-21,54694,4,Pierre-Emerick Aubameyang,MID
2020-21,132015,396,Pierre-Emile Højbjerg,MID
2020-21,103955,276,Raheem Sterling,MID
2020-21,219961,570,Raphael Dias Belloli,MID
2020-21,448514,563,Rayan Ait Nouri,DEF
2020-21,102057,460,Raúl Jiménez,FWD
2020-21,465572,630,Reda Khadra,MID
2020-21,223824,675,Reece Hannam,DEF
2020-21,225796,123,Reece James,DEF
2020-21,474907,690,Reece Welch,DEF
2020-21,200641,21,Reiss Nelson,MID
2020-21,232427,426,Rekeem Harper,MID
2020-21,195473,262,Rhian Brewster,FWD
2020-21,219937,594,Rhys Williams,DEF
2020-21,111931,226,Ricardo Domingos Barbosa Pereira,DEF
2020-21,184259,658,Richard Nartey,DEF
2020-21,212319,166,Richarlison de Andrade,FWD
2020-21,103025,275,Riyad Mahrez,MID
2020-21,156074,16,Rob Holding,DEF
2020-21,90517,95,Robbie Brady,MID
2020-21,18987,428,Robert Snodgrass,MID
2020-21,215059,597,Robert Sánchez,GKP
2020-21,92217,249,Roberto Firmino,FWD
2020-21,40694,433,Roberto Jimenez Gago,GKP
2020-21,193645,491,Robin Koch,DEF
2020-21,111782,573,Robin Olsen,GKP
2020-21,220566,286,Rodrigo Hernandez,MID
2020-21,80954,492,Rodrigo Moreno,FWD
2020-21,155513,337,Rolando Aarons,MID
2020-21,107613,461,Romain Saïss,DEF
2020-21,61600,413,Romaine Sawyers,MID
2020-21,88894,106,Ross Barkley,MID
2020-21,126187,115,Ruben Loftus-Cheek,MID
2020-21,38533,455,Rui Pedro dos Santos Patrício,GKP
2020-21,422612,681,Ryan Astley,DEF
2020-21,41727,456,Ryan Bennett,DEF
2020-21,40146,362,Ryan Bertrand,DEF
2020-21,447372,655,Ryan Finnigan,MID
2020-21,90105,507,Ryan Fraser,MID
2020-21,81012,438,Ryan Fredericks,DEF
2020-21,114536,534,Ryan Inniss,DEF
2020-21,184349,399,Ryan Sessegnon,DEF
2020-21,171317,466,Rúben Diogo da Silva Neves,MID
2020-21,216054,471,Rúben Gonçalo Silva Nascimento Vinagre,DEF
2020-21,171314,556,Rúben Santos Gato Alves Dias,DEF
2020-21,115918,547,Rúnar Alex Rúnarsson,GKP
2020-21,110979,251,Sadio Mané,MID
2020-21,195864,423,Sam Field,MID
2020-21,248937,692,Sam Greenwood,FWD
2020-21,101982,417,Sam Johnstone,GKP
2020-21,221272,522,Sam Woods,DEF
2020-21,207189,360,Sander Berge,MID
2020-21,172841,587,Saïd Benrahma,MID
2020-21,17601,608,Scott Carson,GKP
2020-21,19188,486,Scott Dann,DEF
2020-21,195851,309,Scott McTominay,MID
2020-21,111457,14,Sead Kolasinac,DEF
2020-21,59949,152,Seamus Coleman,DEF
2020-21,180135,480,Sean Longstaff,MID
2020-21,80226,389,Serge Aurier,DEF
2020-21,37572,268,Sergio Agüero,FWD
2020-21,199249,542,Sergio Reguilón,DEF
2020-21,42899,289,Sergio Romero,GKP
2020-21,61933,58,Shane Duffy,DEF
2020-21,447373,684,Shane Flynn,MID
2020-21,20452,361,Shane Long,FWD
2020-21,69140,7,Shkodran Mustafi,DEF
2020-21,472464,673,Shola Shoretire,MID
2020-21,421796,676,Sidnei Tavares,MID
2020-21,74854,348,Simon Moore,GKP
2020-21,128198,372,Sofiane Boufal,MID
2020-21,39476,2,Sokratis Papastathopoulos,DEF
2020-21,109345,65,Solomon March,MID
2020-21,61916,174,Stefan Johansen,MID
2020-21,42525,578,Stephen Henderson,GKP
2020-21,235382,79,Steven Alzate,MID
2020-21,194252,400,Steven Bergwijn,MID
2020-21,91047,368,Stuart Armstrong,MID
2020-21,87873,200,Stuart Dallas,DEF
2020-21,223335,707,Sylvester Jasper,MID
2020-21,103123,441,Sébastien Haller,FWD
2020-21,222677,316,Tahith Chong,MID
2020-21,157882,258,Takumi Minamino,MID
2020-21,173879,118,Tammy Abraham,FWD
2020-21,231372,405,Tanguy Ndombele,MID
2020-21,232792,77,Tariq Lamptey,DEF
2020-21,461585,703,Tawanda Maswanhise,MID
2020-21,439242,701,Taylor Gardner-Hickman,MID
2020-21,245719,623,Taylor Harwood-Bellis,DEF
2020-21,232361,611,Taylor Perry,MID
2020-21,244848,631,Teddy Jenks,MID
2020-21,244856,319,Teden Mengi,DEF
2020-21,109434,585,Terence Kongolo,DEF
2020-21,232881,661,Thakgalo Leshabela,MID
2020-21,513789,687,Thanawat Suengchitthawon,MID
2020-21,443296,610,Theo Corbeanu,MID
2020-21,20467,148,Theo Walcott,MID
2020-21,61558,531,Thiago Alcántara do Nascimento,MID
2020-21,51090,490,Thiago Thiago,DEF
2020-21,209288,662,Thomas McGill,GKP
2020-21,167199,567,Thomas Partey,MID
2020-21,490094,709,Tim Iroegbunam,MID
2020-21,82514,176,Tim Ream,DEF
2020-21,165153,117,Timo Werner,FWD
2020-21,166477,498,Timothy Castagne,DEF
2020-21,201084,312,Timothy Fosu-Mensah,DEF
2020-21,55605,386,Toby Alderweireld,DEF
2020-21,444575,706,Toby King,MID
2020-21,76357,175,Tom Cairney,MID
2020-21,173807,163,Tom Davies,MID
2020-21,21205,28,Tom Heaton,GKP
2020-21,215439,449,Tomas Soucek,MID
2020-21,220394,285,Tommy Doyle,MID
2020-21,109646,572,Tosin Adarabioyo,DEF
2020-21,169187,259,Trent Alexander-Arnold,DEF
2020-21,461446,644,Tyler Onyango,MID
2020-21,173821,206,Tyler Roberts,MID
2020-21,432931,708,Tyrese Francois,MID
2020-21,244723,146,Tyrick Mitchell,DEF
2020-21,149484,41,Tyrone Mings,DEF
2020-21,441191,698,Valentino Livramento,DEF
2020-21,40836,128,Vicente Guaita,GKP
2020-21,184667,308,Victor Lindelöf,DEF
2020-21,97032,250,Virgil van Dijk,DEF
2020-21,437858,515,Vitor Ferreira,MID
2020-21,164555,558,Vladimir Coufal,DEF
2020-21,232229,660,Vontae Daley-Campbell,DEF
2020-21,20066,126,Wayne Hennessey,GKP
2020-21,82143,350,Wes Foderingham,GKP
2020-21,15033,216,Wes Morgan,DEF
2020-21,444463,561,Wesley Fofana,DEF
2020-21,213345,48,Wesley Moraes,FWD
2020-21,203341,236,Wilfred Ndidi,MID
2020-21,82403,141,Wilfried Zaha,MID
2020-21,422306,634,Will Ferry,MID
2020-21,168399,583,Will Norris,GKP
2020-21,461566,713,William Fish,DEF
2020-21,538207,711,William Osula,FWD
2020-21,462424,27,William Saliba,DEF
2020-21,214466,379,William Smallbone,MID
2020-21,47431,478,Willian Borges Da Silva,MID
2020-21,73314,642,Willian José Da Silva,FWD
2020-21,90585,458,Willy Boly,DEF
2020-21,20310,101,Willy Caballero,GKP
2020-21,68312,247,Xherdan Shaqiri,MID
2020-21,213482,378,Yan Valery,DEF
2020-21,164511,162,Yerry Mina,DEF
2020-21,196118,341,Yoshinori Muto,FWD
2020-21,166989,228,Youri Tielemans,MID
2020-21,227127,76,Yves Bissouma,MID
2020-21,164484,538,Zack Steffen,GKP
2020-21,481371,657,Zak Brunt,MID
2020-21,208998,192,Zeze Steven Sessegnon,DEF
2020-21,218031,238,Çaglar Söyüncü,DEF
2020-21,98770,35,Ørjan Nyland,GKP
2021-22,233425,72,Aaron Connolly,FWD
2021-22,55459,411,Aaron Cresswell,DEF
2021-22,17349,575,Aaron Lennon,MID
2021-22,225321,559,Aaron Ramsdale,GKP
2021-22,447715,496,Aaron Ramsey,MID
2021-22,214590,288,Aaron Wan-Bissaka,DEF
2021-22,121599,173,Abdoulaye Doucouré,MID
2021-22,490161,715,Abu Kamara,FWD
2021-22,155511,525,Adam Armstrong,FWD
2021-22,80179,552,Adam Forshaw,MID
2021-22,432735,329,Adam Idah,FWD
2021-22,39155,53,Adam Lallana,MID
2021-22,155651,390,Adam Masina,DEF
2021-22,110735,61,Adam Webster,DEF
2021-22,159533,435,Adama Traoré,MID
2021-22,243569,469,Adedapo Awokoya-Mebude,FWD
2021-22,219352,587,Ademola Lookman,MID
2021-22,533719,733,Adrian Blake,MID
2021-22,60706,223,Adrián San Miguel del Castillo,GKP
2021-22,154043,13,Ainsley Maitland-Niles,MID
2021-22,220684,644,Ajibola Alese,DEF
2021-22,437742,478,Albert Sambi Lokonga,MID
2021-22,493105,723,Alejandro Garnacho Ferreyra,MID
2021-22,153133,174,Alex Iwobi,MID
2021-22,450553,730,Alex Kirk,DEF
2021-22,195728,589,Alex Kral,MID
2021-22,58376,334,Alex McCarthy,GKP
2021-22,152590,279,Alex Nicolao Telles,DEF
2021-22,81880,227,Alex Oxlade-Chamberlain,MID
2021-22,59966,6,Alexandre Lacazette,FWD
2021-22,243016,74,Alexis Mac Allister,MID
2021-22,496179,714,Alfie Devine,MID
2021-22,165210,66,Alireza Jahanbakhsh,MID
2021-22,116535,231,Alisson Ramses Becker,GKP
2021-22,119765,171,Allan Marques Loureiro,MID
2021-22,170137,307,Allan Saint-Maximin,FWD
2021-22,84182,489,Alphonse Areola,GKP
2021-22,493250,636,Amad Diallo,MID
2021-22,204676,535,Andi Zeqiri,FWD
2021-22,73426,383,Andre Gray,FWD
2021-22,135363,133,Andreas Christensen,DEF
2021-22,156689,511,Andreas Pereira,MID
2021-22,448487,444,Andreas Söndergaard,GKP
2021-22,466404,331,Andrew Omobamidele,DEF
2021-22,122798,234,Andrew Robertson,DEF
2021-22,56377,412,Andriy Yarmolenko,MID
2021-22,60252,482,Andros Townsend,MID
2021-22,120250,172,André Filipe Tavares Gomes,MID
2021-22,11948,571,Andy Lonergan,GKP
2021-22,40669,409,Angelo Ogbonna,DEF
2021-22,107265,448,Angus Gunn,GKP
2021-22,449434,512,Anthony Elanga,MID
2021-22,232826,503,Anthony Gordon,MID
2021-22,465299,736,Anthony Mancini,MID
2021-22,148225,278,Anthony Martial,FWD
2021-22,102380,127,Antonio Rüdiger,DEF
2021-22,193488,42,Anwar El Ghazi,MID
2021-22,547701,658,Archie Gray,MID
2021-22,440323,518,Armando Broja,FWD
2021-22,248865,652,Armstrong Oko-Flex,MID
2021-22,105717,417,Arthur Masuaku,DEF
2021-22,220682,572,Arthur Okonkwo,GKP
2021-22,44699,105,Ashley Barnes,FWD
2021-22,176296,395,Ashley Fletcher,FWD
2021-22,60551,107,Ashley Westwood,MID
2021-22,18892,52,Ashley Young,DEF
2021-22,40349,481,Asmir Begović,GKP
2021-22,180804,283,Axel Tuanzebe,DEF
2021-22,146941,259,Aymeric Laporte,DEF
2021-22,175353,394,Ayotomiwa Dele-Bashiru,MID
2021-22,168580,211,Ayoze Pérez,MID
2021-22,220037,117,Bailey Peacock-Farrell,GKP
2021-22,220686,515,Bali Mumba,DEF
2021-22,108823,363,Bamidele Alli,MID
2021-22,115556,364,Ben Davies,DEF
2021-22,152898,248,Ben Davies,DEF
2021-22,9089,376,Ben Foster,GKP
2021-22,83312,456,Ben Gibson,DEF
2021-22,198826,179,Ben Godfrey,DEF
2021-22,222018,425,Ben Johnson,DEF
2021-22,51927,106,Ben Mee,DEF
2021-22,501770,645,Ben Nelson,DEF
2021-22,198869,67,Ben White,DEF
2021-22,241289,401,Ben Wilmot,DEF
2021-22,182436,553,Ben Woodburn,MID
2021-22,172850,135,Benjamin Chilwell,DEF
2021-22,487835,703,Benjamin Chrisene,MID
2021-22,102826,253,Benjamin Mendy,DEF
2021-22,100649,167,Bernard Anício Caldeira Duarte,MID
2021-22,209362,68,Bernardo Fernandes Da Silva Junior,DEF
2021-22,165809,261,Bernardo Mota Veiga de Carvalho e Silva,MID
2021-22,80201,1,Bernd Leno,GKP
2021-22,110504,32,Bertrand Traoré,MID
2021-22,243568,145,Billy Gilmour,MID
2021-22,108156,31,Björn Engels,DEF
2021-22,461102,534,Bobby Thomas,DEF
2021-22,225902,458,Boubakary Soumaré,MID
2021-22,214572,659,Brandon Austin,GKP
2021-22,232937,290,Brandon Williams,DEF
2021-22,428610,661,Bruno André Cavaco Jordão,MID
2021-22,208706,697,Bruno Guimarães Rodriguez Moura,MID
2021-22,141746,277,Bruno Miguel Borges Fernandes,MID
2021-22,436234,487,Bryan Gil Salvatierra,MID
2021-22,446008,96,Bryan Mbeumo,MID
2021-22,223340,22,Bukayo Saka,MID
2021-22,209046,140,Callum Hudson-Odoi,MID
2021-22,75115,296,Callum Wilson,FWD
2021-22,101184,10,Calum Chambers,DEF
2021-22,433979,568,Cameron Archer,FWD
2021-22,200720,242,Caoimhin Kelleher,GKP
2021-22,478912,526,Carney Chukwuemeka,MID
2021-22,66838,622,Cenk Tosun,FWD
2021-22,492373,563,Charlie Cresswell,DEF
2021-22,213687,87,Charlie Goode,DEF
2021-22,450544,664,Charlie Patino,MID
2021-22,461529,737,Charlie Savage,MID
2021-22,103914,113,Charlie Taylor,DEF
2021-22,491556,613,Charlie Whitaker,MID
2021-22,200439,345,Che Adams,FWD
2021-22,55037,150,Cheikhou Kouyaté,DEF
2021-22,461026,548,Chem Campbell,MID
2021-22,60689,109,Chris Wood,FWD
2021-22,54861,149,Christian Benteke,FWD
2021-22,80607,699,Christian Eriksen,MID
2021-22,85624,384,Christian Kabasele,DEF
2021-22,481626,549,Christian Marques,DEF
2021-22,128295,77,Christian Nørgaard,MID
2021-22,176413,137,Christian Pulisic,MID
2021-22,192303,324,Christoph Zimmermann,DEF
2021-22,439509,528,Christos Tzolis,MID
2021-22,58845,293,Ciaran Clark,DEF
2021-22,434044,615,Cieran Slicker,GKP
2021-22,433590,562,Cody Drameh,DEF
2021-22,244851,507,Cole Palmer,MID
2021-22,192290,585,Connor Roberts,DEF
2021-22,492777,626,Conor Bradley,DEF
2021-22,94147,429,Conor Coady,DEF
2021-22,222017,522,Conor Coventry,MID
2021-22,232787,144,Conor Gallagher,MID
2021-22,85242,29,Conor Hourihane,MID
2021-22,432711,651,Conrad Egan-Riley,DEF
2021-22,41338,379,Craig Cathcart,DEF
2021-22,60232,414,Craig Dawson,DEF
2021-22,221632,494,Cristian Romero,DEF
2021-22,14937,579,Cristiano Ronaldo dos Santos Aveiro,FWD
2021-22,450070,551,Crysencio Summerville,MID
2021-22,206915,244,Curtis Jones,MID
2021-22,58822,5,Cédric Soares,DEF
2021-22,41328,119,César Azpilicueta,DEF
2021-22,40845,102,Dale Stephens,MID
2021-22,78916,58,Dan Burn,DEF
2021-22,40387,378,Dan Gosling,MID
2021-22,490145,520,Dane Scarlett,FWD
2021-22,155569,208,Daniel Amartey,DEF
2021-22,154506,389,Daniel Bachmann,GKP
2021-22,200600,438,Daniel Castelo Podence,MID
2021-22,440120,710,Daniel Chesters,MID
2021-22,200617,287,Daniel James,MID
2021-22,200088,344,Daniel N'Lundulu,FWD
2021-22,84939,337,Danny Ings,FWD
2021-22,38290,377,Danny Rose,DEF
2021-22,95463,204,Danny Ward,GKP
2021-22,50175,447,Danny Welbeck,FWD
2021-22,530873,726,Dara Costelloe,MID
2021-22,32259,407,Darren Randolph,GKP
2021-22,154561,80,David Raya Martin,GKP
2021-22,51940,270,David de Gea,GKP
2021-22,173904,367,Davinson Sánchez,DEF
2021-22,66242,57,Davy Pröpper,MID
2021-22,172649,280,Dean Henderson,GKP
2021-22,204480,421,Declan Rice,MID
2021-22,445044,701,Dejan Kulusevski,MID
2021-22,172632,484,Demarai Gray,MID
2021-22,106837,206,Dennis Praet,MID
2021-22,149915,190,Diego Llorente,DEF
2021-22,232456,597,Dilan Markanday,MID
2021-22,189627,457,Dimitris Giannoulis,DEF
2021-22,194634,240,Diogo Jota,MID
2021-22,225000,686,Dion Sanderson,DEF
2021-22,152760,235,Divock Origi,FWD
2021-22,216058,397,Domingos Quina,MID
2021-22,177815,177,Dominic Calvert-Lewin,FWD
2021-22,232247,498,Dominic Thompson,DEF
2021-22,180184,282,Donny van de Beek,MID
2021-22,230046,50,Douglas Luiz Soares de Paulo,MID
2021-22,104547,300,Dwight Gayle,FWD
2021-22,433154,118,Dwight McNeil,MID
2021-22,248853,665,Dynel Simeu,DEF
2021-22,232413,160,Eberechi Eze,MID
2021-22,448496,653,Ed Turns,DEF
2021-22,121160,257,Ederson Santana de Moraes,GKP
2021-22,40720,269,Edinson Cavani,FWD
2021-22,442335,679,Edo Kayembe,MID
2021-22,228286,143,Edouard Mendy,GKP
2021-22,205533,20,Edward Nketiah,FWD
2021-22,11974,573,Eldin Jakupovic,GKP
2021-22,235448,92,Ellery Balcombe,GKP
2021-22,215379,609,Elliot Anderson,MID
2021-22,218997,602,Ellis Simms,FWD
2021-22,241157,588,Emerson Aparecido Leite de Souza Junior,DEF
2021-22,109533,539,Emerson Palmieri dos Santos,DEF
2021-22,111773,303,Emil Krafth,DEF
2021-22,209289,21,Emile Smith Rowe,MID
2021-22,195546,43,Emiliano Buendía Stati,MID
2021-22,98980,30,Emiliano Martínez,GKP
2021-22,230251,450,Emmanuel Dennis,FWD
2021-22,423649,462,Enock Mwepu,MID
2021-22,197365,286,Eric Bailly,DEF
2021-22,93264,361,Eric Dier,DEF
2021-22,62974,356,Erik Lamela,MID
2021-22,39487,100,Erik Pieters,DEF
2021-22,199598,139,Ethan Ampadu,DEF
2021-22,231065,91,Ethan Pinnock,DEF
2021-22,487117,655,Evan Ferguson,FWD
2021-22,199798,45,Ezri Konsa Ngoyo,DEF
2021-22,41823,163,Fabian Delph,MID
2021-22,119471,305,Fabian Schär,DEF
2021-22,116643,232,Fabio Henrique Tavares,MID
2021-22,449988,445,Fabio Silva,FWD
2021-22,57145,465,Federico Fernández,DEF
2021-22,27789,453,Fernando Luiz Rosa,MID
2021-22,111291,432,Fernando Marçal,DEF
2021-22,224444,268,Ferran Torres,MID
2021-22,462381,650,Filip Marschall,GKP
2021-22,450550,569,Finley Stevens,DEF
2021-22,93284,500,Florin Andone,FWD
2021-22,232223,530,Folarin Balogun,FWD
2021-22,39790,183,Francisco Casilla Cortés,GKP
2021-22,54484,382,Francisco Femenía Far,DEF
2021-22,510363,689,Francisco Jorge Tomás Oliveira,MID
2021-22,222564,461,Francisco Machado Mota de Castro Trincão,MID
2021-22,208973,396,Francisco Sierralta,DEF
2021-22,428580,479,Frank Onyeka,MID
2021-22,40383,333,Fraser Forster,GKP
2021-22,155503,513,Freddie Woodman,GKP
2021-22,101582,274,Frederico Rodrigues de Paula Santos,MID
2021-22,486870,521,Frederik Alves,DEF
2021-22,203368,46,Frédéric Guilbert,DEF
2021-22,205651,263,Gabriel Fernando de Jesus,FWD
2021-22,226597,23,Gabriel Magalhães,DEF
2021-22,444145,26,Gabriel Teodoro Martinelli Silva,MID
2021-22,200826,372,Giovani Lo Celso,MID
2021-22,84450,7,Granit Xhaka,MID
2021-22,83428,319,Grant Hanley,DEF
2021-22,55422,164,Gylfi Sigurdsson,MID
2021-22,124183,131,Hakim Ziyech,MID
2021-22,434662,95,Halil Dervişoğlu,FWD
2021-22,197469,214,Hamza Choudhury,MID
2021-22,465527,706,Hannibal Mejbri,MID
2021-22,441024,617,Harrison Ashby,DEF
2021-22,78830,357,Harry Kane,FWD
2021-22,198044,637,Harry Lewis,GKP
2021-22,95658,273,Harry Maguire,DEF
2021-22,447325,616,Harry Tyrer,GKP
2021-22,157668,366,Harry Winks,MID
2021-22,201666,215,Harvey Barnes,MID
2021-22,444884,506,Harvey Elliott,MID
2021-22,491785,672,Harvey Vale,MID
2021-22,448791,668,Harvey White,MID
2021-22,171099,676,Hassane Kamara,DEF
2021-22,433589,560,Haydon Roberts,DEF
2021-22,184754,583,Hee-Chan Hwang,FWD
2021-22,85971,359,Heung-Min Son,MID
2021-22,490721,635,Hugo Bueno,DEF
2021-22,37915,353,Hugo Lloris,GKP
2021-22,98745,9,Héctor Bellerín,DEF
2021-22,443967,463,Héctor Junior Firpo Adames,DEF
2021-22,165808,192,Hélder Wander Sousa de Azevedo e Costa,MID
2021-22,215460,195,Ian Carlo Poveda-Ocampo,MID
2021-22,240143,349,Ibrahima Diallo,MID
2021-22,204716,243,Ibrahima Konaté,DEF
2021-22,59859,250,Ilkay Gündogan,MID
2021-22,437495,199,Illan Meslier,GKP
2021-22,471471,403,Imrân Louza,MID
2021-22,153127,306,Isaac Hayden,MID
2021-22,491559,718,Isaac Price,MID
2021-22,173514,393,Isaac Success Ajayi,FWD
2021-22,232185,399,Ismaila Sarr,MID
2021-22,219924,424,Issa Diop,DEF
2021-22,144485,78,Ivan Toney,FWD
2021-22,105666,156,Jack Butland,GKP
2021-22,40145,101,Jack Cork,MID
2021-22,114283,33,Jack Grealish,MID
2021-22,573808,734,Jack Grieves,FWD
2021-22,221399,267,Jack Harrison,MID
2021-22,492374,631,Jack Jenkins,MID
2021-22,88900,338,Jack Stephens,DEF
2021-22,114243,304,Jacob Murphy,MID
2021-22,232653,51,Jacob Ramsey,MID
2021-22,235546,327,Jacob Sørensen,DEF
2021-22,481624,497,Jaden Philogene-Bidace,MID
2021-22,209243,485,Jadon Sancho,MID
2021-22,173954,157,Jairo Riedewald,MID
2021-22,243505,75,Jakub Moder,MID
2021-22,101148,299,Jamaal Lascelles,DEF
2021-22,462384,554,Jamal Baptiste,DEF
2021-22,194799,311,Jamal Lewis,DEF
2021-22,220627,218,James Justin,DEF
2021-22,172780,212,James Maddison,MID
2021-22,50471,148,James McArthur,MID
2021-22,432714,629,James McAtee,MID
2021-22,15157,221,James Milner,MID
2021-22,242183,633,James Morris,DEF
2021-22,60025,166,James Rodríguez,MID
2021-22,518504,621,James Storer,GKP
2021-22,17761,98,James Tarkowski,DEF
2021-22,49413,147,James Tomkins,DEF
2021-22,101178,341,James Ward-Prowse,MID
2021-22,223337,717,Jamie Bowden,MID
2021-22,221610,197,Jamie Shackleton,MID
2021-22,101668,205,Jamie Vardy,FWD
2021-22,171771,343,Jan Bednarek,DEF
2021-22,420922,93,Jan Zamburek,MID
2021-22,93100,340,Jannik Vestergaard,DEF
2021-22,199584,371,Japhet Tanganga,DEF
2021-22,441428,660,Jarell Quansah,DEF
2021-22,185478,158,Jarosław Jach,DEF
2021-22,480455,544,Jarrad Branthwaite,DEF
2021-22,178186,420,Jarrod Bowen,MID
2021-22,49262,54,Jason Steele,GKP
2021-22,109528,302,Javier Manquillo,DEF
2021-22,44683,104,Jay Rodriguez,FWD
2021-22,160987,504,Jean-Philippe Gbamin,MID
2021-22,231747,159,Jean-Philippe Mateta,FWD
2021-22,79852,28,Jed Steer,GKP
2021-22,83314,297,Jeff Hendrick,MID
2021-22,86417,155,Jeffrey Schlupp,MID
2021-22,232391,400,Jeremy Ngakia,DEF
2021-22,441192,612,Jeremy Sarmiento,MID
2021-22,109322,276,Jesse Lingard,MID
2021-22,450542,541,Jesurun Rak-Sakyi,MID
2021-22,174874,488,Joachim Andersen,DEF
2021-22,462635,577,Joe Gelhardt,FWD
2021-22,15749,352,Joe Hart,GKP
2021-22,214225,374,Joe Rodon,DEF
2021-22,461484,599,Joe White,MID
2021-22,60914,224,Joel Matip,DEF
2021-22,55494,474,Joel Ward,DEF
2021-22,180974,310,Joelinton Cássio Apolinário de Lira,FWD
2021-22,60586,108,Johann Berg Gudmundsson,MID
2021-22,122806,35,John McGinn,MID
2021-22,19236,452,John Ruddy,GKP
2021-22,97299,252,John Stones,DEF
2021-22,229415,666,Jon McCracken,GKP
2021-22,57513,673,Jonas Lössl,GKP
2021-22,114128,433,Jonathan Castro Otto,DEF
2021-22,483365,648,Jonathan Rowe,MID
2021-22,451310,643,Jonathan Tomkinson,DEF
2021-22,50232,291,Jonjo Shelvey,MID
2021-22,153673,502,Jonjoe Kenny,DEF
2021-22,37642,201,Jonny Evans,DEF
2021-22,80146,153,Jordan Ayew,FWD
2021-22,56979,222,Jordan Henderson,MID
2021-22,167522,322,Jordan Hugill,FWD
2021-22,111234,170,Jordan Pickford,GKP
2021-22,85955,123,Jorge Luiz Frello Filho,MID
2021-22,171287,238,Joseph Gomez,DEF
2021-22,244890,402,Joseph Hungbo,MID
2021-22,461080,735,Joseph McGlynn,FWD
2021-22,200089,19,Joseph Willock,MID
2021-22,217401,116,Josh Benson,MID
2021-22,172782,115,Josh Brownhill,MID
2021-22,536110,670,Josh Feeney,DEF
2021-22,439485,330,Josh Martin,MID
2021-22,78007,468,Joshua King,FWD
2021-22,215476,516,Joshua Sargent,FWD
2021-22,447880,604,Joshua Wilson-Esbrand,DEF
2021-22,216051,510,José Diogo Dalot Teixeira,DEF
2021-22,149065,475,José Malheiro de Sá,GKP
2021-22,19624,426,João Filipe Iria Santos Moutinho,MID
2021-22,121145,256,João Pedro Cavaco Cancelo,DEF
2021-22,475168,404,João Pedro Junqueira de Jesus,FWD
2021-22,222627,181,João Virgínia,GKP
2021-22,111478,62,Joël Veltman,DEF
2021-22,244716,472,Juan Camilo Hernández Suárez,FWD
2021-22,43670,459,Juan Mata,MID
2021-22,121570,722,Julian Jeanvier,DEF
2021-22,69143,495,Juraj Kucka,MID
2021-22,106757,595,Jürgen Locadia,FWD
2021-22,219847,141,Kai Havertz,MID
2021-22,496185,625,Kaide Gordon,MID
2021-22,465390,684,Kaine Hayden,DEF
2021-22,155405,191,Kalvin Phillips,MID
2021-22,468243,669,Kamil Conteh,MID
2021-22,59735,294,Karl Darlow,GKP
2021-22,463748,532,Karl Hein,GKP
2021-22,461587,647,Kasey McAteer,MID
2021-22,17745,200,Kasper Schmeichel,GKP
2021-22,478028,663,Kayky da Silva Chagas,FWD
2021-22,221239,49,Keinan Davis,FWD
2021-22,173515,213,Kelechi Iheanacho,FWD
2021-22,157775,391,Ken Sema,MID
2021-22,78607,318,Kenny McLean,MID
2021-22,109745,129,Kepa Arrizabalaga,GKP
2021-22,61366,251,Kevin De Bruyne,MID
2021-22,41674,103,Kevin Long,DEF
2021-22,445896,680,Kgaogelo Chauke,MID
2021-22,441271,443,Ki-Jana Hoever,DEF
2021-22,171270,323,Kieran Dowell,MID
2021-22,192895,16,Kieran Tierney,DEF
2021-22,77794,678,Kieran Trippier,DEF
2021-22,215413,505,Kiernan Dewsbury-Hall,MID
2021-22,240514,476,Kjell Scherpen,GKP
2021-22,233963,24,Konstantinos Mavropanos,DEF
2021-22,214285,245,Konstantinos Tsimikas,DEF
2021-22,123354,36,Kortney Hause,DEF
2021-22,513852,657,Kris Moore,DEF
2021-22,191866,483,Kristoffer Ajer,DEF
2021-22,223081,490,Kristoffer Klaesson,GKP
2021-22,103192,128,Kurt Zouma,DEF
2021-22,493934,405,Kwadwo Baah,MID
2021-22,58621,249,Kyle Walker,DEF
2021-22,158534,342,Kyle Walker-Peters,DEF
2021-22,515597,610,Lamare Bogarde,DEF
2021-22,151589,434,Leander Dendoncker,MID
2021-22,116216,64,Leandro Trossard,MID
2021-22,477547,608,Leo Fuhr Hjelde,DEF
2021-22,215711,492,Leon Bailey,MID
2021-22,450529,624,Lewis Bate,MID
2021-22,232620,646,Lewis Brunt,MID
2021-22,461421,607,Lewis Dobbin,FWD
2021-22,83299,59,Lewis Dunk,DEF
2021-22,487838,671,Lewis Hall,MID
2021-22,461096,533,Lewis Richardson,FWD
2021-22,55914,184,Liam Cooper,DEF
2021-22,463034,704,Liam Delap,FWD
2021-22,497605,683,Liam Gibbs,MID
2021-22,464618,576,Liam McCarron,MID
2021-22,242510,611,Louie Moulden,GKP
2021-22,461508,707,Lucas De Bolle,MID
2021-22,101188,168,Lucas Digne,DEF
2021-22,95715,362,Lucas Rodrigues Moura da Silva,MID
2021-22,198849,18,Lucas Torreira,MID
2021-22,244731,696,Luis Díaz,MID
2021-22,66975,152,Luka Milivojevic,MID
2021-22,76306,317,Lukas Rupp,MID
2021-22,37096,408,Lukasz Fabianski,GKP
2021-22,66588,185,Luke Ayling,DEF
2021-22,245923,547,Luke Cundle,MID
2021-22,439510,603,Luke Mbete,DEF
2021-22,106760,275,Luke Shaw,DEF
2021-22,244619,219,Luke Thomas,DEF
2021-22,212721,567,Lyanco Evangelista Silveira Neves Vojnovic,DEF
2021-22,228044,90,Mads Bech Sørensen,DEF
2021-22,481405,97,Mads Bidstrup,MID
2021-22,226956,89,Mads Roerslev Rasmussen,DEF
2021-22,148508,37,Mahmoud Ahmed Ibrahim Hassan,MID
2021-22,204727,501,Malang Sarr,DEF
2021-22,86934,416,Manuel Lanzini,MID
2021-22,51938,202,Marc Albrighton,MID
2021-22,179268,584,Marc Cucurella,DEF
2021-22,209036,477,Marc Guéhi,DEF
2021-22,433138,654,Marc Leonard,MID
2021-22,220166,398,Marc Navarro,DEF
2021-22,215610,724,Marcel Lavinier,DEF
2021-22,493928,720,Marcelo Flores,MID
2021-22,443629,656,Marcelo de Araújo Pitaluga Filho,GKP
2021-22,71738,316,Marco Stiepermann,MID
2021-22,82263,122,Marcos Alonso,DEF
2021-22,122074,606,Marcus Bettinelli,GKP
2021-22,216620,88,Marcus Forss,FWD
2021-22,176297,281,Marcus Rashford,MID
2021-22,81441,514,Mark Gillespie,GKP
2021-22,18073,406,Mark Noble,MID
2021-22,67089,295,Martin Dubravka,GKP
2021-22,58786,151,Martin Kelly,DEF
2021-22,184029,558,Martin Ødegaard,MID
2021-22,184704,41,Marvelous Nakamba,MID
2021-22,220688,289,Mason Greenwood,MID
2021-22,194164,178,Mason Holgate,DEF
2021-22,184341,138,Mason Mount,MID
2021-22,81183,111,Matej Vydra,FWD
2021-22,91651,125,Mateo Kovacic,MID
2021-22,72222,186,Mateusz Klich,MID
2021-22,131897,65,Mathew Ryan,GKP
2021-22,207283,86,Mathias Jensen,MID
2021-22,48760,594,Mathias Jorgensen,DEF
2021-22,179276,581,Mathias Normann,MID
2021-22,87835,360,Matt Doherty,DEF
2021-22,56983,292,Matt Ritchie,DEF
2021-22,169359,39,Matt Targett,DEF
2021-22,199796,44,Matthew Cash,DEF
2021-22,503300,619,Matthew Cox,GKP
2021-22,461201,729,Matthew Craig,MID
2021-22,223175,312,Matthew Longstaff,MID
2021-22,68983,110,Matthew Lowton,DEF
2021-22,467311,454,Matthew Pollock,DEF
2021-22,242166,25,Mattéo Guendouzi,MID
2021-22,232980,326,Max Aarons,DEF
2021-22,214048,439,Max Kilman,DEF
2021-22,149519,578,Maxwel Cornet,MID
2021-22,461558,628,Maxwell Haygarth,MID
2021-22,449444,719,Mazeed Ogungbo,DEF
2021-22,217487,48,Mbwana Ally Samatta,FWD
2021-22,106611,169,Michael Keane,DEF
2021-22,18499,313,Michael McGovern,GKP
2021-22,220598,348,Michael Obafemi,FWD
2021-22,443661,464,Michael Olise,MID
2021-22,57531,413,Michail Antonio,FWD
2021-22,442229,536,Michal Karbownik,DEF
2021-22,94245,126,Michy Batshuayi,FWD
2021-22,179018,308,Miguel Almirón,MID
2021-22,439482,721,Miguel Azeez,MID
2021-22,444880,694,Mika Biereth,FWD
2021-22,212723,449,Milot Rashica,MID
2021-22,96787,517,Mohamed Elyounoussi,MID
2021-22,153256,12,Mohamed Naser El Sayed Elneny,MID
2021-22,118748,233,Mohamed Salah,MID
2021-22,450527,351,Mohammed Salisu,DEF
2021-22,242058,564,Moise Kean,FWD
2021-22,486672,538,Moisés Caicedo,MID
2021-22,222531,440,Morgan Gibbs-White,MID
2021-22,122775,34,Morgan Sanson,MID
2021-22,431131,350,Moussa Djenepo,MID
2021-22,45268,354,Moussa Sissoko,MID
2021-22,450539,662,Myles Peart-Harris,MID
2021-22,116594,130,N'Golo Kanté,MID
2021-22,175592,239,Naby Keita,MID
2021-22,86881,203,Nampalys Mendy,MID
2021-22,126184,258,Nathan Aké,DEF
2021-22,173818,545,Nathan Broadhead,FWD
2021-22,432830,451,Nathan Collins,DEF
2021-22,232423,161,Nathan Ferguson,DEF
2021-22,243571,674,Nathan Patterson,DEF
2021-22,83283,336,Nathan Redmond,MID
2021-22,203389,346,Nathan Tella,MID
2021-22,460029,640,Nathan Young-Coombes,FWD
2021-22,89085,385,Nathaniel Chalobah,MID
2021-22,57328,493,Nathaniel Clyne,DEF
2021-22,197464,241,Nathaniel Phillips,DEF
2021-22,115382,63,Neal Maupay,FWD
2021-22,215136,246,Neco Williams,DEF
2021-22,62398,271,Nemanja Matic,MID
2021-22,98747,112,Nick Pope,GKP
2021-22,52775,618,Nicolas Nkoulou,DEF
2021-22,195735,17,Nicolas Pépé,MID
2021-22,495542,570,Niels Nkounkou,DEF
2021-22,180151,582,Nikola Vlasic,MID
2021-22,469249,600,Nohan Kenneh,MID
2021-22,437626,466,Nuno Varela Tavares,DEF
2021-22,200402,437,Nélson Cabral Semedo,DEF
2021-22,445548,712,Odeluga Offiah,DEF
2021-22,199670,586,Odsonne Edouard,FWD
2021-22,227560,467,Oghenekaro Peter Etebo,MID
2021-22,206325,264,Oleksandr Zinchenko,DEF
2021-22,209042,373,Oliver Skipp,MID
2021-22,44346,120,Olivier Giroud,FWD
2021-22,178301,40,Ollie Watkins,FWD
2021-22,503301,692,Omari Hutchinson,MID
2021-22,89470,320,Onel Hernández,MID
2021-22,78056,335,Oriol Romeu Vidal,MID
2021-22,430992,627,Owen Beck,DEF
2021-22,461567,565,Owen Dodgson,DEF
2021-22,250604,442,Owen Otasowie,MID
2021-22,438277,580,Ozan Kabak,DEF
2021-22,130036,557,Ozan Tufan,MID
2021-22,217593,423,Pablo Fornals,MID
2021-22,28690,182,Pablo Hernández Domínguez,MID
2021-22,92371,8,Pablo Marí,DEF
2021-22,220695,614,Paris Maghoma,MID
2021-22,60307,55,Pascal Groß,MID
2021-22,222694,198,Pascal Struijk,DEF
2021-22,106617,189,Patrick Bamford,FWD
2021-22,209353,523,Patrick Cutrone,FWD
2021-22,434024,94,Patrik Gunnarsson,GKP
2021-22,245419,455,Patson Daka,FWD
2021-22,106618,301,Paul Dummett,DEF
2021-22,74208,272,Paul Pogba,MID
2021-22,247632,441,Pedro Lomba Neto,MID
2021-22,183656,82,Pelenda Joshua Dasilva,MID
2021-22,17997,99,Phil Bardsley,DEF
2021-22,209244,265,Phil Foden,MID
2021-22,76359,632,Phil Jones,DEF
2021-22,162344,392,Philip Zinckernagel,MID
2021-22,84583,681,Philippe Coutinho Correia,MID
2021-22,156683,486,Pierluigi Gollini,GKP
2021-22,458297,682,Pierre Ekwah,DEF
2021-22,212325,471,Pierre Lees-Melou,MID
2021-22,54694,4,Pierre-Emerick Aubameyang,FWD
2021-22,132015,365,Pierre-Emile Højbjerg,MID
2021-22,61810,76,Pontus Jansson,DEF
2021-22,428626,328,Przemyslaw Placheta,MID
2021-22,103955,255,Raheem Sterling,MID
2021-22,219961,196,Raphael Dias Belloli,MID
2021-22,90152,555,Raphaël Varane,DEF
2021-22,448514,470,Rayan Ait Nouri,DEF
2021-22,102057,430,Raúl Jiménez,FWD
2021-22,223824,540,Reece Hannam,DEF
2021-22,225796,142,Reece James,DEF
2021-22,474907,623,Reece Welch,DEF
2021-22,200641,531,Reiss Nelson,MID
2021-22,169593,561,Remi Matthews,GKP
2021-22,219937,247,Rhys Williams,DEF
2021-22,111931,207,Ricardo Domingos Barbosa Pereira,DEF
2021-22,212319,180,Richarlison de Andrade,FWD
2021-22,194010,83,Rico Henry,DEF
2021-22,103025,254,Riyad Mahrez,MID
2021-22,156074,14,Rob Holding,DEF
2021-22,19838,574,Robert Elliot,GKP
2021-22,167767,690,Robert Kenedy Nunes do Nascimento,DEF
2021-22,448482,542,Robert Street,FWD
2021-22,215059,69,Robert Sánchez,GKP
2021-22,92217,228,Roberto Firmino,FWD
2021-22,193645,194,Robin Koch,DEF
2021-22,111782,691,Robin Olsen,GKP
2021-22,202993,702,Rodrigo Bentancur,MID
2021-22,220566,266,Rodrigo Hernandez,MID
2021-22,80954,187,Rodrigo Moreno,FWD
2021-22,244560,460,Romain Perraud,DEF
2021-22,107613,431,Romain Saïss,DEF
2021-22,66749,529,Romelu Lukaku,FWD
2021-22,514356,605,Romeo Lavia,MID
2021-22,88894,124,Ross Barkley,MID
2021-22,126187,132,Ruben Loftus-Cheek,MID
2021-22,38533,427,Rui Pedro dos Santos Patrício,GKP
2021-22,461023,695,Ryan Alebiosu,DEF
2021-22,40146,473,Ryan Bertrand,DEF
2021-22,90105,298,Ryan Fraser,MID
2021-22,81012,415,Ryan Fredericks,DEF
2021-22,232351,687,Ryan Giles,MID
2021-22,184349,368,Ryan Sessegnon,DEF
2021-22,171317,436,Rúben Diogo da Silva Neves,MID
2021-22,171314,262,Rúben Santos Gato Alves Dias,DEF
2021-22,115918,2,Rúnar Alex Rúnarsson,GKP
2021-22,110979,230,Sadio Mané,MID
2021-22,498046,693,Salah-Eddine Oulad M'hand,MID
2021-22,57134,591,Salomón Rondón,FWD
2021-22,113564,321,Sam Byram,DEF
2021-22,248937,550,Sam Greenwood,FWD
2021-22,514229,708,Sam Waller,GKP
2021-22,205836,85,Saman Ghoddos,MID
2021-22,162651,677,Samir Caetano de Souza Santos,DEF
2021-22,490503,508,Samuel Edozie,MID
2021-22,225702,698,Samuel Kalu,MID
2021-22,172841,419,Saïd Benrahma,MID
2021-22,89335,592,Saúl Ñíguez,MID
2021-22,462831,543,Scott Banks,MID
2021-22,17601,593,Scott Carson,GKP
2021-22,195851,285,Scott McTominay,MID
2021-22,111457,11,Sead Kolasinac,DEF
2021-22,59949,165,Seamus Coleman,DEF
2021-22,180135,309,Sean Longstaff,MID
2021-22,80226,358,Serge Aurier,DEF
2021-22,174932,81,Sergi Canós,MID
2021-22,199249,370,Sergio Reguilón,DEF
2021-22,432160,499,Shandon Baptiste,MID
2021-22,61933,56,Shane Duffy,DEF
2021-22,20452,519,Shane Long,FWD
2021-22,524196,725,Shaqai Forde,FWD
2021-22,472464,727,Shola Shoretire,MID
2021-22,109345,60,Solomon March,MID
2021-22,496228,634,Sonny Perkins,MID
2021-22,235382,73,Steven Alzate,MID
2021-22,194252,369,Steven Bergwijn,MID
2021-22,140941,388,Stipe Perica,FWD
2021-22,91047,339,Stuart Armstrong,MID
2021-22,87873,188,Stuart Dallas,MID
2021-22,473342,601,Stuart McKinstry,MID
2021-22,223723,590,Takehiro Tomiyasu,DEF
2021-22,157882,236,Takumi Minamino,MID
2021-22,173879,136,Tammy Abraham,FWD
2021-22,231372,375,Tanguy Ndombele,MID
2021-22,232792,71,Tariq Lamptey,DEF
2021-22,154138,79,Tariqe Fosu-Henry,MID
2021-22,209045,537,Taylor Richards,MID
2021-22,501468,709,Tayo Adaramola,DEF
2021-22,57127,315,Teemu Pukki,FWD
2021-22,20467,332,Theo Walcott,MID
2021-22,61558,225,Thiago Alcántara do Nascimento,MID
2021-22,51090,121,Thiago Emiliano da Silva,DEF
2021-22,491551,667,Thierry Small,DEF
2021-22,445550,649,Thomas Dickson-Peters,FWD
2021-22,209288,688,Thomas McGill,GKP
2021-22,167199,15,Thomas Partey,MID
2021-22,535339,732,Tiago Çukur,FWD
2021-22,490094,638,Tim Iroegbunam,MID
2021-22,20480,314,Tim Krul,GKP
2021-22,165153,134,Timo Werner,FWD
2021-22,166477,209,Timothy Castagne,DEF
2021-22,441191,491,Tino Livramento,DEF
2021-22,209418,598,Tobi Omole,DEF
2021-22,55605,355,Toby Alderweireld,DEF
2021-22,193111,325,Todd Cantwell,MID
2021-22,43250,381,Tom Cleverley,MID
2021-22,173807,176,Tom Davies,MID
2021-22,21205,509,Tom Heaton,GKP
2021-22,215439,422,Tomas Soucek,MID
2021-22,515599,713,Tommi O'Reilly,MID
2021-22,220394,566,Tommy Doyle,MID
2021-22,446281,716,Tony Springett,MID
2021-22,510362,685,Toti António Gomes,DEF
2021-22,169187,237,Trent Alexander-Arnold,DEF
2021-22,180736,527,Trevoh Chalobah,DEF
2021-22,41725,380,Troy Deeney,FWD
2021-22,496661,731,Tyler Dibling,MID
2021-22,440148,620,Tyler Morton,MID
2021-22,461446,630,Tyler Onyango,MID
2021-22,173821,193,Tyler Roberts,MID
2021-22,244723,162,Tyrick Mitchell,DEF
2021-22,149484,38,Tyrone Mings,DEF
2021-22,40836,146,Vicente Guaita,GKP
2021-22,184667,284,Victor Lindelöf,DEF
2021-22,248164,596,Viljami Sinisalo,GKP
2021-22,563883,642,Vincent Angelini,GKP
2021-22,97032,229,Virgil van Dijk,DEF
2021-22,224967,675,Vitalii Mykolenko,DEF
2021-22,204580,84,Vitaly Janelt,MID
2021-22,164555,418,Vladimir Coufal,DEF
2021-22,232229,639,Vontae Daley-Campbell,DEF
2021-22,20066,480,Wayne Hennessey,GKP
2021-22,444463,220,Wesley Fofana,DEF
2021-22,213345,47,Wesley Moraes,FWD
2021-22,203341,216,Wilfred Ndidi,MID
2021-22,82403,154,Wilfried Zaha,MID
2021-22,108413,386,Will Hughes,MID
2021-22,168399,114,Will Norris,GKP
2021-22,462424,27,William Saliba,DEF
2021-22,214466,347,William Smallbone,MID
2021-22,131304,387,William Troost-Ekong,DEF
2021-22,47431,3,Willian Borges Da Silva,MID
2021-22,90585,428,Willy Boly,DEF
2021-22,20310,641,Willy Caballero,GKP
2021-22,48717,410,Winston Reid,DEF
2021-22,120202,700,Wout Weghorst,FWD
2021-22,68312,226,Xherdan Shaqiri,MID
2021-22,213482,546,Yan Valery,DEF
2021-22,164511,175,Yerry Mina,DEF
2021-22,501837,446,Yerson Mosquera Valdelamar,DEF
2021-22,216646,524,Yoane Wissa,MID
2021-22,166989,210,Youri Tielemans,MID
2021-22,227127,70,Yves Bissouma,MID
2021-22,490887,705,Zach Awe,DEF
2021-22,164484,260,Zack Steffen,GKP
2021-22,232245,711,Zak Swanson,DEF
2021-22,240796,556,Álvaro Fernández,GKP
2021-22,515501,728,Álvaro Fernández,DEF
2021-22,218031,217,Çaglar Söyüncü,DEF
2022-23,55459,457,Aaron Cresswell,DEF
2022-23,472713,510,Aaron Hickey,DEF
2022-23,225321,15,Aaron Ramsdale,GKP
2022-23,214590,341,Aaron Wan-Bissaka,DEF
2022-23,121599,185,Abdoulaye Doucouré,MID
2022-23,155511,408,Adam Armstrong,FWD
2022-23,80179,224,Adam Forshaw,MID
2022-23,39155,101,Adam Lallana,MID
2022-23,54469,57,Adam Smith,DEF
2022-23,110735,108,Adam Webster,DEF
2022-23,159533,491,Adama Traoré Diarra,MID
2022-23,60706,497,Adrián San Miguel del Castillo,GKP
2022-23,154043,21,Ainsley Maitland-Niles,MID
2022-23,437742,18,Albert Sambi Lokonga,MID
2022-23,493105,569,Alejandro Garnacho,MID
2022-23,128389,210,Aleksandar Mitrović,FWD
2022-23,153133,186,Alex Iwobi,MID
2022-23,58376,401,Alex McCarthy,GKP
2022-23,244930,395,Alex Mighten,MID
2022-23,81880,278,Alex Oxlade-Chamberlain,MID
2022-23,434043,772,Alex Robertson,MID
2022-23,45220,581,Alex Smithies,GKP
2022-23,152590,334,Alex Telles,DEF
2022-23,219168,594,Alexander Isak,FWD
2022-23,106468,694,Alexandre Moreno Lopera,DEF
2022-23,243016,116,Alexis Mac Allister,MID
2022-23,496179,452,Alfie Devine,MID
2022-23,514280,775,Alfie Gilchrist,DEF
2022-23,116535,281,Alisson Ramses Becker,GKP
2022-23,119765,183,Allan Marques Loureiro,MID
2022-23,170137,368,Allan Saint-Maximin,MID
2022-23,84182,473,Alphonse Areola,GKP
2022-23,493250,550,Amad Diallo,MID
2022-23,449871,577,Amadou Onana,MID
2022-23,519324,668,Amario Cozier-Duberry,MID
2022-23,156689,346,Andreas Hoelgebaum Pereira,MID
2022-23,513834,651,Andrew Moran,MID
2022-23,122798,284,Andrew Robertson,DEF
2022-23,532605,702,Andrey Nascimento dos Santos,MID
2022-23,60252,179,Andros Townsend,MID
2022-23,45124,734,André Ayew,MID
2022-23,120250,184,André Tavares Gomes,MID
2022-23,11948,760,Andy Lonergan,GKP
2022-23,40669,456,Angelo Ogbonna,DEF
2022-23,449434,344,Anthony Elanga,MID
2022-23,232826,195,Anthony Gordon,MID
2022-23,83543,202,Anthony Knockaert,MID
2022-23,148225,345,Anthony Martial,FWD
2022-23,437730,714,Antoine Semenyo,FWD
2022-23,169528,217,Antonee Robinson,DEF
2022-23,467169,609,Antony Matheus dos Santos,MID
2022-23,193488,51,Anwar El Ghazi,MID
2022-23,547701,565,Archie Gray,MID
2022-23,440323,150,Armando Broja,FWD
2022-23,477386,423,Armel Bella-Kotchap,DEF
2022-23,248865,572,Armstrong Oko-Flex,MID
2022-23,220307,713,Arnaut Danjuma,MID
2022-23,204043,620,Arthur Henrique Ramos de Oliveira Melo,MID
2022-23,105717,462,Arthur Masuaku,DEF
2022-23,18892,538,Ashley Young,DEF
2022-23,40349,176,Asmir Begović,GKP
2022-23,146941,309,Aymeric Laporte,DEF
2022-23,168580,260,Ayoze Pérez,MID
2022-23,461188,673,Bashir Humphreys,DEF
2022-23,172850,139,Ben Chilwell,DEF
2022-23,115556,432,Ben Davies,DEF
2022-23,152898,499,Ben Davies,DEF
2022-23,496208,665,Ben Doak,MID
2022-23,198826,193,Ben Godfrey,DEF
2022-23,474772,737,Ben Greenwood,DEF
2022-23,222018,471,Ben Johnson,DEF
2022-23,244932,600,Ben Knight,MID
2022-23,51927,526,Ben Mee,DEF
2022-23,156687,68,Ben Pearson,MID
2022-23,198869,10,Benjamin White,DEF
2022-23,242880,689,Benoît Badiashile,DEF
2022-23,165809,311,Bernardo Veiga de Carvalho e Silva,MID
2022-23,80201,2,Bernd Leno,GKP
2022-23,110504,34,Bertrand Traoré,MID
2022-23,243568,149,Billy Gilmour,MID
2022-23,491970,584,Bobby Clark,MID
2022-23,96994,205,Bobby De Cordova-Reid,MID
2022-23,226944,53,Boubacar Kamara,MID
2022-23,476502,629,Boubacar Traoré,MID
2022-23,225902,269,Boubakary Soumaré,MID
2022-23,437476,396,Braian Ojeda Rodríguez,MID
2022-23,214572,451,Brandon Austin,GKP
2022-23,232937,343,Brandon Williams,DEF
2022-23,427637,246,Brenden Aaronson,MID
2022-23,242898,394,Brennan Johnson,FWD
2022-23,102836,382,Brice Samba,GKP
2022-23,141746,333,Bruno Borges Fernandes,MID
2022-23,208706,374,Bruno Guimarães Rodriguez Moura,MID
2022-23,436234,554,Bryan Gil Salvatierra,MID
2022-23,446008,95,Bryan Mbeumo,FWD
2022-23,223340,13,Bukayo Saka,MID
2022-23,209046,144,Callum Hudson-Odoi,MID
2022-23,75115,356,Callum Wilson,FWD
2022-23,101184,32,Calum Chambers,DEF
2022-23,489580,298,Calvin Ramsay,DEF
2022-23,433979,54,Cameron Archer,FWD
2022-23,491598,762,Cameron Peupion,MID
2022-23,461012,649,Cameron Plain,GKP
2022-23,200720,289,Caoimhin Kelleher,GKP
2022-23,502697,693,Carlos Alcaraz,MID
2022-23,61256,593,Carlos Henrique Casimiro,MID
2022-23,166325,383,Carlos Ribeiro Dias,MID
2022-23,245824,618,Carlos Vinícius Alves Morais,FWD
2022-23,478912,48,Carney Chukwuemeka,MID
2022-23,213687,96,Charlie Goode,DEF
2022-23,547673,750,Charlie Robinson,DEF
2022-23,200439,411,Che Adams,FWD
2022-23,438464,514,Cheick Doucouré,MID
2022-23,55037,583,Cheikhou Kouyaté,MID
2022-23,461026,568,Chem Campbell,MID
2022-23,223911,71,Chris Mepham,DEF
2022-23,427623,530,Chris Richards,DEF
2022-23,60689,354,Chris Wood,FWD
2022-23,54861,155,Christian Benteke,FWD
2022-23,80607,519,Christian Eriksen,MID
2022-23,128295,79,Christian Nørgaard,MID
2022-23,176413,140,Christian Pulisic,MID
2022-23,461017,597,Christian Saydee,FWD
2022-23,58845,352,Ciaran Clark,DEF
2022-23,219291,599,Claudio Gomes,MID
2022-23,171101,513,Clément Lenglet,DEF
2022-23,433590,547,Cody Drameh,DEF
2022-23,243298,680,Cody Gakpo,MID
2022-23,244851,316,Cole Palmer,MID
2022-23,198842,567,Connor Ronan,MID
2022-23,94147,475,Conor Coady,DEF
2022-23,222017,556,Conor Coventry,MID
2022-23,232787,148,Conor Gallagher,MID
2022-23,60232,459,Craig Dawson,DEF
2022-23,221632,443,Cristian Romero,DEF
2022-23,14937,326,Cristiano Ronaldo dos Santos Aveiro,FWD
2022-23,450070,240,Crysencio Summerville,MID
2022-23,206915,291,Curtis Jones,MID
2022-23,58822,1,Cédric Alves Soares,DEF
2022-23,41328,127,César Azpilicueta,DEF
2022-23,524069,666,Dale Taylor,FWD
2022-23,78916,358,Dan Burn,DEF
2022-23,490145,447,Dane Scarlett,FWD
2022-23,533463,705,Dango Ouattara,MID
2022-23,590760,695,Daniel Adu-Adjei,FWD
2022-23,155569,257,Daniel Amartey,DEF
2022-23,79602,717,Daniel Bentley,GKP
2022-23,200600,483,Daniel Castelo Podence,MID
2022-23,207270,548,Daniel Iversen,GKP
2022-23,200617,231,Daniel James,MID
2022-23,513046,703,Danilo dos Santos de Oliveira,MID
2022-23,84939,30,Danny Ings,FWD
2022-23,95463,254,Danny Ward,GKP
2022-23,50175,103,Danny Welbeck,FWD
2022-23,470294,247,Darko Gyabi,MID
2022-23,32259,571,Darren Randolph,GKP
2022-23,447203,297,Darwin Núñez Ribeiro,FWD
2022-23,111317,60,David Brooks,MID
2022-23,520295,684,David Datro Fofana,FWD
2022-23,51940,327,David De Gea Quintana,GKP
2022-23,531989,676,David Ozoh,MID
2022-23,154561,81,David Raya Martin,GKP
2022-23,173904,435,Davinson Sánchez,DEF
2022-23,172649,398,Dean Henderson,GKP
2022-23,204480,467,Declan Rice,MID
2022-23,445044,446,Dejan Kulusevski,MID
2022-23,108823,181,Dele Alli,MID
2022-23,172632,189,Demarai Gray,MID
2022-23,212701,616,Denis Zakaria,MID
2022-23,450434,123,Deniz Undav,FWD
2022-23,106837,549,Dennis Praet,MID
2022-23,492776,664,Dexter Lembikisa,DEF
2022-23,165659,50,Diego Carlos Santos Silva,DEF
2022-23,18507,625,Diego Da Silva Costa,FWD
2022-23,149915,228,Diego Llorente,DEF
2022-23,216051,342,Diogo Dalot Teixeira,DEF
2022-23,491008,743,Diogo Pinheiro Monteiro,DEF
2022-23,194634,288,Diogo Teixeira da Silva,FWD
2022-23,487837,669,Divin Mubama,FWD
2022-23,232859,522,Djed Spence,DEF
2022-23,494543,770,Dominic Ballard,FWD
2022-23,177815,191,Dominic Calvert-Lewin,FWD
2022-23,550596,697,Dominic Sadi,FWD
2022-23,154566,66,Dominic Solanke,FWD
2022-23,232247,98,Dominic Thompson,DEF
2022-23,180184,336,Donny van de Beek,MID
2022-23,230046,46,Douglas Luiz Soares de Paulo,MID
2022-23,173271,623,Duje Caleta-Car,DEF
2022-23,104547,361,Dwight Gayle,FWD
2022-23,433154,534,Dwight McNeil,MID
2022-23,232413,169,Eberechi Eze,MID
2022-23,448496,640,Ed Turns,DEF
2022-23,205533,11,Eddie Nketiah,FWD
2022-23,121160,307,Ederson Santana de Moraes,GKP
2022-23,228286,147,Edouard Mendy,GKP
2022-23,11974,627,Eldin Jakupovic,GKP
2022-23,235448,100,Ellery Balcombe,GKP
2022-23,215379,552,Elliot Anderson,MID
2022-23,218997,686,Ellis Simms,FWD
2022-23,241157,445,Emerson Leite de Souza Junior,DEF
2022-23,109533,545,Emerson Palmieri dos Santos,DEF
2022-23,111773,364,Emil Krafth,DEF
2022-23,209289,12,Emile Smith Rowe,MID
2022-23,195546,42,Emiliano Buendía Stati,MID
2022-23,133845,63,Emiliano Marcondes,MID
2022-23,98980,31,Emiliano Martínez Romero,GKP
2022-23,230251,585,Emmanuel Dennis,FWD
2022-23,423649,118,Enock Mwepu,MID
2022-23,448047,724,Enzo Fernández,MID
2022-23,197365,339,Eric Bailly,DEF
2022-23,93264,430,Eric Dier,DEF
2022-23,223094,318,Erling Haaland,FWD
2022-23,199598,151,Ethan Ampadu,DEF
2022-23,499175,630,Ethan Nwaneri,MID
2022-23,231065,92,Ethan Pinnock,DEF
2022-23,447107,771,Ethan Wady,GKP
2022-23,461013,706,Euan Pollock,FWD
2022-23,487117,596,Evan Ferguson,FWD
2022-23,199798,44,Ezri Konsa Ngoyo,DEF
2022-23,119471,366,Fabian Schär,DEF
2022-23,116643,282,Fabio Henrique Tavares,MID
2022-23,449988,488,Fabio Silva,FWD
2022-23,536916,679,Facundo Buonanotte,MID
2022-23,488404,347,Facundo Pellistri Rebollo,MID
2022-23,57145,351,Federico Fernández,DEF
2022-23,116404,730,Felipe Augusto de Almeida Monteiro,DEF
2022-23,462381,670,Filip Marschall,GKP
2022-23,450550,540,Fin Stevens,DEF
2022-23,220585,509,Flynn Downes,MID
2022-23,510363,490,Francisco Jorge Tomás Oliveira,MID
2022-23,428580,93,Frank Onyeka,MID
2022-23,40383,426,Fraser Forster,GKP
2022-23,101582,331,Frederico Rodrigues de Paula Santos,MID
2022-23,203368,56,Frédéric Guilbert,DEF
2022-23,438098,25,Fábio Ferreira Vieira,MID
2022-23,244858,296,Fábio Freitas Gouveia Carvalho,MID
2022-23,205651,28,Gabriel Fernando de Jesus,FWD
2022-23,444145,19,Gabriel Martinelli Silva,MID
2022-23,226597,16,Gabriel dos Santos Magalhães,DEF
2022-23,564510,683,Garang Kuol,MID
2022-23,456350,422,Gavin Bazunu,GKP
2022-23,519327,758,George Abbott,MID
2022-23,450197,749,George Shelvey,GKP
2022-23,235449,747,George Wickens,GKP
2022-23,463067,700,Georginio Rutter,FWD
2022-23,195899,529,Gianluca Scamacca,FWD
2022-23,437753,399,Giulian Biancone,DEF
2022-23,181284,579,Gonçalo Manuel Ganchinho Guedes,MID
2022-23,84450,3,Granit Xhaka,MID
2022-23,185253,681,Gustavo Henrique Furtado Scarpa,MID
2022-23,124183,135,Hakim Ziyech,MID
2022-23,434662,541,Halil Dervişoğlu,FWD
2022-23,424044,723,Hamed Traorè,MID
2022-23,197469,263,Hamza Choudhury,MID
2022-23,441024,555,Harrison Ashby,DEF
2022-23,153366,211,Harrison Reed,MID
2022-23,48615,378,Harry Arter,MID
2022-23,78830,427,Harry Kane,FWD
2022-23,95658,330,Harry Maguire,DEF
2022-23,194190,727,Harry Souttar,DEF
2022-23,114241,523,Harry Toffolo,DEF
2022-23,153682,212,Harry Wilson,MID
2022-23,157668,434,Harry Winks,MID
2022-23,201666,264,Harvey Barnes,MID
2022-23,464353,592,Harvey Davies,GKP
2022-23,444884,294,Harvey Elliott,MID
2022-23,449133,658,Harvey Griffiths,MID
2022-23,491785,606,Harvey Vale,MID
2022-23,448791,449,Harvey White,MID
2022-23,433589,122,Haydon Roberts,DEF
2022-23,490721,558,Hugo Bueno López,DEF
2022-23,37915,425,Hugo Lloris,GKP
2022-23,184754,481,Hwang Hee-chan,MID
2022-23,240143,416,Ibrahima Diallo,MID
2022-23,204716,290,Ibrahima Konaté,DEF
2022-23,80801,611,Idrissa Gueye,MID
2022-23,59859,300,Ilkay Gündogan,MID
2022-23,437495,238,Illan Meslier,GKP
2022-23,477580,722,Illia Zabarnyi,DEF
2022-23,447720,765,Imari Samuels,DEF
2022-23,491559,678,Isaac Price,MID
2022-23,536238,757,Ishé Samuels-Smith,DEF
2022-23,219924,470,Issa Diop,DEF
2022-23,166324,214,Ivan Neves Abreu Cavaleiro,MID
2022-23,45034,448,Ivan Perišić,DEF
2022-23,144485,80,Ivan Toney,FWD
2022-23,105666,162,Jack Butland,GKP
2022-23,58771,381,Jack Colback,MID
2022-23,114283,305,Jack Grealish,MID
2022-23,221399,233,Jack Harrison,MID
2022-23,532529,677,Jack Hinshelwood,MID
2022-23,154131,65,Jack Stacey,DEF
2022-23,88900,404,Jack Stephens,DEF
2022-23,515503,654,Jack Wells-Morrison,MID
2022-23,246799,557,Jackson Smith,GKP
2022-23,114243,365,Jacob Murphy,MID
2022-23,232653,47,Jacob Ramsey,MID
2022-23,481624,55,Jaden Philogene-Bidace,MID
2022-23,209243,340,Jadon Sancho,MID
2022-23,444180,75,Jaidon Anthony,MID
2022-23,173954,164,Jairo Riedewald,MID
2022-23,440854,710,Jakub Kiwior,DEF
2022-23,243505,117,Jakub Moder,MID
2022-23,101148,360,Jamaal Lascelles,DEF
2022-23,194799,372,Jamal Lewis,DEF
2022-23,128309,61,Jamal Lowe,MID
2022-23,184386,716,James Bree,DEF
2022-23,440123,652,James Furlong,DEF
2022-23,232928,570,James Garner,MID
2022-23,463981,539,James Hill,DEF
2022-23,220627,268,James Justin,DEF
2022-23,172780,261,James Maddison,MID
2022-23,50471,154,James McArthur,MID
2022-23,432714,317,James McAtee,MID
2022-23,15157,274,James Milner,MID
2022-23,17761,199,James Tarkowski,DEF
2022-23,49413,153,James Tomkins,DEF
2022-23,101178,407,James Ward-Prowse,MID
2022-23,481283,753,James Wright,GKP
2022-23,221610,234,Jamie Shackleton,MID
2022-23,101668,255,Jamie Vardy,FWD
2022-23,171771,410,Jan Bednarek,DEF
2022-23,469142,544,Jan Paul van Hecke,DEF
2022-23,93100,253,Jannik Vestergaard,DEF
2022-23,199584,439,Japhet Tanganga,DEF
2022-23,480455,196,Jarrad Branthwaite,DEF
2022-23,178186,465,Jarrod Bowen,MID
2022-23,49262,102,Jason Steele,GKP
2022-23,109528,363,Javier Manquillo Gaitán,DEF
2022-23,490146,219,Jay Stansfield,FWD
2022-23,160987,187,Jean-Philippe Gbamin,MID
2022-23,231747,168,Jean-Philippe Mateta,FWD
2022-23,83314,375,Jeff Hendrick,MID
2022-23,152551,64,Jefferson Lerma Solís,MID
2022-23,86417,161,Jeffrey Schlupp,MID
2022-23,470296,742,Jeremiah Chilokoa-Mullen,DEF
2022-23,441192,119,Jeremy Sarmiento Morante,MID
2022-23,109322,527,Jesse Lingard,MID
2022-23,450542,172,Jesurun Rak-Sakyi,MID
2022-23,476344,711,Jhon Durán,FWD
2022-23,493736,671,Jimmy Morgan,FWD
2022-23,174874,165,Joachim Andersen,DEF
2022-23,193204,512,Joe Ayodele-Aribo,MID
2022-23,101105,206,Joe Bryan,DEF
2022-23,462635,242,Joe Gelhardt,FWD
2022-23,168172,384,Joe Lolley,MID
2022-23,214225,442,Joe Rodon,DEF
2022-23,156685,505,Joe Rothwell,MID
2022-23,200089,373,Joe Willock,MID
2022-23,514284,645,Joe Wormleighton,DEF
2022-23,208912,388,Joe Worrall,DEF
2022-23,60914,276,Joel Matip,DEF
2022-23,78315,578,Joel Robles,GKP
2022-23,55494,156,Joel Ward,DEF
2022-23,180974,371,Joelinton Cássio Apolinário de Lira,MID
2022-23,122806,37,John McGinn,MID
2022-23,97299,302,John Stones,DEF
2022-23,461382,634,John-Kymani Gordon,FWD
2022-23,114128,477,Jonathan Castro Otto,DEF
2022-23,209035,389,Jonathan Panzo,DEF
2022-23,50232,349,Jonjo Shelvey,MID
2022-23,37642,249,Jonny Evans,DEF
2022-23,80146,159,Jordan Ayew,MID
2022-23,56979,275,Jordan Henderson,MID
2022-23,111234,182,Jordan Pickford,GKP
2022-23,184193,675,Jordan Smith,GKP
2022-23,447932,76,Jordan Zemura,DEF
2022-23,85955,130,Jorge Luiz Frello Filho,MID
2022-23,447879,739,Joseph Anang,GKP
2022-23,171287,286,Joseph Gomez,DEF
2022-23,240299,566,Joseph Hodge,MID
2022-23,487818,590,Joseph Whitworth,GKP
2022-23,183656,83,Josh Dasilva,MID
2022-23,168765,216,Josh Onomah,MID
2022-23,447880,322,Josh Wilson-Esbrand,DEF
2022-23,149065,478,José Malheiro de Sá,GKP
2022-23,121145,306,João Cancelo,DEF
2022-23,19624,503,João Filipe Iria Santos Moutinho,MID
2022-23,428399,690,João Félix Sequeira,FWD
2022-23,154296,220,João Palhinha Gonçalves,MID
2022-23,448089,721,João Victor Gomes da Silva,MID
2022-23,111478,109,Joël Veltman,DEF
2022-23,515571,622,Juan Larios López,DEF
2022-23,474120,125,Julio Enciso,FWD
2022-23,461358,319,Julián Álvarez,FWD
2022-23,443967,239,Junior Firpo Adames,DEF
2022-23,56872,58,Junior Stanislas,MID
2022-23,484658,126,Kacper Kozłowski,MID
2022-23,537403,672,Kadan Young,MID
2022-23,530318,601,Kaden Rodney,MID
2022-23,518438,746,Kaelan Casey,DEF
2022-23,219847,145,Kai Havertz,FWD
2022-23,537043,537,Kaine Kesler Hayden,DEF
2022-23,86129,520,Kalidou Koulibaly,DEF
2022-23,155405,325,Kalvin Phillips,MID
2022-23,504783,731,Kamaldeen Sulemana,MID
2022-23,494541,769,Kamari Doyle,MID
2022-23,451340,124,Kaoru Mitoma,MID
2022-23,59735,353,Karl Darlow,GKP
2022-23,463748,655,Karl Hein,GKP
2022-23,461587,687,Kasey McAteer,MID
2022-23,17745,248,Kasper Schmeichel,GKP
2022-23,249231,515,Keane Lewis-Potter,MID
2022-23,221239,52,Keinan Davis,FWD
2022-23,173515,262,Kelechi Iheanacho,FWD
2022-23,167074,215,Kenny Tete,DEF
2022-23,109745,133,Kepa Arrizabalaga,GKP
2022-23,61366,301,Kevin De Bruyne,MID
2022-23,120721,532,Kevin Mbabu,DEF
2022-23,513418,688,Kevin Schade,MID
2022-23,28411,729,Keylor Navas,GKP
2022-23,128340,62,Kieffer Moore,FWD
2022-23,192895,8,Kieran Tierney,DEF
2022-23,77794,357,Kieran Trippier,DEF
2022-23,215413,266,Kiernan Dewsbury-Hall,MID
2022-23,532135,604,Killian Phillips,MID
2022-23,240514,542,Kjell Scherpen,GKP
2022-23,516895,643,Kobbie Mainoo,MID
2022-23,422287,642,Kofi Balmer,DEF
2022-23,214285,292,Konstantinos Tsimikas,DEF
2022-23,123354,38,Kortney Hause,DEF
2022-23,511504,667,Kristian Sekularac,MID
2022-23,191866,84,Kristoffer Ajer,DEF
2022-23,223081,236,Kristoffer Klaesson,GKP
2022-23,483364,740,Krisztián Hegyi,GKP
2022-23,103192,461,Kurt Zouma,DEF
2022-23,232829,637,Kyle John,DEF
2022-23,58621,299,Kyle Walker,DEF
2022-23,158534,409,Kyle Walker-Peters,DEF
2022-23,515597,638,Lamare Bogarde,DEF
2022-23,89068,613,Layvin Kurzawa,DEF
2022-23,151589,479,Leander Dendoncker,MID
2022-23,116216,111,Leandro Trossard,MID
2022-23,477547,243,Leo Fuhr Hjelde,DEF
2022-23,215711,45,Leon Bailey,MID
2022-23,460028,559,Levi Colwill,DEF
2022-23,450529,241,Lewis Bate,MID
2022-23,232620,273,Lewis Brunt,DEF
2022-23,155408,67,Lewis Cook,MID
2022-23,83299,106,Lewis Dunk,DEF
2022-23,487838,661,Lewis Hall,MID
2022-23,547719,741,Lewis Miley,MID
2022-23,243345,524,Lewis O'Brien,MID
2022-23,476161,647,Lewis Payne,MID
2022-23,461453,561,Lewis Warrington,MID
2022-23,55914,221,Liam Cooper,DEF
2022-23,463034,323,Liam Delap,FWD
2022-23,514315,631,Lino Sousa,DEF
2022-23,221820,533,Lisandro Martínez,DEF
2022-23,235530,73,Lloyd Kelly,DEF
2022-23,104542,626,Loris Karius,GKP
2022-23,500267,621,Loïc Badé,DEF
2022-23,242885,393,Loïc Mbe Soh,DEF
2022-23,101188,33,Lucas Digne,DEF
2022-23,95715,431,Lucas Rodrigues Moura da Silva,MID
2022-23,224024,603,Lucas Tolentino Coelho de Lima,MID
2022-23,198849,22,Lucas Torreira di Pascua,MID
2022-23,155561,525,Ludwig Augustinsson,DEF
2022-23,244731,293,Luis Díaz,MID
2022-23,224995,508,Luis Sinisterra Lucumí,MID
2022-23,66975,158,Luka Milivojevic,MID
2022-23,37096,455,Lukasz Fabianski,GKP
2022-23,66588,222,Luke Ayling,DEF
2022-23,462491,563,Luke Chambers,DEF
2022-23,245923,485,Luke Cundle,MID
2022-23,515024,546,Luke Harris,MID
2022-23,439510,320,Luke Mbete-Tabu,DEF
2022-23,450541,496,Luke Plange,FWD
2022-23,106760,332,Luke Shaw,DEF
2022-23,244619,270,Luke Thomas,DEF
2022-23,212721,413,Lyanco Silveira Neves Vojnovic,DEF
2022-23,57647,380,Lyle Taylor,FWD
2022-23,228044,91,Mads Bech Sørensen,DEF
2022-23,481405,99,Mads Bidstrup,MID
2022-23,226956,90,Mads Roerslev Rasmussen,DEF
2022-23,204727,143,Malang Sarr,DEF
2022-23,450535,173,Malcolm Ebiowei,MID
2022-23,235674,562,Manor Solomon,MID
2022-23,211975,610,Manuel Akanji,DEF
2022-23,86934,460,Manuel Lanzini,MID
2022-23,51938,251,Marc Albrighton,MID
2022-23,179268,112,Marc Cucurella Saseta,DEF
2022-23,209036,167,Marc Guéhi,DEF
2022-23,518467,759,Marc Jurado Gomez,DEF
2022-23,234370,245,Marc Roca Junqué,MID
2022-23,101338,728,Marcel Sabitzer,MID
2022-23,82263,129,Marcos Alonso,DEF
2022-23,221466,576,Marcos Senesi,DEF
2022-23,122074,635,Marcus Bettinelli,GKP
2022-23,216620,97,Marcus Forss,FWD
2022-23,479683,27,Marcus Oliveira Alencar,MID
2022-23,176297,335,Marcus Rashford,MID
2022-23,201658,535,Marcus Tavernier,MID
2022-23,155529,213,Marek Rodák,GKP
2022-23,151086,698,Mario Lemina,MID
2022-23,81441,776,Mark Gillespie,GKP
2022-23,229600,72,Mark Travers,GKP
2022-23,573062,641,Martial Godo,MID
2022-23,67089,355,Martin Dubravka,GKP
2022-23,184029,7,Martin Ødegaard,MID
2022-23,184704,41,Marvelous Nakamba,MID
2022-23,194164,192,Mason Holgate,DEF
2022-23,184341,142,Mason Mount,MID
2022-23,446189,615,Matej Kovár,GKP
2022-23,565297,659,Mateo Joseph Fernández,FWD
2022-23,91651,132,Mateo Kovacic,MID
2022-23,225295,715,Mateus Cardoso Lemos Martins,MID
2022-23,72222,223,Mateusz Klich,MID
2022-23,200428,421,Mateusz Lis,GKP
2022-23,465351,589,Matheus Luiz Nunes,MID
2022-23,430871,682,Matheus Santos Carneiro Da Cunha,FWD
2022-23,207283,88,Mathias Jensen,MID
2022-23,48760,595,Mathias Jorgensen,DEF
2022-23,216208,492,Matija Šarkić,GKP
2022-23,178173,543,Matt Clarke,DEF
2022-23,87835,429,Matt Doherty,DEF
2022-23,56983,350,Matt Ritchie,DEF
2022-23,169359,367,Matt Targett,DEF
2022-23,224068,24,Matt Turner,GKP
2022-23,503300,633,Matthew Cox,GKP
2022-23,461201,764,Matthew Craig,MID
2022-23,515023,763,Matthew Dibley-Dias,MID
2022-23,232241,607,Matthew Smith,MID
2022-23,199796,43,Matty Cash,DEF
2022-23,244704,718,Matías Viña,DEF
2022-23,504751,767,Mauro Bandeira,MID
2022-23,214048,484,Max Kilman,DEF
2022-23,496683,738,Max Kinsey-Wellings,DEF
2022-23,220087,691,Maximilian Wöber,DEF
2022-23,149519,575,Maxwel Cornet,MID
2022-23,596572,696,Michael Dacosta Gonzalez,MID
2022-23,106611,180,Michael Keane,DEF
2022-23,501284,752,Michael Olakigbe,MID
2022-23,443661,171,Michael Olise,MID
2022-23,57531,458,Michail Antonio,FWD
2022-23,179018,369,Miguel Almirón Rejala,MID
2022-23,440089,580,Mikkel Damsgaard,MID
2022-23,81205,692,Mislav Orsic,MID
2022-23,173399,386,Mohamed Dräger,DEF
2022-23,153256,4,Mohamed Elneny,MID
2022-23,96787,406,Mohamed Elyounoussi,MID
2022-23,118748,283,Mohamed Salah,MID
2022-23,450527,420,Mohammed Salisu,DEF
2022-23,486672,120,Moisés Caicedo Corozo,MID
2022-23,222531,493,Morgan Gibbs-White,MID
2022-23,122775,36,Morgan Sanson,MID
2022-23,431131,418,Moussa Djenepo,MID
2022-23,199170,507,Moussa Niakhaté,DEF
2022-23,465920,699,Mykhailo Mudryk,MID
2022-23,482769,712,Máximo Perrone,MID
2022-23,116594,134,N'Golo Kanté,MID
2022-23,175592,287,Naby Keita,MID
2022-23,86881,252,Nampalys Mendy,MID
2022-23,466117,725,Naouirou Ahamada,MID
2022-23,126184,308,Nathan Aké,DEF
2022-23,250370,656,Nathan Bishop,GKP
2022-23,461025,685,Nathan Butler-Oyedeji,FWD
2022-23,432830,516,Nathan Collins,DEF
2022-23,232423,174,Nathan Ferguson,DEF
2022-23,531363,657,Nathan Fraser,FWD
2022-23,243571,197,Nathan Patterson,DEF
2022-23,83283,403,Nathan Redmond,MID
2022-23,203389,412,Nathan Tella,MID
2022-23,89085,203,Nathaniel Chalobah,MID
2022-23,57328,157,Nathaniel Clyne,DEF
2022-23,197464,501,Nathaniel Phillips,DEF
2022-23,210494,472,Nayef Aguerd,DEF
2022-23,115382,110,Neal Maupay,FWD
2022-23,215136,295,Neco Williams,DEF
2022-23,92259,204,Neeskens Kebano,MID
2022-23,98747,376,Nick Pope,GKP
2022-23,472769,774,Nico O'Reilly,MID
2022-23,195735,9,Nicolas Pépé,MID
2022-23,495542,198,Niels Nkounkou,DEF
2022-23,180151,466,Nikola Vlasic,MID
2022-23,248857,708,Noni Madueke,MID
2022-23,69752,574,Norberto Murara Neto,GKP
2022-23,437626,17,Nuno Varela Tavares,DEF
2022-23,200402,482,Nélson Cabral Semedo,DEF
2022-23,445548,736,Odeluga Offiah,DEF
2022-23,199670,166,Odsonne Edouard,FWD
2022-23,206325,313,Oleksandr Zinchenko,DEF
2022-23,475492,553,Oliver Hammond,MID
2022-23,209042,441,Oliver Skipp,MID
2022-23,516159,745,Oliwier Zych,GKP
2022-23,178301,40,Ollie Watkins,FWD
2022-23,204822,511,Omar Richards,DEF
2022-23,503301,653,Omari Hutchinson,MID
2022-23,179519,536,Orel Mangala,MID
2022-23,78056,402,Oriol Romeu Vidal,MID
2022-23,518906,598,Owen Bevan,DEF
2022-23,515496,644,Owen Goodman,GKP
2022-23,217593,469,Pablo Fornals Malla,MID
2022-23,92371,20,Pablo Marí Villar,DEF
2022-23,88484,704,Pablo Sarabia,MID
2022-23,482442,450,Pape Matar Sarr,MID
2022-23,60307,104,Pascal Groß,MID
2022-23,222694,235,Pascal Struijk,DEF
2022-23,106617,227,Patrick Bamford,FWD
2022-23,245419,271,Patson Daka,FWD
2022-23,106618,362,Paul Dummett,DEF
2022-23,147611,732,Paul Onuachu,FWD
2022-23,102884,207,Paulo Gazzaniga Farias,GKP
2022-23,247632,486,Pedro Lomba Neto,MID
2022-23,441164,733,Pedro Porro,DEF
2022-23,204214,586,Pervis Estupiñán,DEF
2022-23,209244,314,Phil Foden,MID
2022-23,76359,328,Phil Jones,DEF
2022-23,168991,70,Philip Billing,MID
2022-23,84583,29,Philippe Coutinho Correia,MID
2022-23,54694,617,Pierre-Emerick Aubameyang,FWD
2022-23,132015,433,Pierre-Emile Højbjerg,MID
2022-23,61810,78,Pontus Jansson,DEF
2022-23,103955,304,Raheem Sterling,MID
2022-23,219961,232,Raphael Dias Belloli,MID
2022-23,90152,329,Raphaël Varane,DEF
2022-23,224209,244,Rasmus Kristensen,DEF
2022-23,448514,487,Rayan Aït-Nouri,DEF
2022-23,102057,476,Raúl Jiménez,FWD
2022-23,225796,146,Reece James,DEF
2022-23,474907,605,Reece Welch,DEF
2022-23,200641,23,Reiss Nelson,MID
2022-23,169593,495,Remi Matthews,GKP
2022-23,89076,582,Remo Freuler,MID
2022-23,233420,602,Renan Augusto Lodi dos Santos,DEF
2022-23,535262,751,Reuell Walters,DEF
2022-23,515500,674,Rhys Bennett,DEF
2022-23,219937,498,Rhys Williams,DEF
2022-23,111931,256,Ricardo Barbosa Pereira,DEF
2022-23,212319,454,Richarlison de Andrade,FWD
2022-23,221403,392,Richie Laryea,DEF
2022-23,194010,85,Rico Henry,DEF
2022-23,477064,573,Rico Lewis,DEF
2022-23,103025,303,Riyad Mahrez,MID
2022-23,156074,5,Rob Holding,DEF
2022-23,167767,138,Robert Kenedy Nunes do Nascimento,DEF
2022-23,215059,113,Robert Sánchez,GKP
2022-23,92217,279,Roberto Firmino,FWD
2022-23,193645,230,Robin Koch,DEF
2022-23,111782,35,Robin Olsen,GKP
2022-23,202993,440,Rodrigo Bentancur,MID
2022-23,220566,315,Rodrigo Hernandez,MID
2022-23,80954,225,Rodrigo Moreno,MID
2022-23,244042,218,Rodrigo Muniz Carvalho,FWD
2022-23,244560,417,Romain Perraud,DEF
2022-23,461199,748,Romaine Mundle,MID
2022-23,514356,321,Roméo Lavia,MID
2022-23,88894,131,Ross Barkley,MID
2022-23,126187,136,Ruben Loftus-Cheek,MID
2022-23,40146,250,Ryan Bertrand,DEF
2022-23,158499,69,Ryan Christie,MID
2022-23,447372,648,Ryan Finnigan,MID
2022-23,90105,359,Ryan Fraser,MID
2022-23,81012,59,Ryan Fredericks,DEF
2022-23,184349,436,Ryan Sessegnon,DEF
2022-23,591357,632,Ryan Trevitt,MID
2022-23,204968,387,Ryan Yates,MID
2022-23,171314,312,Rúben Gato Alves Dias,DEF
2022-23,216054,531,Rúben Nascimento Vinagre,DEF
2022-23,171317,480,Rúben da Silva Neves,MID
2022-23,57134,177,Salomón Rondón,FWD
2022-23,248937,237,Sam Greenwood,FWD
2022-23,101982,175,Sam Johnstone,GKP
2022-23,217331,391,Sam Surridge,FWD
2022-23,205836,87,Saman Ghoddos,MID
2022-23,519223,639,Sammy Braybrooke,MID
2022-23,499724,778,Samuel Amo-Ameyaw,MID
2022-23,490503,624,Samuel Edozie,MID
2022-23,429414,608,Sasa Kalajdzic,FWD
2022-23,212314,726,Sasa Lukic,MID
2022-23,172841,464,Saïd Benrahma,MID
2022-23,17601,502,Scott Carson,GKP
2022-23,168281,385,Scott McKenna,DEF
2022-23,195851,338,Scott McTominay,MID
2022-23,59949,178,Seamus Coleman,DEF
2022-23,180135,370,Sean Longstaff,MID
2022-23,486623,768,Sean McAllister,MID
2022-23,479641,754,Sebastian Revan,DEF
2022-23,444765,500,Sepp van den Berg,DEF
2022-23,80226,628,Serge Aurier,DEF
2022-23,174932,82,Sergi Canós Tenés,DEF
2022-23,437468,587,Sergio Gómez,DEF
2022-23,199249,438,Sergio Reguilón,DEF
2022-23,432160,94,Shandon Baptiste,MID
2022-23,61933,105,Shane Duffy,DEF
2022-23,463210,773,Shea Charles,MID
2022-23,472464,660,Shola Shoretire,FWD
2022-23,514287,744,Sil Swinkels,DEF
2022-23,244085,74,Siriki Dembélé,MID
2022-23,109345,107,Solly March,MID
2022-23,85971,428,Son Heung-min,MID
2022-23,496228,663,Sonny Perkins,FWD
2022-23,510328,560,Stanley Mills,MID
2022-23,535928,564,Stefan Bajcetic,MID
2022-23,88248,324,Stefan Ortega Moreno,GKP
2022-23,478227,636,Stefan Parkes,DEF
2022-23,56917,379,Steve Cook,DEF
2022-23,235382,115,Steven Alzate,MID
2022-23,194252,437,Steven Bergwijn,MID
2022-23,91047,405,Stuart Armstrong,MID
2022-23,87873,226,Stuart Dallas,DEF
2022-23,220237,377,Sven Botman,DEF
2022-23,476888,528,Sékou Mara,FWD
2022-23,210156,397,Taiwo Awoniyi,FWD
2022-23,223723,14,Takehiro Tomiyasu,DEF
2022-23,232792,114,Tariq Lamptey,DEF
2022-23,209045,121,Taylor Richards,MID
2022-23,501468,766,Tayo Adaramola,DEF
2022-23,109434,208,Terence Kongolo,DEF
2022-23,247664,591,Terry Ablade,FWD
2022-23,20467,400,Theo Walcott,MID
2022-23,61558,277,Thiago Alcántara do Nascimento,MID
2022-23,51090,128,Thiago Emiliano da Silva,DEF
2022-23,201057,588,Thilo Kehrer,DEF
2022-23,461416,662,Thomas Cannon,FWD
2022-23,167199,6,Thomas Partey,MID
2022-23,140200,517,Thomas Strakosha,GKP
2022-23,490094,49,Tim Iroegbunam,MID
2022-23,82514,201,Tim Ream,DEF
2022-23,165153,137,Timo Werner,FWD
2022-23,166477,258,Timothy Castagne,DEF
2022-23,441191,419,Tino Livramento,DEF
2022-23,76357,200,Tom Cairney,MID
2022-23,173807,190,Tom Davies,MID
2022-23,21205,348,Tom Heaton,GKP
2022-23,209288,756,Tom McGill,GKP
2022-23,215439,468,Tomas Soucek,MID
2022-23,515599,761,Tommi O'Reilly,MID
2022-23,109646,209,Tosin Adarabioyo,DEF
2022-23,510362,489,Toti António Gomes,DEF
2022-23,534836,755,Travis Patterson,MID
2022-23,169187,285,Trent Alexander-Arnold,DEF
2022-23,180736,141,Trevoh Chalobah,DEF
2022-23,592661,646,Tristan Crama,DEF
2022-23,447235,453,Troy Parrott,FWD
2022-23,200785,506,Tyler Adams,MID
2022-23,173821,229,Tyler Roberts,MID
2022-23,222690,504,Tyrell Malacia,DEF
2022-23,432931,521,Tyrese Francois,MID
2022-23,244723,170,Tyrick Mitchell,DEF
2022-23,149484,39,Tyrone Mings,DEF
2022-23,40836,152,Vicente Guaita,GKP
2022-23,481510,709,Victor Kristiansen,DEF
2022-23,184667,337,Victor Lindelöf,DEF
2022-23,248164,707,Viljami Sinisalo,GKP
2022-23,97032,280,Virgil van Dijk,DEF
2022-23,224967,194,Vitalii Mykolenko,DEF
2022-23,204580,86,Vitaly Janelt,MID
2022-23,164555,463,Vladimir Coufal,DEF
2022-23,461584,735,Wanya Marçal-Madivadua,MID
2022-23,20066,518,Wayne Hennessey,GKP
2022-23,444463,272,Wesley Fofana,DEF
2022-23,241519,720,Weston McKennie,MID
2022-23,203341,265,Wilfred Ndidi,MID
2022-23,492859,619,Wilfried Gnonto,FWD
2022-23,82403,160,Wilfried Zaha,MID
2022-23,444172,77,Will Dennis,GKP
2022-23,108413,163,Will Hughes,MID
2022-23,214466,415,Will Smallbone,MID
2022-23,462424,26,William Saliba,DEF
2022-23,47431,614,Willian Borges da Silva,MID
2022-23,90585,474,Willy Boly,DEF
2022-23,20310,424,Willy Caballero,GKP
2022-23,218218,612,Wout Faes,DEF
2022-23,120202,701,Wout Weghorst,FWD
2022-23,209925,390,Xande Nascimento da Costa Silva,MID
2022-23,492779,777,Yago de Santiago Alonso,MID
2022-23,213482,414,Yan Valery,DEF
2022-23,509416,719,Yasin Ayari,MID
2022-23,601975,650,Yegor Yarmolyuk,MID
2022-23,164511,188,Yerry Mina,DEF
2022-23,501837,494,Yerson Mosquera Valdelamar,DEF
2022-23,216646,89,Yoane Wissa,MID
2022-23,166989,259,Youri Tielemans,MID
2022-23,227127,444,Yves Bissouma,MID
2022-23,164484,310,Zack Steffen,GKP
2022-23,461548,551,Zidane Iqbal,MID
2022-23,218031,267,Çaglar Söyüncü,DEF
2023-24,233425,127,Aaron Connolly,FWD
2023-24,55459,530,Aaron Cresswell,DEF
2023-24,472713,104,Aaron Hickey,DEF
2023-24,225321,17,Aaron Ramsdale,GKP
2023-24,447715,675,Aaron Ramsey,MID
2023-24,214590,401,Aaron Wan-Bissaka,DEF
2023-24,121599,249,Abdoulaye Doucouré,MID
2023-24,118335,190,Abdul Rahman Baba,DEF
2023-24,102549,479,Adam Davies,GKP
2023-24,39155,138,Adam Lallana,MID
2023-24,54469,84,Adam Smith,DEF
2023-24,110735,153,Adam Webster,DEF
2023-24,496221,807,Adam Wharton,MID
2023-24,159533,662,Adama Traoré,MID
2023-24,531993,720,Ademola Ola-Adebomi,FWD
2023-24,174595,327,Admiral Muskwe,FWD
2023-24,60706,289,Adrián San Miguel del Castillo,GKP
2023-24,552030,648,Aidan Francis-Clarke,DEF
2023-24,437742,21,Albert Sambi Lokonga,MID
2023-24,493105,382,Alejandro Garnacho,MID
2023-24,536908,641,Alejo Véliz,FWD
2023-24,128389,278,Aleksandar Mitrović,FWD
2023-24,153133,256,Alex Iwobi,MID
2023-24,519198,718,Alex Matos,MID
2023-24,244930,456,Alex Mighten,MID
2023-24,545477,634,Alex Murphy,DEF
2023-24,503139,644,Alex Scott,MID
2023-24,152590,370,Alex Telles,DEF
2023-24,219168,415,Alexander Isak,FWD
2023-24,106468,32,Alexandre Moreno Lopera,DEF
2023-24,243016,304,Alexis Mac Allister,MID
2023-24,519321,740,Alfie Dorrington,DEF
2023-24,244262,321,Alfie Doughty,DEF
2023-24,514280,716,Alfie Gilchrist,DEF
2023-24,175941,521,Alfie Whiteman,GKP
2023-24,116535,291,Alisson Ramses Becker,GKP
2023-24,193195,319,Allan Campbell,MID
2023-24,170137,426,Allan Saint-Maximin,MID
2023-24,84182,524,Alphonse Areola,GKP
2023-24,451302,695,Altay Bayindir,GKP
2023-24,493250,371,Amad Diallo,MID
2023-24,248859,738,Amadou Diallo,MID
2023-24,449871,261,Amadou Onana,MID
2023-24,611926,837,Amara Nallo,DEF
2023-24,165183,316,Amari'i Bell,DEF
2023-24,487968,157,Ameen Al-Dakhil,DEF
2023-24,511783,184,Anass Zaroury,MID
2023-24,204676,155,Andi Zeqiri,FWD
2023-24,538210,655,Andre Brooks,MID
2023-24,156689,267,Andreas Hoelgebaum Pereira,MID
2023-24,466404,711,Andrew Omobamidele,DEF
2023-24,122798,307,Andrew Robertson,DEF
2023-24,532605,186,Andrey Nascimento dos Santos,MID
2023-24,60252,727,Andros Townsend,MID
2023-24,202641,597,André Onana,GKP
2023-24,120250,244,André Tavares Gomes,MID
2023-24,11948,579,Andy Lonergan,GKP
2023-24,233821,471,Anel Ahmedhodžić,DEF
2023-24,40669,577,Angelo Ogbonna,DEF
2023-24,504198,587,Anis Slimane,MID
2023-24,465607,700,Anssumane Fati Vieira,MID
2023-24,449434,378,Anthony Elanga,MID
2023-24,232826,412,Anthony Gordon,MID
2023-24,83543,273,Anthony Knockaert,MID
2023-24,148225,390,Anthony Martial,FWD
2023-24,437730,82,Antoine Semenyo,FWD
2023-24,169528,283,Antonee Robinson,DEF
2023-24,467169,372,Antony Matheus dos Santos,MID
2023-24,487836,656,Antwoine Hackford,FWD
2023-24,490180,331,Aribim Pepple,FWD
2023-24,232917,172,Arijanet Muric,GKP
2023-24,440323,193,Armando Broja,FWD
2023-24,220307,601,Arnaut Danjuma Groeneveld,MID
2023-24,548308,702,Ashley Phillips,DEF
2023-24,18892,588,Ashley Young,DEF
2023-24,201410,27,Auston Trusty,DEF
2023-24,220362,611,Axel Disasi,DEF
2023-24,547668,831,Axel Piesold,MID
2023-24,146941,357,Aymeric Laporte,DEF
2023-24,220037,175,Bailey Peacock-Farrell,GKP
2023-24,489639,152,Bart Verbruggen,GKP
2023-24,461188,671,Bashir Humphreys,DEF
2023-24,204814,775,Ben Brereton,MID
2023-24,172850,195,Ben Chilwell,DEF
2023-24,115556,495,Ben Davies,DEF
2023-24,496208,628,Ben Doak,MID
2023-24,198826,252,Ben Godfrey,DEF
2023-24,474772,619,Ben Greenwood,DEF
2023-24,514154,746,Ben Jackson,DEF
2023-24,222018,536,Ben Johnson,DEF
2023-24,51927,109,Ben Mee,DEF
2023-24,167878,489,Ben Osborn,MID
2023-24,547716,739,Ben Parkinson,FWD
2023-24,156687,79,Ben Pearson,MID
2023-24,431960,547,Bendegúz Bolla,DEF
2023-24,475480,742,Benicio Baker-Boaitey,MID
2023-24,622536,834,Benjamin Arthur,DEF
2023-24,612534,797,Benjamin Fredrick,DEF
2023-24,198869,29,Benjamin White,DEF
2023-24,242880,191,Benoît Badiashile,DEF
2023-24,165809,344,Bernardo Veiga de Carvalho e Silva,MID
2023-24,80201,275,Bernd Leno,GKP
2023-24,110504,59,Bertrand Traoré,MID
2023-24,591539,822,Billy Blacker,FWD
2023-24,438405,863,Billy Crellin,GKP
2023-24,243568,133,Billy Gilmour,MID
2023-24,491970,627,Bobby Clark,MID
2023-24,96994,270,Bobby De Cordova-Reid,MID
2023-24,461102,179,Bobby Thomas,DEF
2023-24,226944,47,Boubacar Kamara,MID
2023-24,476502,574,Boubacar Traoré,MID
2023-24,535264,737,Bradley Ibrahim,MID
2023-24,437476,459,Braian Ojeda Rodríguez,MID
2023-24,461682,434,Brandon Aguilera Zamora,MID
2023-24,214572,491,Brandon Austin,GKP
2023-24,232937,374,Brandon Williams,DEF
2023-24,242898,450,Brennan Johnson,MID
2023-24,141746,373,Bruno Borges Fernandes,MID
2023-24,428610,561,Bruno Cavaco Jordão,MID
2023-24,208706,406,Bruno Guimarães Rodriguez Moura,MID
2023-24,436234,494,Bryan Gil Salvatierra,MID
2023-24,446008,108,Bryan Mbeumo,MID
2023-24,223340,19,Bukayo Saka,MID
2023-24,523957,593,Bénie Traoré,FWD
2023-24,432711,166,CJ Egan-Riley,DEF
2023-24,568791,855,Callan McKenna,GKP
2023-24,209046,205,Callum Hudson-Odoi,MID
2023-24,565431,785,Callum Marshall,FWD
2023-24,519328,728,Callum Scanlon,DEF
2023-24,75115,433,Callum Wilson,FWD
2023-24,101184,37,Calum Chambers,DEF
2023-24,232892,610,Calvin Bassey,DEF
2023-24,433979,33,Cameron Archer,FWD
2023-24,491598,786,Cameron Peupion,MID
2023-24,200720,301,Caoimhin Kelleher,GKP
2023-24,535301,690,Carlos Baleba,MID
2023-24,61256,376,Carlos Henrique Casimiro,MID
2023-24,453537,325,Carlos Mendes Gomes,MID
2023-24,245824,287,Carlos Vinícius Alves Morais,FWD
2023-24,156700,326,Carlton Morris,FWD
2023-24,478912,196,Carney Chukwuemeka,MID
2023-24,91046,340,Cauley Woodrow,FWD
2023-24,505187,791,Cesare Casadei,MID
2023-24,516874,735,Charles Sagoe,MID
2023-24,213687,102,Charlie Goode,DEF
2023-24,103914,178,Charlie Taylor,DEF
2023-24,438464,223,Cheick Doucouré,MID
2023-24,55037,451,Cheikhou Kouyaté,MID
2023-24,229164,328,Chiedozie Ogbene,FWD
2023-24,40386,474,Chris Basham,DEF
2023-24,223911,75,Chris Mepham,DEF
2023-24,427623,238,Chris Richards,DEF
2023-24,60689,468,Chris Wood,FWD
2023-24,634640,844,Christian Chigozie,DEF
2023-24,80607,379,Christian Eriksen,MID
2023-24,128295,110,Christian Nørgaard,MID
2023-24,176413,213,Christian Pulisic,MID
2023-24,213198,212,Christopher Nkunku,FWD
2023-24,171101,699,Clément Lenglet,DEF
2023-24,243298,297,Cody Gakpo,FWD
2023-24,244851,362,Cole Palmer,MID
2023-24,192290,176,Connor Roberts,DEF
2023-24,492777,757,Conor Bradley,DEF
2023-24,222017,529,Conor Coventry,MID
2023-24,232787,202,Conor Gallagher,MID
2023-24,60232,551,Craig Dawson,DEF
2023-24,221632,511,Cristian Romero,DEF
2023-24,206915,300,Curtis Jones,MID
2023-24,58822,2,Cédric Alves Soares,DEF
2023-24,41328,189,César Azpilicueta,DEF
2023-24,209293,798,Daiki Hashioka,DEF
2023-24,78916,407,Dan Burn,DEF
2023-24,108411,333,Dan Potts,DEF
2023-24,490145,640,Dane Scarlett,FWD
2023-24,533463,78,Dango Ouattara,MID
2023-24,79602,546,Daniel Bentley,GKP
2023-24,200600,568,Daniel Castelo Podence,MID
2023-24,504598,685,Daniel Gore,MID
2023-24,523700,483,Daniel Jebbison,FWD
2023-24,247348,792,Daniel Muñoz,DEF
2023-24,513046,442,Danilo dos Santos de Oliveira,MID
2023-24,84939,535,Danny Ings,FWD
2023-24,50175,154,Danny Welbeck,FWD
2023-24,530873,164,Dara Costelloe,MID
2023-24,216616,173,Dara O'Shea,DEF
2023-24,250735,162,Darko Churlinov,MID
2023-24,32259,80,Darren Randolph,GKP
2023-24,447203,293,Darwin Núñez Ribeiro,FWD
2023-24,111317,64,David Brooks,MID
2023-24,520295,200,David Datro Fofana,FWD
2023-24,531989,721,David Ozoh,MID
2023-24,154561,113,David Raya Martin,GKP
2023-24,173904,512,Davinson Sánchez,DEF
2023-24,172649,385,Dean Henderson,GKP
2023-24,204480,540,Declan Rice,MID
2023-24,617054,677,Deivid Washington de Souza Eugênio,FWD
2023-24,445044,501,Dejan Kulusevski,MID
2023-24,108823,248,Dele Alli,MID
2023-24,172632,253,Demarai Gray,MID
2023-24,493347,169,Denis Franchi,GKP
2023-24,450434,149,Deniz Undav,FWD
2023-24,461537,835,Dermot Mee,GKP
2023-24,487053,519,Destiny Udogie,DEF
2023-24,536677,780,Detlef Esapa Osong,FWD
2023-24,487693,732,Devan Tanton,DEF
2023-24,165659,41,Diego Carlos Santos Silva,DEF
2023-24,491011,681,Diego Manuel Jadon da Silva Moreira,MID
2023-24,216051,377,Diogo Dalot Teixeira,DEF
2023-24,194634,294,Diogo Teixeira da Silva,MID
2023-24,243532,332,Dion Pereira,MID
2023-24,487837,538,Divin Mubama,FWD
2023-24,152760,714,Divock Origi,FWD
2023-24,232859,517,Djed Spence,DEF
2023-24,457569,687,Djordje Petrovic,GKP
2023-24,177815,246,Dominic Calvert-Lewin,FWD
2023-24,647597,839,Dominic Dos Santos Martins,MID
2023-24,550596,811,Dominic Sadi,MID
2023-24,154566,85,Dominic Solanke,FWD
2023-24,424876,309,Dominik Szoboszlai,MID
2023-24,180184,400,Donny van de Beek,MID
2023-24,230046,43,Douglas Luiz Soares de Paulo,MID
2023-24,616094,827,Dovydas Sasnauskas,DEF
2023-24,433154,259,Dwight McNeil,MID
2023-24,232413,226,Eberechi Eze,MID
2023-24,474803,680,Eddie Beach,GKP
2023-24,205533,13,Eddie Nketiah,FWD
2023-24,121160,352,Ederson Santana de Moraes,GKP
2023-24,213999,642,Edson Álvarez Velázquez,MID
2023-24,174310,314,Elijah Adebayo,FWD
2023-24,491745,761,Elijah Campbell,DEF
2023-24,235448,91,Ellery Balcombe,GKP
2023-24,215379,403,Elliot Anderson,MID
2023-24,232477,337,Elliot Thorpe,MID
2023-24,218997,264,Ellis Simms,FWD
2023-24,241157,497,Emerson Leite de Souza Junior,DEF
2023-24,109533,532,Emerson Palmieri dos Santos,DEF
2023-24,111773,417,Emil Krafth,DEF
2023-24,209289,22,Emile Smith Rowe,MID
2023-24,195546,35,Emiliano Buendía Stati,MID
2023-24,133845,74,Emiliano Marcondes,MID
2023-24,98980,49,Emiliano Martínez Romero,GKP
2023-24,230251,443,Emmanuel Dennis,FWD
2023-24,168636,804,Enes Ünal,FWD
2023-24,578614,156,Enock Agyei,MID
2023-24,593001,698,Enso González,MID
2023-24,448047,199,Enzo Fernández,MID
2023-24,197365,375,Eric Bailly,DEF
2023-24,93264,496,Eric Dier,DEF
2023-24,223094,355,Erling Haaland,FWD
2023-24,199598,185,Ethan Ampadu,DEF
2023-24,494041,684,Ethan Brierley,MID
2023-24,168547,449,Ethan Horvath,GKP
2023-24,499175,772,Ethan Nwaneri,MID
2023-24,231065,112,Ethan Pinnock,DEF
2023-24,575034,850,Ethan Wheatley,FWD
2023-24,487117,132,Evan Ferguson,FWD
2023-24,199798,48,Ezri Konsa Ngoyo,DEF
2023-24,518199,813,Fabian Mrozek,GKP
2023-24,119471,427,Fabian Schär,DEF
2023-24,116643,296,Fabio Henrique Tavares,MID
2023-24,536916,125,Facundo Buonanotte,MID
2023-24,488404,394,Facundo Pellistri Rebollo,MID
2023-24,116404,445,Felipe Augusto de Almeida Monteiro,DEF
2023-24,471848,653,Femi Seriki,DEF
2023-24,462381,670,Filip Marschall,GKP
2023-24,521966,854,Finley Munroe,DEF
2023-24,602934,840,Fletcher Holman,FWD
2023-24,220585,531,Flynn Downes,MID
2023-24,225897,707,Fodé Ballo-Touré,DEF
2023-24,232223,1,Folarin Balogun,FWD
2023-24,510363,549,Francisco Jorge Tomás Oliveira,MID
2023-24,574398,821,Franco Umeh-Chibueze,FWD
2023-24,428580,111,Frank Onyeka,MID
2023-24,40383,498,Fraser Forster,GKP
2023-24,168035,329,Fred Onyedinma,MID
2023-24,101582,381,Frederico Rodrigues de Paula Santos,MID
2023-24,438098,4,Fábio Ferreira Vieira,MID
2023-24,449988,552,Fábio Silva,FWD
2023-24,205651,8,Gabriel Fernando de Jesus,FWD
2023-24,444145,12,Gabriel Martinelli Silva,MID
2023-24,199056,330,Gabriel Osho,DEF
2023-24,471798,215,Gabriel Słonina,GKP
2023-24,226597,5,Gabriel dos Santos Magalhães,DEF
2023-24,564510,418,Garang Kuol,MID
2023-24,444183,71,Gavin Kilkenny,MID
2023-24,82691,473,George Baldock,DEF
2023-24,490885,829,George Earthy,MID
2023-24,450197,636,George Shelvey,GKP
2023-24,195899,541,Gianluca Scamacca,FWD
2023-24,200826,503,Giovani Lo Celso,MID
2023-24,427420,801,Giovanni Reyna,MID
2023-24,437753,438,Giulian Biancone,DEF
2023-24,165152,334,Glen Rea,MID
2023-24,218430,679,Gonzalo Montiel,DEF
2023-24,181284,554,Gonçalo Manuel Ganchinho Guedes,MID
2023-24,84450,30,Granit Xhaka,MID
2023-24,184254,520,Guglielmo Vicario,GKP
2023-24,196100,663,Gustavo Hamer,MID
2023-24,185253,462,Gustavo Henrique Furtado Scarpa,MID
2023-24,519325,833,Habeeb Ogunneye,DEF
2023-24,124183,218,Hakim Ziyech,MID
2023-24,434662,100,Halil Dervişoğlu,FWD
2023-24,424044,87,Hamed Traorè,MID
2023-24,437757,694,Han-Noah Massengo,MID
2023-24,247245,674,Hannes Delcroix,DEF
2023-24,465527,383,Hannibal Mejbri,MID
2023-24,441024,404,Harrison Ashby,DEF
2023-24,153366,282,Harrison Reed,MID
2023-24,577974,846,Harry Amass,DEF
2023-24,48615,435,Harry Arter,MID
2023-24,78830,500,Harry Kane,FWD
2023-24,95658,387,Harry Maguire,DEF
2023-24,114241,465,Harry Toffolo,DEF
2023-24,153682,288,Harry Wilson,MID
2023-24,201666,603,Harvey Barnes,MID
2023-24,444884,295,Harvey Elliott,MID
2023-24,449133,787,Harvey Griffiths,MID
2023-24,478969,167,Hjalmar Ekdal,DEF
2023-24,490721,548,Hugo Bueno López,DEF
2023-24,37915,502,Hugo Lloris,GKP
2023-24,184754,557,Hwang Hee-chan,MID
2023-24,201440,466,Hwang Ui-jo,FWD
2023-24,507433,789,Hákon Valdimarsson,GKP
2023-24,441302,609,Ian Maatsen,MID
2023-24,210462,713,Ibrahim Sangaré,MID
2023-24,204716,302,Ibrahima Konaté,DEF
2023-24,80801,254,Idrissa Gueye,MID
2023-24,223434,606,Igor Julio dos Santos de Paulo,DEF
2023-24,440993,486,Iliman Ndiaye,FWD
2023-24,477580,89,Illia Zabarnyi,DEF
2023-24,215531,607,Ionuț Radu,GKP
2023-24,153127,413,Isaac Hayden,MID
2023-24,536238,819,Ishé Samuels-Smith,DEF
2023-24,476938,478,Ismaila Coulibaly,MID
2023-24,219924,271,Issa Diop,DEF
2023-24,476369,602,Issa Kaboré,DEF
2023-24,166324,269,Ivan Neves Abreu Cavaleiro,MID
2023-24,45034,507,Ivan Perišić,DEF
2023-24,144485,117,Ivan Toney,FWD
2023-24,173268,790,Ivo Grbic,GKP
2023-24,40145,163,Jack Cork,MID
2023-24,114283,354,Jack Grealish,MID
2023-24,221399,661,Jack Harrison,MID
2023-24,532529,621,Jack Hinshelwood,MID
2023-24,83427,576,Jack Robinson,DEF
2023-24,207722,338,Jack Walton,GKP
2023-24,242453,631,Jacob Brown,FWD
2023-24,179458,608,Jacob Bruun Larsen,MID
2023-24,114243,423,Jacob Murphy,MID
2023-24,232653,55,Jacob Ramsey,MID
2023-24,516250,814,Jacob Wright,MID
2023-24,474908,724,Jadan Raymond,MID
2023-24,481624,54,Jaden Philogene-Bidace,MID
2023-24,209243,397,Jadon Sancho,MID
2023-24,444180,62,Jaidon Anthony,MID
2023-24,173954,239,Jairo Riedewald,MID
2023-24,512462,235,Jake O'Brien,DEF
2023-24,440854,10,Jakub Kiwior,DEF
2023-24,243505,144,Jakub Moder,MID
2023-24,101148,419,Jamaal Lascelles,DEF
2023-24,194799,420,Jamal Lewis,DEF
2023-24,128309,73,Jamal Lowe,MID
2023-24,232928,250,James Garner,MID
2023-24,463981,69,James Hill,DEF
2023-24,172780,504,James Maddison,MID
2023-24,432714,360,James McAtee,MID
2023-24,491501,629,James McConnell,MID
2023-24,15157,142,James Milner,MID
2023-24,77818,335,James Shea,GKP
2023-24,503308,817,James Sweet,DEF
2023-24,17761,265,James Tarkowski,DEF
2023-24,49413,241,James Tomkins,DEF
2023-24,432720,596,James Trafford,GKP
2023-24,101178,664,James Ward-Prowse,MID
2023-24,481283,778,James Wright,GKP
2023-24,513588,722,Jamie Donley,FWD
2023-24,524070,779,Jamie McDonnell,MID
2023-24,469142,150,Jan Paul van Hecke,DEF
2023-24,199584,518,Japhet Tanganga,DEF
2023-24,441428,626,Jarell Quansah,DEF
2023-24,480455,245,Jarrad Branthwaite,DEF
2023-24,178186,526,Jarrod Bowen,MID
2023-24,49262,148,Jason Steele,GKP
2023-24,109528,422,Javier Manquillo Gaitán,DEF
2023-24,44683,177,Jay Rodriguez,FWD
2023-24,490146,651,Jay Stansfield,FWD
2023-24,226182,476,Jayden Bogle,DEF
2023-24,500058,824,Jayden Danns,FWD
2023-24,608060,729,Jayden Luker,MID
2023-24,160987,251,Jean-Philippe Gbamin,MID
2023-24,231747,232,Jean-Philippe Mateta,FWD
2023-24,231057,715,Jean-Ricner Bellegarde,MID
2023-24,83314,414,Jeff Hendrick,MID
2023-24,152551,231,Jefferson Lerma Solís,MID
2023-24,86417,240,Jeffrey Schlupp,MID
2023-24,491557,760,Jenson Metcalfe,MID
2023-24,441192,146,Jeremy Sarmiento Morante,MID
2023-24,450542,657,Jesurun Rak-Sakyi,MID
2023-24,476344,44,Jhon Durán,FWD
2023-24,570241,725,Ji-Soo Kim,DEF
2023-24,601496,731,Jili Buyabu,DEF
2023-24,514277,830,Jimi Tauriainen,MID
2023-24,174874,220,Joachim Andersen,DEF
2023-24,536681,781,Joe Gardner,FWD
2023-24,462492,818,Joe Gauci,GKP
2023-24,171287,298,Joe Gomez,DEF
2023-24,240299,555,Joe Hodge,MID
2023-24,515504,748,Joe Hugill,FWD
2023-24,214225,510,Joe Rodon,DEF
2023-24,156685,81,Joe Rothwell,MID
2023-24,242500,336,Joe Taylor,FWD
2023-24,461484,794,Joe White,MID
2023-24,487818,243,Joe Whitworth,GKP
2023-24,200089,432,Joe Willock,MID
2023-24,208912,469,Joe Worrall,DEF
2023-24,60914,305,Joel Matip,DEF
2023-24,55494,242,Joel Ward,DEF
2023-24,180974,416,Joelinton Cássio Apolinário de Lira,MID
2023-24,108416,480,John Egan,DEF
2023-24,47247,481,John Fleck,MID
2023-24,422303,324,John McAtee,FWD
2023-24,122806,50,John McGinn,MID
2023-24,97299,368,John Stones,DEF
2023-24,461382,658,John-Kymani Gordon,FWD
2023-24,114128,560,Jonathan Castro Otto,DEF
2023-24,209035,460,Jonathan Panzo,DEF
2023-24,50232,463,Jonjo Shelvey,MID
2023-24,37642,703,Jonny Evans,DEF
2023-24,538206,472,Jordan Amissah,GKP
2023-24,80146,221,Jordan Ayew,MID
2023-24,241231,160,Jordan Beyer,DEF
2023-24,96784,320,Jordan Clark,MID
2023-24,56979,299,Jordan Henderson,MID
2023-24,111234,263,Jordan Pickford,GKP
2023-24,85955,9,Jorge Luiz Frello Filho,MID
2023-24,447879,647,Joseph Anang,GKP
2023-24,611011,682,Joseph Johnson,DEF
2023-24,577016,838,Josh Acheampong,DEF
2023-24,245830,440,Josh Bowler,MID
2023-24,248854,723,Josh Brooking,DEF
2023-24,172782,161,Josh Brownhill,MID
2023-24,172567,165,Josh Cullen,MID
2023-24,183656,99,Josh Dasilva,MID
2023-24,547659,637,Josh Powell,DEF
2023-24,532528,747,Joshua Duffus,MID
2023-24,577725,810,Joshua King,MID
2023-24,149065,569,José Malheiro de Sá,GKP
2023-24,121145,346,João Cancelo,DEF
2023-24,222627,266,João Neves Virgínia,GKP
2023-24,154296,280,João Palhinha Gonçalves,MID
2023-24,475168,135,João Pedro Junqueira de Jesus,FWD
2023-24,448089,559,João Victor Gomes da Silva,MID
2023-24,111478,151,Joël Veltman,DEF
2023-24,477424,616,Joško Gvardiol,DEF
2023-24,474120,130,Julio Enciso,MID
2023-24,461358,343,Julián Álvarez,FWD
2023-24,445122,585,Jurriën Timber,DEF
2023-24,504750,751,Justin Hubner,DEF
2023-24,222683,72,Justin Kluivert,MID
2023-24,248875,678,Jérémy Doku,MID
2023-24,60586,170,Jóhann Berg Gudmundsson,MID
2023-24,484658,137,Kacper Kozłowski,MID
2023-24,537403,865,Kadan Young,MID
2023-24,530318,825,Kaden Rodney,MID
2023-24,518438,774,Kaelan Casey,DEF
2023-24,219847,6,Kai Havertz,MID
2023-24,496185,783,Kaide Gordon,MID
2023-24,465390,793,Kaine Kesler-Hayden,DEF
2023-24,155405,364,Kalvin Phillips,MID
2023-24,451340,143,Kaoru Mitoma,MID
2023-24,59735,408,Karl Darlow,GKP
2023-24,463748,646,Karl Hein,GKP
2023-24,249231,107,Keane Lewis-Potter,MID
2023-24,221239,39,Keinan Davis,FWD
2023-24,232977,431,Kell Watts,DEF
2023-24,167074,285,Kenny Tete,DEF
2023-24,109745,187,Kepa Arrizabalaga,GKP
2023-24,61366,349,Kevin De Bruyne,MID
2023-24,120721,277,Kevin Mbabu,DEF
2023-24,513418,115,Kevin Schade,MID
2023-24,441271,556,Ki-Jana Hoever,DEF
2023-24,559963,852,Kiano Dyer,MID
2023-24,128340,76,Kieffer Moore,FWD
2023-24,192895,24,Kieran Tierney,DEF
2023-24,77794,430,Kieran Trippier,DEF
2023-24,240514,147,Kjell Scherpen,GKP
2023-24,516895,388,Kobbie Mainoo,MID
2023-24,233963,676,Konstantinos Mavropanos,DEF
2023-24,214285,311,Konstantinos Tsimikas,DEF
2023-24,123354,45,Kortney Hause,DEF
2023-24,511504,796,Kristian Sekularac,MID
2023-24,191866,90,Kristoffer Ajer,DEF
2023-24,103192,544,Kurt Zouma,DEF
2023-24,58621,369,Kyle Walker,DEF
2023-24,646754,866,Lander Emery,GKP
2023-24,133085,181,Lawrence Vigouroux,GKP
2023-24,151589,40,Leander Dendoncker,MID
2023-24,116216,26,Leandro Trossard,MID
2023-24,513836,753,Leigh Kavanagh,DEF
2023-24,517995,758,Leo Castledine,MID
2023-24,215711,34,Leon Bailey,MID
2023-24,589507,836,Leon Chiwome,FWD
2023-24,503714,613,Lesley Ugochukwu,MID
2023-24,460028,197,Levi Colwill,DEF
2023-24,155408,66,Lewis Cook,MID
2023-24,461421,624,Lewis Dobbin,MID
2023-24,83299,129,Lewis Dunk,DEF
2023-24,487838,204,Lewis Hall,DEF
2023-24,514514,812,Lewis Koumas,FWD
2023-24,547719,635,Lewis Miley,MID
2023-24,243345,458,Lewis O'Brien,MID
2023-24,518442,773,Lewis Orford,MID
2023-24,461453,841,Lewis Warrington,MID
2023-24,221820,391,Lisandro Martínez,DEF
2023-24,235530,70,Lloyd Kelly,DEF
2023-24,503724,805,Lorenz Assignon,DEF
2023-24,104542,580,Loris Karius,GKP
2023-24,532377,654,Louie Marsh,FWD
2023-24,223333,339,Louie Watson,MID
2023-24,530117,856,Louis Jackson,DEF
2023-24,242885,454,Loïc Mbe Soh,DEF
2023-24,547686,625,Luc De Fougerolles,DEF
2023-24,500052,755,Luca Barrington,MID
2023-24,487702,605,Luca Koleosho,MID
2023-24,482158,659,Lucas Bergström,GKP
2023-24,101188,42,Lucas Digne,DEF
2023-24,224024,539,Lucas Tolentino Coelho de Lima,MID
2023-24,244731,303,Luis Díaz,MID
2023-24,224995,705,Luis Sinisterra,MID
2023-24,37096,533,Lukasz Fabianski,GKP
2023-24,82738,317,Luke Berry,MID
2023-24,462491,726,Luke Chambers,DEF
2023-24,245923,550,Luke Cundle,MID
2023-24,49083,322,Luke Freeman,MID
2023-24,515024,683,Luke Harris,MID
2023-24,483391,171,Luke McNally,DEF
2023-24,450541,237,Luke Plange,FWD
2023-24,106760,398,Luke Shaw,DEF
2023-24,244619,693,Luke Thomas,DEF
2023-24,435973,168,Lyle Foster,FWD
2023-24,447261,719,Mackenzie Hunt,MID
2023-24,228044,93,Mads Bech Sørensen,DEF
2023-24,481405,94,Mads Bidstrup,MID
2023-24,208904,315,Mads Juel Andersen,DEF
2023-24,226956,114,Mads Roerslev Rasmussen,DEF
2023-24,496283,762,Mahamadou Susoho,MID
2023-24,168090,128,Mahmoud Dahoud,MID
2023-24,204727,214,Malang Sarr,DEF
2023-24,450535,224,Malcolm Ebiowei,MID
2023-24,482609,203,Malo Gusto,DEF
2023-24,235674,583,Manor Solomon,MID
2023-24,211975,341,Manuel Akanji,DEF
2023-24,183751,159,Manuel Benson Hedilazio,MID
2023-24,179268,198,Marc Cucurella Saseta,DEF
2023-24,209036,228,Marc Guéhi,DEF
2023-24,443629,756,Marcelo de Araújo Pitaluga Filho,GKP
2023-24,221466,83,Marcos Senesi,DEF
2023-24,122074,192,Marcus Bettinelli,GKP
2023-24,479683,11,Marcus Oliveira Alencar,MID
2023-24,176297,396,Marcus Rashford,MID
2023-24,201658,86,Marcus Tavernier,MID
2023-24,155529,284,Marek Rodák,GKP
2023-24,151086,565,Mario Lemina,MID
2023-24,118342,101,Mark Flekken,GKP
2023-24,81441,411,Mark Gillespie,GKP
2023-24,574402,741,Mark O’Mahony,FWD
2023-24,229600,88,Mark Travers,GKP
2023-24,67089,409,Martin Dubravka,GKP
2023-24,184029,14,Martin Ødegaard,MID
2023-24,184704,52,Marvelous Nakamba,MID
2023-24,534392,623,Mason Burstow,FWD
2023-24,194164,255,Mason Holgate,DEF
2023-24,184341,209,Mason Mount,MID
2023-24,91651,356,Mateo Kovačić,MID
2023-24,536694,615,Matheus França de Oliveira,MID
2023-24,465351,566,Matheus Luiz Nunes,MID
2023-24,430871,590,Matheus Santos Carneiro Da Cunha,FWD
2023-24,207283,106,Mathias Jensen,MID
2023-24,48760,121,Mathias Jorgensen,DEF
2023-24,216208,571,Matija Šarkić,GKP
2023-24,87835,598,Matt Doherty,DEF
2023-24,113534,323,Matt Macey,GKP
2023-24,56983,425,Matt Ritchie,MID
2023-24,169359,428,Matt Targett,DEF
2023-24,224068,28,Matt Turner,GKP
2023-24,503300,97,Matthew Cox,GKP
2023-24,515023,652,Matthew Dibley-Dias,MID
2023-24,483398,749,Matthew Whittingham,MID
2023-24,199796,36,Matty Cash,DEF
2023-24,85633,808,Matz Sels,GKP
2023-24,504751,815,Mauro Bandeira,MID
2023-24,232980,643,Max Aarons,DEF
2023-24,214048,563,Max Kilman,DEF
2023-24,496683,802,Max Kinsey-Wellings,DEF
2023-24,155197,484,Max Lowe,DEF
2023-24,477717,806,Maxime Esteve,DEF
2023-24,149519,527,Maxwel Cornet,MID
2023-24,462438,771,Micah Hamilton,MID
2023-24,596572,849,Michael Dacosta Gonzalez,MID
2023-24,106611,257,Michael Keane,DEF
2023-24,490150,745,Michael Ndiweni,FWD
2023-24,220598,174,Michael Obafemi,FWD
2023-24,443661,236,Michael Olise,MID
2023-24,57531,523,Michail Antonio,FWD
2023-24,501284,620,Michale Olakigbe,MID
2023-24,442229,136,Michał Karbownik,DEF
2023-24,491279,639,Micky van de Ven,DEF
2023-24,179018,402,Miguel Almirón Rejala,MID
2023-24,437748,706,Mike Trésor,MID
2023-24,499721,860,Mikey Moore,MID
2023-24,440089,98,Mikkel Damsgaard,MID
2023-24,544877,595,Milos Kerkez,DEF
2023-24,173399,444,Mohamed Dräger,DEF
2023-24,153256,3,Mohamed Elneny,MID
2023-24,118748,308,Mohamed Salah,MID
2023-24,460842,689,Mohammed Kudus,MID
2023-24,486672,126,Moisés Caicedo Corozo,MID
2023-24,222531,447,Morgan Gibbs-White,MID
2023-24,244850,803,Morgan Rogers,MID
2023-24,122775,56,Morgan Sanson,MID
2023-24,243557,599,Moussa Diaby,MID
2023-24,199170,457,Moussa Niakhaté,DEF
2023-24,575476,696,Murillo Santiago Costa dos Santos,DEF
2023-24,465920,210,Mykhailo Mudryk,MID
2023-24,499169,764,Myles Lewis-Skelly,MID
2023-24,450539,744,Myles Peart-Harris,MID
2023-24,482769,363,Máximo Perrone,MID
2023-24,466117,219,Naouirou Ahamada,MID
2023-24,126184,342,Nathan Aké,DEF
2023-24,432830,96,Nathan Collins,DEF
2023-24,531363,704,Nathan Fraser,FWD
2023-24,243571,262,Nathan Patterson,DEF
2023-24,83283,600,Nathan Redmond,MID
2023-24,57328,222,Nathaniel Clyne,DEF
2023-24,197464,306,Nathaniel Phillips,DEF
2023-24,210494,522,Nayef Aguerd,DEF
2023-24,115382,258,Neal Maupay,FWD
2023-24,215136,467,Neco Williams,DEF
2023-24,98747,424,Nick Pope,GKP
2023-24,517052,211,Nicolas Jackson,FWD
2023-24,195735,16,Nicolas Pépé,MID
2023-24,250199,712,Nicolás Domínguez,MID
2023-24,245414,672,Nicolò Zaniolo,MID
2023-24,180151,543,Nikola Vlašić,MID
2023-24,550833,800,Noha Lemina,MID
2023-24,248857,208,Noni Madueke,MID
2023-24,486385,691,Norberto Bercique Gomes Betuncal,FWD
2023-24,69752,77,Norberto Murara Neto,GKP
2023-24,549014,861,Noël Atom,DEF
2023-24,437626,23,Nuno Varela Tavares,DEF
2023-24,200402,572,Nélson Cabral Semedo,DEF
2023-24,445548,845,Odeluga Offiah,DEF
2023-24,199670,225,Odsonne Edouard,FWD
2023-24,111452,710,Odysseas Vlachodimos,GKP
2023-24,206325,31,Oleksandr Zinchenko,DEF
2023-24,532372,823,Oliver Arblaster,MID
2023-24,169432,485,Oliver McBurnie,FWD
2023-24,79934,488,Oliver Norwood,MID
2023-24,536109,784,Oliver Scarles,DEF
2023-24,209042,515,Oliver Skipp,MID
2023-24,516159,686,Oliwier Zych,GKP
2023-24,597983,820,Ollie Harrison,MID
2023-24,178301,60,Ollie Watkins,FWD
2023-24,159506,604,Olu Aina,DEF
2023-24,204822,461,Omar Richards,DEF
2023-24,487828,632,Omari Forson,MID
2023-24,549068,618,Omari Kellyman,MID
2023-24,179519,453,Orel Mangala,MID
2023-24,477555,345,Oscar Bobb,MID
2023-24,430992,782,Owen Beck,DEF
2023-24,461567,622,Owen Dodgson,DEF
2023-24,591538,857,Owen Hampson,MID
2023-24,432712,769,Owen Hesketh,MID
2023-24,217593,534,Pablo Fornals Malla,MID
2023-24,88484,570,Pablo Sarabia,MID
2023-24,482442,513,Pape Matar Sarr,MID
2023-24,60307,134,Pascal Groß,MID
2023-24,244954,584,Pau Torres,DEF
2023-24,106618,581,Paul Dummett,DEF
2023-24,247632,567,Pedro Lomba Neto,MID
2023-24,441164,506,Pedro Porro,DEF
2023-24,104047,582,Pelly Ruddock Mpanzu,MID
2023-24,204214,131,Pervis Estupiñán,DEF
2023-24,209244,353,Phil Foden,MID
2023-24,168991,63,Philip Billing,MID
2023-24,84583,38,Philippe Coutinho Correia,MID
2023-24,54694,188,Pierre-Emerick Aubameyang,FWD
2023-24,132015,499,Pierre-Emile Højbjerg,MID
2023-24,477733,669,Radek Vítek,GKP
2023-24,493125,777,Radu Dragusin,DEF
2023-24,103955,216,Raheem Sterling,MID
2023-24,90152,395,Raphaël Varane,DEF
2023-24,497894,617,Rasmus Højlund,FWD
2023-24,448514,545,Rayan Aït-Nouri,DEF
2023-24,102057,558,Raúl Jiménez,FWD
2023-24,156658,318,Reece Burke,DEF
2023-24,225796,206,Reece James,DEF
2023-24,200641,578,Reiss Nelson,MID
2023-24,169593,233,Remi Matthews,GKP
2023-24,89076,446,Remo Freuler,MID
2023-24,535262,736,Reuell Walters,DEF
2023-24,195473,477,Rhian Brewster,FWD
2023-24,515500,768,Rhys Bennett,DEF
2023-24,443211,487,Rhys Norrington-Davies,DEF
2023-24,212319,509,Richarlison de Andrade,MID
2023-24,221403,452,Richie Laryea,DEF
2023-24,194010,103,Rico Henry,DEF
2023-24,477064,358,Rico Lewis,DEF
2023-24,103025,359,Riyad Mahrez,MID
2023-24,156074,7,Rob Holding,DEF
2023-24,215059,145,Robert Sánchez,GKP
2023-24,111782,53,Robin Olsen,GKP
2023-24,202993,492,Rodrigo Bentancur,MID
2023-24,551232,809,Rodrigo Duarte Ribeiro,FWD
2023-24,220566,365,Rodrigo Hernandez,MID
2023-24,244042,279,Rodrigo Muniz Carvalho,FWD
2023-24,441240,799,Romain Faivre,MID
2023-24,66749,207,Romelu Lukaku Bolingoli,FWD
2023-24,514356,667,Roméo Lavia,MID
2023-24,517996,717,Ronnie Stutter,FWD
2023-24,493121,842,Roshaun Mathurin,MID
2023-24,88894,630,Ross Barkley,MID
2023-24,158499,65,Ryan Christie,MID
2023-24,90105,410,Ryan Fraser,MID
2023-24,81012,68,Ryan Fredericks,DEF
2023-24,232351,553,Ryan Giles,DEF
2023-24,441266,708,Ryan Gravenberch,MID
2023-24,585472,730,Ryan Oné,MID
2023-24,184349,514,Ryan Sessegnon,DEF
2023-24,591357,118,Ryan Trevitt,MID
2023-24,204968,470,Ryan Yates,MID
2023-24,171314,350,Rúben Gato Alves Dias,DEF
2023-24,115918,18,Rúnar Alex Rúnarsson,GKP
2023-24,549344,828,Sam Curtis,DEF
2023-24,101982,230,Sam Johnstone,GKP
2023-24,564505,765,Sam Proctor,GKP
2023-24,217331,464,Sam Surridge,FWD
2023-24,205836,701,Saman Ghoddos,MID
2023-24,189776,158,Samuel Bastien,MID
2023-24,513840,843,Samy Chouchane,MID
2023-24,207189,475,Sander Berge,MID
2023-24,432422,429,Sandro Tonali,MID
2023-24,231480,697,Santiago Bueno,DEF
2023-24,429414,562,Sasa Kalajdzic,FWD
2023-24,172841,525,Saïd Benrahma,MID
2023-24,212314,276,Saša Lukić,MID
2023-24,17601,347,Scott Carson,GKP
2023-24,168281,455,Scott McKenna,DEF
2023-24,195851,392,Scott McTominay,MID
2023-24,226473,180,Scott Twine,MID
2023-24,59949,247,Seamus Coleman,DEF
2023-24,180135,421,Sean Longstaff,MID
2023-24,444765,312,Sepp van den Berg,DEF
2023-24,80226,436,Serge Aurier,DEF
2023-24,174932,95,Sergi Canós Tenés,MID
2023-24,437468,366,Sergio Gómez,DEF
2023-24,199249,508,Sergio Reguilón,DEF
2023-24,432160,92,Shandon Baptiste,MID
2023-24,463210,348,Shea Charles,MID
2023-24,472464,399,Shola Shoretire,FWD
2023-24,535818,122,Simon Adingra,MID
2023-24,244085,67,Siriki Dembélé,MID
2023-24,172912,709,Sofyan Amrabat,MID
2023-24,109345,140,Solly March,MID
2023-24,85971,516,Son Heung-min,MID
2023-24,535928,292,Stefan Bajcetic,MID
2023-24,88248,361,Stefan Ortega Moreno,GKP
2023-24,56917,441,Steve Cook,DEF
2023-24,235382,123,Steven Alzate,MID
2023-24,428971,692,Steven Benda,GKP
2023-24,220237,405,Sven Botman,DEF
2023-24,552425,759,Sydie Peck,MID
2023-24,222677,586,Tahith Chong,MID
2023-24,210156,437,Taiwo Awoniyi,FWD
2023-24,223723,25,Takehiro Tomiyasu,DEF
2023-24,231372,505,Tanguy Ndombélé Alvaro,MID
2023-24,232792,139,Tariq Lamptey,DEF
2023-24,497606,750,Tawanda Chirewa,MID
2023-24,551995,848,Taylan Harris,FWD
2023-24,501468,763,Tayo Adaramola,DEF
2023-24,518892,858,Ted Curd,GKP
2023-24,499857,847,Teddy Sharman-Lowe,GKP
2023-24,244856,393,Teden Mengi,DEF
2023-24,514362,853,Temple Ojinnaka,MID
2023-24,109434,274,Terence Kongolo,DEF
2023-24,61558,310,Thiago Alcántara do Nascimento,MID
2023-24,51090,217,Thiago Emiliano da Silva,DEF
2023-24,201057,537,Thilo Kehrer,DEF
2023-24,461416,649,Thomas Cannon,FWD
2023-24,54738,614,Thomas Kaminski,GKP
2023-24,167199,15,Thomas Partey,MID
2023-24,140200,116,Thomas Strakosha,GKP
2023-24,490094,46,Tim Iroegbunam,MID
2023-24,20480,665,Tim Krul,GKP
2023-24,82514,281,Tim Ream,DEF
2023-24,165153,776,Timo Werner,FWD
2023-24,166477,688,Timothy Castagne,DEF
2023-24,441191,633,Tino Livramento,DEF
2023-24,490881,826,Toby Collyer,MID
2023-24,76357,268,Tom Cairney,MID
2023-24,173807,666,Tom Davies,MID
2023-24,21205,384,Tom Heaton,GKP
2023-24,138001,564,Tom King,GKP
2023-24,108796,575,Tom Lockyer,DEF
2023-24,209288,141,Tom McGill,GKP
2023-24,515599,767,Tommi O'Reilly,MID
2023-24,220394,351,Tommy Doyle,MID
2023-24,215439,542,Tomáš Souček,MID
2023-24,109646,286,Tosin Adarabioyo,DEF
2023-24,510362,573,Toti António Gomes,DEF
2023-24,592436,795,Travis Hernes,MID
2023-24,169187,290,Trent Alexander-Arnold,DEF
2023-24,180736,194,Trevoh Chalobah,DEF
2023-24,591386,743,Treymaurice Nyoni,MID
2023-24,490095,770,Ty Barnett,MID
2023-24,200785,673,Tyler Adams,MID
2023-24,461446,650,Tyler Onyango,MID
2023-24,222690,389,Tyrell Malacia,DEF
2023-24,432931,272,Tyrese Francois,MID
2023-24,563934,862,Tyrese Hall,MID
2023-24,244723,234,Tyrick Mitchell,DEF
2023-24,550615,851,Tyrique George,FWD
2023-24,149484,51,Tyrone Mings,DEF
2023-24,543158,816,Valentín Barco,DEF
2023-24,516432,733,Valintino Adedokun,DEF
2023-24,40836,227,Vicente Guaita,GKP
2023-24,184667,386,Victor Lindelöf,DEF
2023-24,441455,182,Victor da Silva,DEF
2023-24,248164,57,Viljami Sinisalo,GKP
2023-24,563883,752,Vincent Angelini,GKP
2023-24,424001,638,Vini de Souza Costa,MID
2023-24,97032,313,Virgil van Dijk,DEF
2023-24,224967,260,Vitalii Mykolenko,DEF
2023-24,204580,105,Vitaly Janelt,MID
2023-24,164555,528,Vladimír Coufal,DEF
2023-24,158983,668,Wataru Endo,MID
2023-24,20066,448,Wayne Hennessey,GKP
2023-24,82143,482,Wes Foderingham,GKP
2023-24,444463,201,Wesley Fofana,DEF
2023-24,213345,61,Wesley Moraes Ferreira da Silva,FWD
2023-24,613467,832,Wesley Okoduwa,DEF
2023-24,108413,229,Will Hughes,MID
2023-24,538207,490,William Osula,FWD
2023-24,462424,20,William Saliba,DEF
2023-24,47431,591,Willian Borges da Silva,MID
2023-24,90585,439,Willy Boly,DEF
2023-24,518466,766,Willy Kambwala,DEF
2023-24,550839,660,Wilson Odobert,MID
2023-24,120202,183,Wout Weghorst,FWD
2023-24,492779,754,Yago de Santiago Alonso,MID
2023-24,509416,124,Yasin Ayari,MID
2023-24,432990,592,Yasser Larouci,DEF
2023-24,508395,120,Yegor Yarmolyuk,MID
2023-24,501837,788,Yerson Mosquera,DEF
2023-24,216646,119,Yoane Wissa,FWD
2023-24,166989,58,Youri Tielemans,MID
2023-24,491012,645,Youssef Ramalho Chermiti,FWD
2023-24,628204,864,Yunus Konak,MID
2023-24,227127,493,Yves Bissouma,MID
2023-24,589114,734,Zack Nelson,MID
2023-24,164484,367,Zack Steffen,GKP
2023-24,496222,859,Zak Sturge,DEF
2023-24,492831,594,Zeki Amdouni,FWD
2023-24,515501,380,Álvaro Fernández Carreras,DEF
2023-24,518620,589,Ângelo Gabriel Borges Damaceno,MID
2024-25,622758,774,Aaron Anselmino,DEF
2024-25,55459,517,Aaron Cresswell,DEF
2024-25,472713,93,Aaron Hickey,DEF
2024-25,225321,14,Aaron Ramsdale,GKP
2024-25,214590,388,Aaron Wan-Bissaka,DEF
2024-25,121599,217,Abdoulaye Doucouré,MID
2024-25,578153,732,Abdukodir Khusanov,DEF
2024-25,531442,570,Abdul Fatawu,MID
2024-25,155511,453,Adam Armstrong,FWD
2024-25,39155,463,Adam Lallana,MID
2024-25,54469,81,Adam Smith,DEF
2024-25,110735,147,Adam Webster,DEF
2024-25,496221,216,Adam Wharton,MID
2024-25,159533,239,Adama Traoré,MID
2024-25,550141,133,Adrian Mazilu,MID
2024-25,494779,734,Albert Grønbæk,MID
2024-25,493105,372,Alejandro Garnacho,MID
2024-25,536908,507,Alejo Véliz,FWD
2024-25,153133,247,Alex Iwobi,MID
2024-25,58376,469,Alex McCarthy,GKP
2024-25,244930,435,Alex Mighten,MID
2024-25,545477,390,Alex Murphy,DEF
2024-25,112520,764,Alex Palmer,GKP
2024-25,495145,75,Alex Paulsen,GKP
2024-25,503139,77,Alex Scott,MID
2024-25,219168,401,Alexander Isak,FWD
2024-25,243016,329,Alexis Mac Allister,MID
2024-25,496179,485,Alfie Devine,MID
2024-25,519321,699,Alfie Dorrington,DEF
2024-25,514280,170,Alfie Gilchrist,DEF
2024-25,517179,664,Alfie Pond,DEF
2024-25,175941,510,Alfie Whiteman,GKP
2024-25,462387,260,Ali Al-Hamadi,FWD
2024-25,116535,310,Alisson Ramses Becker,GKP
2024-25,84182,513,Alphonse Areola,GKP
2024-25,451302,367,Altay Bayindir,GKP
2024-25,493250,364,Amad Diallo,MID
2024-25,449871,233,Amadou Onana,MID
2024-25,611926,692,Amara Nallo,DEF
2024-25,519324,118,Amario Cozier-Duberry,MID
2024-25,156689,240,Andreas Hoelgebaum Pereira,MID
2024-25,513834,601,Andrew Moran,MID
2024-25,466404,440,Andrew Omobamidele,DEF
2024-25,122798,335,Andrew Robertson,DEF
2024-25,532605,150,Andrey Nascimento dos Santos,MID
2024-25,202641,383,André Onana,GKP
2024-25,509291,642,André Trindade da Costa Neto,MID
2024-25,606798,731,Andrés García,DEF
2024-25,229384,576,Andy Irving,MID
2024-25,449434,432,Anthony Elanga,MID
2024-25,232826,398,Anthony Gordon,MID
2024-25,437730,78,Antoine Semenyo,MID
2024-25,169528,255,Antonee Robinson,DEF
2024-25,467169,365,Antony Matheus dos Santos,MID
2024-25,485055,716,Antonín Kinsky,GKP
2024-25,547701,489,Archie Gray,MID
2024-25,632822,702,Archie Harris,DEF
2024-25,232917,568,Arijanet Muric,GKP
2024-25,440323,156,Armando Broja,FWD
2024-25,477386,456,Armel Bella-Kotchap,DEF
2024-25,579075,646,Asher Agbinone,MID
2024-25,548308,478,Ashley Phillips,DEF
2024-25,18892,238,Ashley Young,DEF
2024-25,40349,624,Asmir Begovic,GKP
2024-25,220362,167,Axel Disasi,DEF
2024-25,180804,282,Axel Tuanzebe,DEF
2024-25,606745,658,Ayden Heaven,DEF
2024-25,489639,146,Bart Verbruggen,GKP
2024-25,560248,637,Bastien Meupiyou,DEF
2024-25,204814,584,Ben Brereton Díaz,MID
2024-25,577731,679,Ben Broggio,MID
2024-25,172850,160,Ben Chilwell,DEF
2024-25,115556,484,Ben Davies,DEF
2024-25,496208,318,Ben Doak,MID
2024-25,198826,715,Ben Godfrey,DEF
2024-25,222018,275,Ben Johnson,DEF
2024-25,51927,100,Ben Mee,DEF
2024-25,501770,616,Ben Nelson,DEF
2024-25,606775,687,Ben Winterburn,MID
2024-25,475480,114,Benicio Baker-Boaitey,MID
2024-25,622536,705,Benjamin Arthur,DEF
2024-25,612534,786,Benjamin Fredrick,DEF
2024-25,198869,24,Benjamin White,DEF
2024-25,242880,153,Benoît Badiashile,DEF
2024-25,165809,342,Bernardo Veiga de Carvalho e Silva,MID
2024-25,80201,248,Bernd Leno,GKP
2024-25,513527,635,Bilal El Khannouss,MID
2024-25,243568,124,Billy Gilmour,MID
2024-25,491970,315,Bobby Clark,MID
2024-25,96994,290,Bobby De Cordova-Reid,MID
2024-25,226944,42,Boubacar Kamara,MID
2024-25,476502,534,Boubacar Traoré,MID
2024-25,225902,285,Boubakary Soumaré,MID
2024-25,513433,595,Brajan Gruda,MID
2024-25,214572,479,Brandon Austin,GKP
2024-25,563324,801,Brayden Clarke,DEF
2024-25,242898,491,Brennan Johnson,MID
2024-25,141746,366,Bruno Borges Fernandes,MID
2024-25,208706,394,Bruno Guimarães Rodriguez Moura,MID
2024-25,436234,483,Bryan Gil Salvatierra,MID
2024-25,446008,99,Bryan Mbeumo,MID
2024-25,223340,17,Bukayo Saka,MID
2024-25,590012,666,Caleb Kporha,DEF
2024-25,473341,301,Caleb Okoli,DEF
2024-25,488464,575,Caleb Wiley,DEF
2024-25,568791,727,Callan McKenna,GKP
2024-25,547801,678,Callum Bates,MID
2024-25,209046,434,Callum Hudson-Odoi,MID
2024-25,499726,683,Callum Olusesi,MID
2024-25,75115,421,Callum Wilson,FWD
2024-25,232892,241,Calvin Bassey,DEF
2024-25,433979,27,Cameron Archer,FWD
2024-25,122411,263,Cameron Burgess,DEF
2024-25,524180,273,Cameron Humphreys,MID
2024-25,491598,140,Cameron Peupion,MID
2024-25,200720,325,Caoimhin Kelleher,GKP
2024-25,472739,615,Carl Rushworth,GKP
2024-25,502697,450,Carlos Alcaraz Durán,MID
2024-25,535301,115,Carlos Baleba,MID
2024-25,61256,368,Carlos Henrique Casimiro,MID
2024-25,475123,427,Carlos Miguel dos Santos Pereira,GKP
2024-25,463212,655,Carlos Roberto Forbs Borges,MID
2024-25,224860,654,Carlos Soler,MID
2024-25,245824,258,Carlos Vinícius Alves Morais,FWD
2024-25,478912,161,Carney Chukwuemeka,MID
2024-25,505187,158,Cesare Casadei,MID
2024-25,515621,195,Chadi Riad Dnanou,DEF
2024-25,547720,791,Charlie Tasker,DEF
2024-25,103914,475,Charlie Taylor,DEF
2024-25,438464,193,Cheick Doucouré,MID
2024-25,596047,776,Chido Obi-Martin,FWD
2024-25,229164,632,Chiedozie Ogbene,MID
2024-25,223911,72,Chris Mepham,DEF
2024-25,427623,194,Chris Richards,DEF
2024-25,60689,447,Chris Wood,FWD
2024-25,80607,370,Christian Eriksen,MID
2024-25,128295,101,Christian Nørgaard,MID
2024-25,108813,283,Christian Walton,GKP
2024-25,213198,181,Christopher Nkunku,MID
2024-25,434044,280,Cieran Slicker,GKP
2024-25,575204,785,Claudio Echeverri,MID
2024-25,504296,775,Coby Ebere,MID
2024-25,243298,321,Cody Gakpo,FWD
2024-25,244851,182,Cole Palmer,MID
2024-25,492777,313,Conor Bradley,DEF
2024-25,196411,265,Conor Chaplin,MID
2024-25,94147,288,Conor Coady,DEF
2024-25,232787,169,Conor Gallagher,MID
2024-25,108053,583,Conor Townsend,DEF
2024-25,246265,279,Corrie Ndaba,DEF
2024-25,60232,542,Craig Dawson,DEF
2024-25,221632,498,Cristian Romero,DEF
2024-25,450070,587,Crysencio Summerville,MID
2024-25,206915,324,Curtis Jones,MID
2024-25,209400,205,Daichi Kamada,MID
2024-25,574799,729,Damola Ajayi,MID
2024-25,78916,395,Dan Burn,DEF
2024-25,490145,500,Dane Scarlett,FWD
2024-25,533463,74,Dango Ouattara,MID
2024-25,590760,722,Daniel Adu-Adjei,FWD
2024-25,79602,536,Daniel Bentley,GKP
2024-25,200600,562,Daniel Castelo Podence,MID
2024-25,207270,294,Daniel Iversen,GKP
2024-25,523700,69,Daniel Jebbison,FWD
2024-25,247348,211,Daniel Muñoz,DEF
2024-25,513046,429,Danilo dos Santos de Oliveira,MID
2024-25,84939,523,Danny Ings,FWD
2024-25,95463,308,Danny Ward,GKP
2024-25,50175,148,Danny Welbeck,FWD
2024-25,501620,760,Dante Cassanova,DEF
2024-25,216616,630,Dara O'Shea,DEF
2024-25,447203,316,Darwin Núñez Ribeiro,FWD
2024-25,111317,62,David Brooks,MID
2024-25,520295,164,David Datro Fofana,FWD
2024-25,531989,212,David Ozoh,MID
2024-25,154561,15,David Raya Martin,GKP
2024-25,172649,201,Dean Henderson,GKP
2024-25,554605,580,Dean Huijsen,DEF
2024-25,204480,16,Declan Rice,MID
2024-25,617054,165,Deivid Washington de Souza Eugênio,FWD
2024-25,445044,492,Dejan Kulusevski,MID
2024-25,450434,143,Deniz Undav,FWD
2024-25,461537,788,Dermot Mee,GKP
2024-25,487053,505,Destiny Udogie,DEF
2024-25,165659,35,Diego Carlos Santos Silva,DEF
2024-25,514254,714,Diego Gómez,MID
2024-25,216051,369,Diogo Dalot Teixeira,DEF
2024-25,194634,317,Diogo Teixeira da Silva,MID
2024-25,487837,698,Divin Mubama,FWD
2024-25,232859,504,Djed Spence,DEF
2024-25,177815,220,Dominic Calvert-Lewin,FWD
2024-25,550596,723,Dominic Sadi,MID
2024-25,154566,82,Dominic Solanke-Mitchell,FWD
2024-25,424876,336,Dominik Szoboszlai,MID
2024-25,204646,725,Donyell Malen,MID
2024-25,433154,230,Dwight McNeil,MID
2024-25,232413,199,Eberechi Eze,MID
2024-25,205533,11,Eddie Nketiah,FWD
2024-25,121160,347,Ederson Santana de Moraes,GKP
2024-25,213999,511,Edson Álvarez Velázquez,MID
2024-25,439135,763,Eiran Cashin,DEF
2024-25,517178,261,Elkan Baggott,DEF
2024-25,215379,423,Elliot Anderson,MID
2024-25,588555,761,Elyh Harrison,GKP
2024-25,241157,487,Emerson Leite de Souza Junior,DEF
2024-25,109533,520,Emerson Palmieri dos Santos,DEF
2024-25,111773,405,Emil Krafth,DEF
2024-25,209289,19,Emile Smith Rowe,MID
2024-25,195546,31,Emiliano Buendía Stati,MID
2024-25,98980,47,Emiliano Martínez Romero,GKP
2024-25,516939,720,Emmanuel Agbadou,DEF
2024-25,230251,430,Emmanuel Dennis,FWD
2024-25,158983,320,Endo Wataru,MID
2024-25,168636,65,Enes Ünal,FWD
2024-25,593001,547,Enso González,MID
2024-25,491287,30,Enzo Barrenechea,MID
2024-25,448047,168,Enzo Fernández,MID
2024-25,569014,428,Eric da Silva Moreira,MID
2024-25,223094,351,Erling Haaland,FWD
2024-25,494041,87,Ethan Brierley,MID
2024-25,499175,12,Ethan Nwaneri,MID
2024-25,231065,104,Ethan Pinnock,DEF
2024-25,575034,648,Ethan Wheatley,FWD
2024-25,487117,123,Evan Ferguson,FWD
2024-25,602903,686,Ezra Mayers,DEF
2024-25,199798,44,Ezri Konsa Ngoyo,DEF
2024-25,119471,415,Fabian Schär,DEF
2024-25,536916,117,Facundo Buonanotte,MID
2024-25,488404,384,Facundo Pellistri Rebollo,MID
2024-25,223541,636,Federico Chiesa,MID
2024-25,485047,653,Felipe Rodrigues da Silva,DEF
2024-25,231416,628,Ferdi Kadioglu,DEF
2024-25,508479,581,Filip Jørgensen,GKP
2024-25,462381,46,Filip Marschall,GKP
2024-25,220585,518,Flynn Downes,MID
2024-25,444102,617,Francisco Evanilson de Lima Barbosa,FWD
2024-25,510363,537,Francisco Jorge Tomás Oliveira,MID
2024-25,574398,644,Franco Umeh-Chibueze,MID
2024-25,428580,102,Frank Onyeka,MID
2024-25,40383,488,Fraser Forster,GKP
2024-25,94926,276,Freddie Ladapo,FWD
2024-25,604988,794,Freddie Simmonds,DEF
2024-25,438098,1,Fábio Ferreira Vieira,MID
2024-25,244858,314,Fábio Freitas Gouveia Carvalho,MID
2024-25,449988,545,Fábio Silva,FWD
2024-25,205651,2,Gabriel Fernando de Jesus,FWD
2024-25,444145,9,Gabriel Martinelli Silva,MID
2024-25,226597,3,Gabriel dos Santos Magalhães,DEF
2024-25,564510,406,Garang Kuol,MID
2024-25,456350,454,Gavin Bazunu,GKP
2024-25,591382,787,Genesis Antwi,DEF
2024-25,490885,519,George Earthy,MID
2024-25,214964,269,George Edmundson,DEF
2024-25,222625,272,George Hirst,FWD
2024-25,463067,618,Georginio Rutter,MID
2024-25,200826,493,Giovani Lo Celso,MID
2024-25,576637,691,Godwill Kukonki,DEF
2024-25,181284,548,Gonçalo Manuel Ganchinho Guedes,MID
2024-25,184254,508,Guglielmo Vicario,GKP
2024-25,197024,588,Guido Rodríguez,MID
2024-25,626464,634,Gustavo Nunes Fernandes Gomes,MID
2024-25,424044,67,Hamed Traorè,MID
2024-25,197469,287,Hamza Choudhury,MID
2024-25,465527,373,Hannibal Mejbri,MID
2024-25,609873,603,Harrison Armstrong,MID
2024-25,153366,254,Harrison Reed,MID
2024-25,577974,670,Harry Amass,DEF
2024-25,232228,266,Harry Clarke,DEF
2024-25,597320,795,Harry Howell,MID
2024-25,95658,377,Harry Maguire,DEF
2024-25,194190,303,Harry Souttar,DEF
2024-25,114241,444,Harry Toffolo,DEF
2024-25,153682,259,Harry Wilson,MID
2024-25,157668,309,Harry Winks,MID
2024-25,201666,392,Harvey Barnes,MID
2024-25,464353,669,Harvey Davies,GKP
2024-25,444884,319,Harvey Elliott,MID
2024-25,531997,694,Henry Cartwright,MID
2024-25,439483,783,Hubert Graczyk,GKP
2024-25,490721,549,Hugo Bueno López,DEF
2024-25,184754,550,Hwang Hee-chan,MID
2024-25,201440,446,Hwang Ui-jo,FWD
2024-25,507433,109,Hákon Valdimarsson,GKP
2024-25,441302,45,Ian Maatsen,DEF
2024-25,612855,127,Ibrahim Osman,MID
2024-25,210462,442,Ibrahim Sangaré,MID
2024-25,204716,326,Ibrahima Konaté,DEF
2024-25,80801,222,Idrissa Gueye,MID
2024-25,223434,128,Igor Julio dos Santos de Paulo,DEF
2024-25,502500,107,Igor Thiago Nascimento Rodrigues,FWD
2024-25,440993,232,Iliman Ndiaye,FWD
2024-25,59859,625,Ilkay Gündogan,MID
2024-25,477580,85,Illia Zabarnyi,DEF
2024-25,447720,663,Imari Samuels,DEF
2024-25,153127,400,Isaac Hayden,MID
2024-25,496279,773,Isaac Heath,MID
2024-25,536238,782,Ishé Samuels-Smith,DEF
2024-25,232185,585,Ismaïla Sarr,MID
2024-25,588796,659,Ismeal Kabia,MID
2024-25,219924,245,Issa Diop,DEF
2024-25,476369,626,Issa Kaboré,DEF
2024-25,144485,108,Ivan Toney,FWD
2024-25,533710,780,Iwan Morgan,FWD
2024-25,443261,631,Jack Clarke,MID
2024-25,547037,667,Jack Fletcher,MID
2024-25,114283,349,Jack Grealish,MID
2024-25,221399,224,Jack Harrison,MID
2024-25,514307,793,Jack Henry-Francis,MID
2024-25,532529,126,Jack Hinshelwood,MID
2024-25,559684,778,Jack Moorhouse,MID
2024-25,616059,756,Jack Porter,GKP
2024-25,88900,472,Jack Stephens,DEF
2024-25,231899,281,Jack Taylor,MID
2024-25,449429,270,Jacob Greaves,DEF
2024-25,114243,402,Jacob Murphy,MID
2024-25,232653,53,Jacob Ramsey,MID
2024-25,589100,685,Jacob Slater,DEF
2024-25,516250,671,Jacob Wright,MID
2024-25,481624,569,Jaden Philogene,MID
2024-25,209243,386,Jadon Sancho,MID
2024-25,554194,672,Jahmai Simpson-Pusey,DEF
2024-25,444180,61,Jaidon Anthony,MID
2024-25,630664,797,Jake Evans,MID
2024-25,512462,582,Jake O'Brien,DEF
2024-25,440854,8,Jakub Kiwior,DEF
2024-25,243505,137,Jakub Moder,MID
2024-25,436680,304,Jakub Stolarczyk,GKP
2024-25,101148,407,Jamaal Lascelles,DEF
2024-25,194799,408,Jamal Lewis,DEF
2024-25,559962,710,Jamaldeen Jimoh,MID
2024-25,184386,457,James Bree,DEF
2024-25,232928,223,James Garner,MID
2024-25,463981,68,James Hill,DEF
2024-25,220627,295,James Justin,DEF
2024-25,172780,494,James Maddison,MID
2024-25,432714,357,James McAtee,MID
2024-25,491501,330,James McConnell,MID
2024-25,15157,134,James Milner,MID
2024-25,17761,236,James Tarkowski,DEF
2024-25,101178,531,James Ward-Prowse,MID
2024-25,101668,306,Jamie Vardy,FWD
2024-25,171771,455,Jan Bednarek,DEF
2024-25,469142,144,Jan Paul van Hecke,DEF
2024-25,93100,307,Jannik Vestergaard,DEF
2024-25,441428,333,Jarell Quansah,DEF
2024-25,480455,219,Jarrad Branthwaite,DEF
2024-25,178186,514,Jarrod Bowen,MID
2024-25,49262,142,Jason Steele,GKP
2024-25,495024,798,Jay Robinson,FWD
2024-25,490146,256,Jay Stansfield,FWD
2024-25,556639,673,Jayce Fitzgerald,MID
2024-25,500058,709,Jayden Danns,FWD
2024-25,499717,649,Jayden Meghoma,DEF
2024-25,494551,804,Jayden Moore,DEF
2024-25,462116,591,Jean-Clair Todibo,DEF
2024-25,231747,207,Jean-Philippe Mateta,FWD
2024-25,231057,535,Jean-Ricner Bellegarde,MID
2024-25,152551,206,Jefferson Lerma Solís,MID
2024-25,86417,214,Jeffrey Schlupp,MID
2024-25,454667,619,Jens Cajuste,MID
2024-25,491557,614,Jenson Metcalfe,MID
2024-25,649208,792,Jeremy Monga,MID
2024-25,441192,141,Jeremy Sarmiento Morante,MID
2024-25,463903,577,Jesper Lindstrøm,MID
2024-25,450542,213,Jesurun Rak-Sakyi,MID
2024-25,476344,38,Jhon Durán,FWD
2024-25,538182,790,Jimi Gower,MID
2024-25,174874,191,Joachim Andersen,DEF
2024-25,620408,719,Joachim Kayi-Sanda,DEF
2024-25,193204,452,Joe Aribo,MID
2024-25,462492,39,Joe Gauci,GKP
2024-25,171287,322,Joe Gomez,DEF
2024-25,240299,551,Joe Hodge,MID
2024-25,567121,758,Joe Knight,MID
2024-25,167888,466,Joe Lumley,GKP
2024-25,461484,419,Joe White,MID
2024-25,200089,420,Joe Willock,MID
2024-25,208912,448,Joe Worrall,DEF
2024-25,55494,215,Joel Ward,DEF
2024-25,180974,403,Joelinton Cássio Apolinário de Lira,MID
2024-25,122806,48,John McGinn,MID
2024-25,19236,414,John Ruddy,GKP
2024-25,97299,362,John Stones,DEF
2024-25,209035,441,Jonathan Panzo,DEF
2024-25,37642,371,Jonny Evans,DEF
2024-25,80146,192,Jordan Ayew,MID
2024-25,111234,235,Jordan Pickford,GKP
2024-25,246301,586,Jorge Cuenca Barreno,DEF
2024-25,85955,7,Jorge Luiz Frello Filho,MID
2024-25,545508,693,Joseph O'Brien-Whitmarsh,MID
2024-25,577016,697,Josh Acheampong,DEF
2024-25,245830,426,Josh Bowler,MID
2024-25,183656,90,Josh Dasilva,MID
2024-25,577725,604,Josh King,MID
2024-25,499167,662,Josh Nichols,DEF
2024-25,447880,675,Josh Wilson-Esbrand,DEF
2024-25,458249,389,Joshua Zirkzee,FWD
2024-25,149065,554,José Malheiro de Sá,GKP
2024-25,121145,353,João Cavaco Cancelo,DEF
2024-25,428399,621,João Félix Sequeira,MID
2024-25,222627,227,João Neves Virgínia,GKP
2024-25,510500,596,João Pedro Ferreira Silva,MID
2024-25,475168,129,João Pedro Junqueira de Jesus,FWD
2024-25,448089,553,João Victor Gomes da Silva,MID
2024-25,111478,145,Joël Veltman,DEF
2024-25,477424,350,Joško Gvardiol,DEF
2024-25,515571,464,Juan Larios López,DEF
2024-25,535017,759,Julian Eyestone,GKP
2024-25,474120,121,Julio Enciso,MID
2024-25,575901,713,Julio Soler,DEF
2024-25,436893,592,Julián Araujo Zúñiga,DEF
2024-25,461358,352,Julián Álvarez,FWD
2024-25,445122,6,Jurriën Timber,DEF
2024-25,489706,645,Justin Devenny,MID
2024-25,222683,71,Justin Kluivert,MID
2024-25,248875,346,Jérémy Doku,MID
2024-25,247412,566,Jørgen Strand Larsen,FWD
2024-25,484658,130,Kacper Kozłowski,MID
2024-25,537403,656,Kadan Young,MID
2024-25,530318,647,Kaden Rodney,MID
2024-25,518438,643,Kaelan Casey,DEF
2024-25,219847,4,Kai Havertz,FWD
2024-25,465390,43,Kaine Kesler-Hayden,DEF
2024-25,155405,359,Kalvin Phillips,MID
2024-25,504783,462,Kamaldeen Sulemana,MID
2024-25,463748,5,Karl Hein,GKP
2024-25,461587,299,Kasey McAteer,MID
2024-25,249231,98,Keane Lewis-Potter,MID
2024-25,167074,257,Kenny Tete,DEF
2024-25,109745,152,Kepa Arrizabalaga,GKP
2024-25,135720,767,Kevin Danso,DEF
2024-25,61366,345,Kevin De Bruyne,MID
2024-25,120721,250,Kevin Mbabu,DEF
2024-25,513418,106,Kevin Schade,MID
2024-25,441271,552,Ki-Jana Hoever,DEF
2024-25,192895,21,Kieran Tierney,DEF
2024-25,77794,418,Kieran Trippier,DEF
2024-25,215413,166,Kiernan Dewsbury-Hall,MID
2024-25,565858,668,Killian Cahill,GKP
2024-25,570241,96,Kim Ji-soo,DEF
2024-25,516895,378,Kobbie Mainoo,MID
2024-25,233963,528,Konstantinos Mavropanos,DEF
2024-25,214285,337,Konstantinos Tsimikas,DEF
2024-25,123354,40,Kortney Hause,DEF
2024-25,578545,50,Kosta Nedeljković,DEF
2024-25,191866,86,Kristoffer Ajer,DEF
2024-25,103192,532,Kurt Zouma,DEF
2024-25,58621,363,Kyle Walker,DEF
2024-25,158534,476,Kyle Walker-Peters,DEF
2024-25,515597,598,Lamare Bogarde,DEF
2024-25,151589,33,Leander Dendoncker,MID
2024-25,116216,23,Leandro Trossard,MID
2024-25,455084,267,Leif Davis,DEF
2024-25,550864,572,Leny Yoro,DEF
2024-25,215711,28,Leon Bailey,MID
2024-25,589507,539,Leon Chiwome,FWD
2024-25,503714,188,Lesley Ugochukwu,MID
2024-25,460028,162,Levi Colwill,DEF
2024-25,155408,64,Lewis Cook,MID
2024-25,461421,37,Lewis Dobbin,MID
2024-25,83299,120,Lewis Dunk,DEF
2024-25,487838,399,Lewis Hall,DEF
2024-25,547719,411,Lewis Miley,MID
2024-25,243345,439,Lewis O'Brien,MID
2024-25,518442,701,Lewis Orford,MID
2024-25,463034,268,Liam Delap,FWD
2024-25,514315,56,Lino da Cruz Sousa,DEF
2024-25,221820,380,Lisandro Martínez,DEF
2024-25,235530,404,Lloyd Kelly,DEF
2024-25,611917,689,Luca Williams-Barnett,MID
2024-25,482158,154,Lucas Bergström,GKP
2024-25,570526,481,Lucas Bergvall,MID
2024-25,101188,36,Lucas Digne,DEF
2024-25,224024,527,Lucas Tolentino Coelho de Lima,MID
2024-25,244731,327,Luis Díaz,MID
2024-25,577114,526,Luis Guilherme Lira dos Santos,MID
2024-25,224995,80,Luis Sinisterra,MID
2024-25,245923,540,Luke Cundle,MID
2024-25,515024,246,Luke Harris,MID
2024-25,106760,387,Luke Shaw,DEF
2024-25,244619,305,Luke Thomas,DEF
2024-25,220583,284,Luke Woolfenden,DEF
2024-25,467189,293,Mads Hermansen,GKP
2024-25,226956,105,Mads Roerslev Rasmussen,DEF
2024-25,592736,700,Maeson King,DEF
2024-25,168090,119,Mahmoud Dahoud,MID
2024-25,611920,684,Malachi Hardy,DEF
2024-25,204727,176,Malang Sarr,DEF
2024-25,450535,197,Malcolm Ebiowei,MID
2024-25,588793,657,Maldini Kacurri,DEF
2024-25,482609,171,Malo Gusto,DEF
2024-25,235674,502,Manor Solomon,MID
2024-25,211975,340,Manuel Akanji,DEF
2024-25,232112,652,Manuel Ugarte,MID
2024-25,179268,163,Marc Cucurella Saseta,DEF
2024-25,499309,178,Marc Guiu Paz,FWD
2024-25,209036,200,Marc Guéhi,DEF
2024-25,174292,762,Marco Asensio,MID
2024-25,221466,79,Marcos Senesi,DEF
2024-25,122074,155,Marcus Bettinelli,GKP
2024-25,167191,271,Marcus Myers-Harness,MID
2024-25,176297,385,Marcus Rashford,MID
2024-25,201658,83,Marcus Tavernier,MID
2024-25,151086,557,Mario Lemina,MID
2024-25,118342,91,Mark Flekken,GKP
2024-25,574402,138,Mark O’Mahony,FWD
2024-25,229600,84,Mark Travers,GKP
2024-25,433312,770,Marshall Munetsi,MID
2024-25,573062,605,Martial Godo,MID
2024-25,67089,396,Martin Dúbravka,GKP
2024-25,536241,724,Martin Sherif,FWD
2024-25,184029,13,Martin Ødegaard,MID
2024-25,194164,225,Mason Holgate,DEF
2024-25,184341,382,Mason Mount,MID
2024-25,106606,277,Massimo Luongo,MID
2024-25,541462,712,Matai Akinmboni,DEF
2024-25,91651,354,Mateo Kovačić,MID
2024-25,551226,623,Mateus Gonçalo Espanha Fernandes,MID
2024-25,647671,784,Mateus Mané,FWD
2024-25,200428,465,Mateusz Lis,GKP
2024-25,536694,208,Matheus França de Oliveira,MID
2024-25,465351,356,Matheus Luiz Nunes,MID
2024-25,430871,541,Matheus Santos Carneiro Da Cunha,FWD
2024-25,207283,95,Mathias Jensen,MID
2024-25,48760,112,Mathias Jorgensen,DEF
2024-25,609640,771,Mathis Amougou,MID
2024-25,511499,768,Mathys Tel,MID
2024-25,467779,149,Mats Wieffer,MID
2024-25,87835,543,Matt Doherty,DEF
2024-25,219249,629,Matt O'Riley,MID
2024-25,169359,416,Matt Targett,DEF
2024-25,224068,445,Matt Turner,GKP
2024-25,209365,593,Matthijs de Ligt,DEF
2024-25,199796,32,Matty Cash,DEF
2024-25,85633,443,Matz Sels,GKP
2024-25,232980,59,Max Aarons,DEF
2024-25,494307,703,Max Alleyne,DEF
2024-25,214048,524,Max Kilman,DEF
2024-25,496683,680,Max Kinsey,DEF
2024-25,437499,650,Maxence Lacroix,DEF
2024-25,149519,515,Maxwel Cornet,MID
2024-25,549640,292,Michael Golding,MID
2024-25,607464,757,Michael Kayode,DEF
2024-25,106611,228,Michael Keane,DEF
2024-25,57531,512,Michail Antonio,FWD
2024-25,491279,506,Micky van de Ven,DEF
2024-25,179018,391,Miguel Almirón Rejala,MID
2024-25,195384,633,Mikel Merino,MID
2024-25,499721,610,Mikey Moore,MID
2024-25,440089,89,Mikkel Damsgaard,MID
2024-25,544877,70,Milos Kerkez,DEF
2024-25,623095,717,Min-Hyeok Yang,MID
2024-25,578512,574,Miodrag Pivaš,DEF
2024-25,451340,136,Mitoma Kaoru,MID
2024-25,118748,328,Mohamed Salah,MID
2024-25,460842,525,Mohammed Kudus,MID
2024-25,486672,157,Moisés Caicedo Corozo,MID
2024-25,222531,433,Morgan Gibbs-White,MID
2024-25,244850,54,Morgan Rogers,MID
2024-25,243557,34,Moussa Diaby,MID
2024-25,575476,436,Murillo Santiago Costa dos Santos,DEF
2024-25,465920,179,Mykhailo Mudryk,MID
2024-25,499169,597,Myles Lewis-Skelly,MID
2024-25,450539,103,Myles Peart-Harris,MID
2024-25,466117,190,Naouirou Ahamada,MID
2024-25,531170,769,Nasser Djiga,DEF
2024-25,126184,341,Nathan Aké,DEF
2024-25,173818,262,Nathan Broadhead,MID
2024-25,461025,665,Nathan Butler-Oyedeji,FWD
2024-25,432830,88,Nathan Collins,DEF
2024-25,531363,546,Nathan Fraser,FWD
2024-25,243571,234,Nathan Patterson,DEF
2024-25,244845,477,Nathan Wood-Gordon,DEF
2024-25,57328,196,Nathaniel Clyne,DEF
2024-25,197464,332,Nathaniel Phillips,DEF
2024-25,210494,529,Nayef Aguerd,DEF
2024-25,115382,229,Neal Maupay,FWD
2024-25,215136,437,Neco Williams,DEF
2024-25,98747,413,Nick Pope,GKP
2024-25,91889,589,Niclas Füllkrug,FWD
2024-25,465694,765,Nico González,MID
2024-25,472769,607,Nico O'Reilly,MID
2024-25,517052,180,Nicolas Jackson,FWD
2024-25,250199,431,Nicolás Domínguez,MID
2024-25,227444,573,Nikola Milenković,DEF
2024-25,248857,177,Noni Madueke,MID
2024-25,486385,218,Norberto Bercique Gomes Betuncal,FWD
2024-25,69752,73,Norberto Murara Neto,GKP
2024-25,230001,594,Noussair Mazraoui,DEF
2024-25,200402,559,Nélson Cabral Semedo,DEF
2024-25,445548,139,Odeluga Offiah,DEF
2024-25,199670,198,Odsonne Edouard,FWD
2024-25,111452,412,Odysseas Vlachodimos,GKP
2024-25,159506,422,Ola Aina,DEF
2024-25,619146,796,Olabade Aluko,DEF
2024-25,206325,25,Oleksandr Zinchenko,DEF
2024-25,209042,501,Oliver Skipp,MID
2024-25,516159,641,Oliwier Zych,GKP
2024-25,536109,677,Ollie Scarles,DEF
2024-25,178301,58,Ollie Watkins,FWD
2024-25,438234,755,Omar Marmoush,FWD
2024-25,204822,438,Omar Richards,DEF
2024-25,503301,274,Omari Giraud-Hutchinson,MID
2024-25,549068,173,Omari Kellyman,MID
2024-25,179519,651,Orel Mangala,MID
2024-25,477555,343,Oscar Bobb,MID
2024-25,88484,565,Pablo Sarabia,MID
2024-25,482442,499,Pape Matar Sarr,MID
2024-25,220695,674,Paris Maghoma,MID
2024-25,60307,125,Pascal Groß,MID
2024-25,596777,766,Patrick Dorgu,DEF
2024-25,245419,289,Patson Daka,FWD
2024-25,244954,52,Pau Torres,DEF
2024-25,147611,470,Paul Onuachu,FWD
2024-25,641221,561,Pedro Cardoso de Lima,DEF
2024-25,247632,560,Pedro Lomba Neto,MID
2024-25,441164,495,Pedro Porro,DEF
2024-25,204214,122,Pervis Estupiñán,DEF
2024-25,209244,348,Phil Foden,MID
2024-25,168991,76,Philip Billing,MID
2024-25,132015,490,Pierre-Emile Højbjerg,MID
2024-25,493125,486,Radu Drăgușin,DEF
2024-25,103955,186,Raheem Sterling,MID
2024-25,502222,620,Ramón Sosa,MID
2024-25,497894,375,Rasmus Højlund,FWD
2024-25,448514,533,Rayan Aït-Nouri,DEF
2024-25,102057,252,Raúl Jiménez,FWD
2024-25,225796,172,Reece James,DEF
2024-25,474907,803,Reece Welch,DEF
2024-25,200641,10,Reiss Nelson,MID
2024-25,169593,209,Remi Matthews,GKP
2024-25,606774,707,Remy Rees-Dottin,FWD
2024-25,551230,184,Renato Palma Veiga,MID
2024-25,219937,334,Rhys Williams,DEF
2024-25,111931,302,Ricardo Barbosa Pereira,DEF
2024-25,466075,578,Riccardo Calafiori,DEF
2024-25,212319,497,Richarlison de Andrade,FWD
2024-25,194010,92,Rico Henry,DEF
2024-25,477064,355,Rico Lewis,DEF
2024-25,156074,202,Rob Holding,DEF
2024-25,215059,185,Robert Sánchez,GKP
2024-25,111782,51,Robin Olsen,GKP
2024-25,220566,360,Rodrigo 'Rodri' Hernandez,MID
2024-25,202993,480,Rodrigo Bentancur,MID
2024-25,483081,563,Rodrigo Martins Gomes,MID
2024-25,244042,251,Rodrigo Muniz Carvalho,FWD
2024-25,606921,730,Romain Esse,MID
2024-25,441240,66,Romain Faivre,MID
2024-25,496178,627,Roman Dixon,DEF
2024-25,66749,175,Romelu Lukaku Bolingoli,FWD
2024-25,514356,174,Roméo Lavia,MID
2024-25,500926,460,Ronnie Edwards,DEF
2024-25,88894,29,Ross Barkley,MID
2024-25,230348,473,Ross Stewart,FWD
2024-25,539721,681,Ruairi McConville,DEF
2024-25,158499,63,Ryan Christie,MID
2024-25,90105,397,Ryan Fraser,MID
2024-25,441266,323,Ryan Gravenberch,MID
2024-25,204863,467,Ryan Manning,DEF
2024-25,184349,579,Ryan Sessegnon,DEF
2024-25,591357,602,Ryan Trevitt,MID
2024-25,204968,449,Ryan Yates,MID
2024-25,171314,361,Rúben Gato Alves Dias,DEF
2024-25,498046,638,Salah-Eddine Oulad M'hand,MID
2024-25,101982,204,Sam Johnstone,GKP
2024-25,74944,278,Sam Morsy,MID
2024-25,172453,611,Sam Szmodics,MID
2024-25,519223,802,Sammy Braybrooke,MID
2024-25,591385,690,Samuel Amissah,DEF
2024-25,499724,451,Samuel Amo-Ameyaw,MID
2024-25,490503,459,Samuel Edozie,MID
2024-25,469247,41,Samuel Iling-Junior,MID
2024-25,547692,695,Samuel Rak-Sakyi,MID
2024-25,207189,622,Sander Berge,MID
2024-25,432422,417,Sandro Tonali,MID
2024-25,231480,564,Santiago Bueno,DEF
2024-25,429414,555,Saša Kalajdžić,FWD
2024-25,212314,249,Saša Lukić,MID
2024-25,17601,344,Scott Carson,GKP
2024-25,195851,381,Scott McTominay,MID
2024-25,180135,410,Sean Longstaff,MID
2024-25,599303,789,Sean Neave,FWD
2024-25,444765,338,Sepp van den Berg,DEF
2024-25,199249,496,Sergio Reguilón,DEF
2024-25,463210,458,Shea Charles,MID
2024-25,567119,781,Shumaira Mheuka,FWD
2024-25,514287,640,Sil Swinkels,DEF
2024-25,535818,113,Simon Adingra,MID
2024-25,109345,132,Solly March,MID
2024-25,547693,799,Somto Boniface,DEF
2024-25,85971,503,Son Heung-min,MID
2024-25,613120,704,Spike Brits,GKP
2024-25,535928,312,Stefan Bajčetić Maquieira,MID
2024-25,88248,358,Stefan Ortega Moreno,GKP
2024-25,154048,298,Stephy Mavididi,MID
2024-25,428971,242,Steven Benda,GKP
2024-25,219279,474,Sugawara Yukinari,DEF
2024-25,220237,393,Sven Botman,DEF
2024-25,510281,571,Sávio 'Savinho' Moreira de Oliveira,MID
2024-25,59949,221,Séamus Coleman,DEF
2024-25,618873,779,Sékou Koné,MID
2024-25,476888,468,Sékou Mara,FWD
2024-25,210156,424,Taiwo Awoniyi,FWD
2024-25,232792,131,Tariq Lamptey,DEF
2024-25,497606,538,Tawanda Chirewa,MID
2024-25,245719,461,Taylor Harwood-Bellis,DEF
2024-25,167199,20,Thomas Partey,MID
2024-25,532535,708,Thomas Wilson-Brown,DEF
2024-25,490094,226,Tim Iroegbunam,MID
2024-25,82514,253,Tim Ream,DEF
2024-25,165153,509,Timo Werner,MID
2024-25,166477,244,Timothy Castagne,DEF
2024-25,441191,409,Tino Livramento,DEF
2024-25,490881,613,Toby Collyer,MID
2024-25,76357,243,Tom Cairney,MID
2024-25,461416,286,Tom Cannon,FWD
2024-25,596054,682,Tom Edozie,MID
2024-25,21205,374,Tom Heaton,GKP
2024-25,138001,556,Tom King,GKP
2024-25,592712,800,Tom Taylor,MID
2024-25,223723,22,Tomiyasu Takehiro,DEF
2024-25,220394,544,Tommy Doyle,MID
2024-25,551221,639,Tommy Setford,GKP
2024-25,215439,530,Tomáš Souček,MID
2024-25,592662,661,Tony Yogane,MID
2024-25,109646,187,Tosin Adarabioyo,DEF
2024-25,510362,567,Toti António Gomes,DEF
2024-25,169187,311,Trent Alexander-Arnold,DEF
2024-25,180736,159,Trevoh Chalobah,DEF
2024-25,591386,688,Treymaurice Nyoni,MID
2024-25,200785,60,Tyler Adams,MID
2024-25,496661,608,Tyler Dibling,MID
2024-25,547676,777,Tyler Fredricson,DEF
2024-25,440148,331,Tyler Morton,MID
2024-25,222690,379,Tyrell Malacia,DEF
2024-25,244723,210,Tyrick Mitchell,DEF
2024-25,550615,696,Tyrique George,MID
2024-25,149484,49,Tyrone Mings,DEF
2024-25,543158,116,Valentín Barco,DEF
2024-25,481510,296,Victor Kristiansen,DEF
2024-25,184667,376,Victor Lindelöf,DEF
2024-25,248164,55,Viljami Sinisalo,GKP
2024-25,97032,339,Virgil van Dijk,DEF
2024-25,224967,231,Vitalii Mykolenko,DEF
2024-25,204580,94,Vitaly Janelt,MID
2024-25,616222,733,Vitor de Oliveira Nunes dos Reis,DEF
2024-25,164555,516,Vladimír Coufal,DEF
2024-25,432987,660,Vítezslav Jaros,GKP
2024-25,461584,297,Wanya Marçal-Madivádua,MID
2024-25,20066,721,Wayne Hennessey,GKP
2024-25,500016,718,Welington Damascena Santos,DEF
2024-25,149929,264,Wes Burns,MID
2024-25,82143,522,Wes Foderingham,GKP
2024-25,613467,711,Wes Okoduwa,DEF
2024-25,444463,189,Wesley Fofana,DEF
2024-25,203341,300,Wilfred Ndidi,MID
2024-25,532534,606,Will Alves,MID
2024-25,444172,599,Will Dennis,GKP
2024-25,108413,203,Will Hughes,MID
2024-25,552427,609,Will Lankshear,FWD
2024-25,214466,471,Will Smallbone,MID
2024-25,538207,590,William Osula,FWD
2024-25,462424,18,William Saliba,DEF
2024-25,47431,772,Willian Borges da Silva,MID
2024-25,90585,425,Willy Boly,DEF
2024-25,550839,612,Wilson Odobert,MID
2024-25,218218,291,Wout Faes,DEF
2024-25,488439,726,Woyo Coulibaly,DEF
2024-25,592031,135,Yankuba Minteh,MID
2024-25,509416,600,Yasin Ayari,MID
2024-25,508395,111,Yehor Yarmoliuk,MID
2024-25,501837,558,Yerson Mosquera,DEF
2024-25,216646,110,Yoane Wissa,FWD
2024-25,166989,57,Youri Tielemans,MID
2024-25,491012,237,Youssef Ramalho Chermiti,FWD
2024-25,628204,97,Yunus Emre Konak,MID
2024-25,227127,482,Yves Bissouma,MID
2024-25,549067,706,Zach Abbott,DEF
2024-25,576980,676,Zach Marsh,FWD
2024-25,530121,728,Zain Silcott-Duberry,MID
2024-25,106468,26,Álex Moreno Lopera,DEF
2024-25,518620,151,Ângelo Gabriel Borges Damaceno,MID
2024-25,457569,183,Đorđe Petrović,GKP
2024-25,37096,521,Łukasz Fabiański,GKP
2025-26,472713,116,Aaron Hickey,DEF
2025-26,225321,674,Aaron Ramsdale,GKP
2025-26,447715,211,Aaron Ramsey,MID
2025-26,214590,610,Aaron Wan-Bissaka,DEF
2025-26,622758,234,Aarón Anselmino,DEF
2025-26,685628,809,Abbey,MID
2025-26,516211,165,Abdallah Sima,MID
2025-26,477851,554,Abdoullah Ba,MID
2025-26,578153,406,Abdukodir Khusanov,DEF
2025-26,173879,808,Abraham,FWD
2025-26,499300,667,Adam Aznou,DEF
2025-26,54469,73,Adam Smith,DEF
2025-26,110735,153,Adam Webster,DEF
2025-26,496221,273,Adam Wharton,MID
2025-26,159533,326,Adama Traoré Diarra,MID
2025-26,550141,176,Adrian Mazilu,MID
2025-26,494521,74,Adrien Truffert,DEF
2025-26,611975,562,Ahmed Abdullahi,FWD
2025-26,220684,533,Aji Alese,DEF
2025-26,590035,751,Akhamrich,MID
2025-26,666607,772,Alabi,MID
2025-26,171422,555,Alan Browne,MID
2025-26,437742,29,Albert Sambi Lokonga,MID
2025-26,493105,453,Alejandro Garnacho Ferreyra,MID
2025-26,97846,340,Alex Cairns,GKP
2025-26,153133,324,Alex Iwobi,MID
2025-26,545477,481,Alex Murphy,DEF
2025-26,495145,70,Alex Paulsen,GKP
2025-26,503139,90,Alex Scott,MID
2025-26,219168,499,Alexander Isak,FWD
2025-26,243016,386,Alexis Mac Allister,MID
2025-26,517179,641,Alfie Pond,DEF
2025-26,116535,366,Alisson Becker,GKP
2025-26,494307,794,Alleyne,DEF
2025-26,84182,600,Alphonse Areola,GKP
2025-26,451302,431,Altay Bayındır,GKP
2025-26,653481,792,Alysson,MID
2025-26,493250,452,Amad Diallo,MID
2025-26,449871,59,Amadou Onana,MID
2025-26,611926,378,Amara Nallo,DEF
2025-26,489888,697,Amine Adli,MID
2025-26,646243,711,Andre Harriman-Annous,MID
2025-26,156689,327,Andreas Hoelgebaum Pereira,MID
2025-26,513834,177,Andrew Moran,MID
2025-26,122798,372,Andrew Robertson,DEF
2025-26,532605,246,Andrey Nascimento dos Santos,MID
2025-26,202641,432,André Onana,GKP
2025-26,509291,643,André Trindade da Costa Neto,MID
2025-26,606798,42,Andrés García,DEF
2025-26,229384,621,Andy Irving,MID
2025-26,209041,816,Angel,MID
2025-26,536661,813,Angulo,MID
2025-26,107265,675,Angus Gunn,GKP
2025-26,449434,486,Anthony Elanga,MID
2025-26,232826,485,Anthony Gordon,MID
2025-26,232571,528,Anthony Patterson,GKP
2025-26,437730,82,Antoine Semenyo,MID
2025-26,466525,660,Anton Stach,MID
2025-26,169528,316,Antonee Robinson,DEF
2025-26,543295,122,Antoni Milambo,MID
2025-26,467169,454,Antony dos Santos,MID
2025-26,485055,567,Antonín Kinský,GKP
2025-26,640108,492,Antoñito Cordero Campillo,MID
2025-26,547701,591,Archie Gray,MID
2025-26,440323,680,Armando Broja,FWD
2025-26,155511,817,Armstrong,FWD
2025-26,465680,696,Arnaud Kalimuendo,FWD
2025-26,105717,678,Arthur Masuaku,DEF
2025-26,579075,274,Asher Agbinone,MID
2025-26,44699,218,Ashley Barnes,FWD
2025-26,548308,576,Ashley Phillips,DEF
2025-26,180804,198,Axel Tuanzebe,DEF
2025-26,606745,447,Ayden Heaven,DEF
2025-26,242882,685,Bafodé Diakité,DEF
2025-26,489639,139,Bart Verbruggen,GKP
2025-26,461188,193,Bashir Humphreys,DEF
2025-26,560248,639,Bastien Meupiyou Menadjou,DEF
2025-26,577731,60,Ben Broggio,MID
2025-26,115556,571,Ben Davies,DEF
2025-26,496208,391,Ben Doak,MID
2025-26,606775,96,Ben Winterburn,MID
2025-26,643426,773,Benamar,DEF
2025-26,576620,769,Bendito Mantato,MID
2025-26,622536,114,Benjamin Arthur,DEF
2025-26,612534,115,Benjamin Fredrick,DEF
2025-26,86873,664,Benjamin Lecomte,GKP
2025-26,485711,681,Benjamin Sesko,FWD
2025-26,198869,11,Benjamin White,DEF
2025-26,242880,229,Benoît Badiashile Mukinayi,DEF
2025-26,559610,810,Bentt,MID
2025-26,165809,416,Bernardo Mota Veiga de Carvalho e Silva,MID
2025-26,80201,314,Bernd Leno,GKP
2025-26,110504,735,Bertrand Traoré,MID
2025-26,490000,530,Blondy Nna Noukeu,GKP
2025-26,218364,259,Borna Sosa,DEF
2025-26,226944,58,Boubacar Kamara,MID
2025-26,476502,649,Boubacar Traoré,MID
2025-26,645618,702,Bradley Burrowes,MID
2025-26,513433,162,Brajan Gruda,MID
2025-26,214572,566,Brandon Austin,GKP
2025-26,563324,13,Brayden Clarke,DEF
2025-26,427637,350,Brenden Aaronson,MID
2025-26,242898,580,Brennan Johnson,MID
2025-26,441264,730,Brian Brobbey,FWD
2025-26,704232,784,Brierley,MID
2025-26,491460,828,Brooks,GKP
2025-26,141746,449,Bruno Borges Fernandes,MID
2025-26,208706,488,Bruno Guimarães Rodriguez Moura,MID
2025-26,436234,590,Bryan Gil Salvatierra,MID
2025-26,446008,119,Bryan Mbeumo,MID
2025-26,223340,16,Bukayo Saka,MID
2025-26,590012,265,Caleb Kporha,DEF
2025-26,568791,69,Callan McKenna,GKP
2025-26,547801,306,Callum Bates,MID
2025-26,209046,516,Callum Hudson-Odoi,MID
2025-26,565431,626,Callum Marshall,FWD
2025-26,499726,595,Callum Olusesi,MID
2025-26,75115,671,Callum Wilson,FWD
2025-26,232892,318,Calvin Bassey,DEF
2025-26,489580,380,Calvin Ramsay,DEF
2025-26,200720,101,Caoimhín Kelleher,GKP
2025-26,472739,141,Carl Rushworth,GKP
2025-26,502697,301,Carlos Alcaraz Durán,MID
2025-26,535301,167,Carlos Baleba,MID
2025-26,61256,457,Carlos Henrique Casimiro,MID
2025-26,475123,503,Carlos Miguel dos Santos Pereira,GKP
2025-26,618027,781,Carroll,DEF
2025-26,631106,780,Casey,FWD
2025-26,515621,262,Chadi Riad Dnanou,DEF
2025-26,577978,838,Chadwick,MID
2025-26,565863,787,Chambers,MID
2025-26,647850,181,Charalampos Kostoulas,FWD
2025-26,536119,359,Charlie Crew,MID
2025-26,547720,156,Charlie Tasker,DEF
2025-26,438464,268,Cheick Doucouré,MID
2025-26,549912,553,Chemsdine Talbi,MID
2025-26,596047,467,Chido Obi,FWD
2025-26,223911,79,Chris Mepham,DEF
2025-26,427623,261,Chris Richards,DEF
2025-26,554197,551,Chris Rigg,MID
2025-26,60689,525,Chris Wood,FWD
2025-26,660392,732,Christantus Uche,FWD
2025-26,128295,24,Christian Nørgaard,MID
2025-26,213198,240,Christopher Nkunku,MID
2025-26,575204,425,Claudio Echeverri,MID
2025-26,504296,307,Coby Ebere,MID
2025-26,243298,384,Cody Gakpo,MID
2025-26,244851,235,Cole Palmer,MID
2025-26,192290,186,Connor Roberts,DEF
2025-26,492777,375,Conor Bradley,DEF
2025-26,592740,839,Cresswell,MID
2025-26,500040,662,Cristhian Mosquera,DEF
2025-26,221632,569,Cristian Romero,DEF
2025-26,450070,615,Crysencio Summerville,MID
2025-26,206915,388,Curtis Jones,MID
2025-26,678552,756,DaCosta,MID
2025-26,209400,271,Daichi Kamada,MID
2025-26,78916,476,Dan Burn,DEF
2025-26,456512,669,Dan Ndoye,MID
2025-26,223336,549,Dan Neil,MID
2025-26,490145,599,Dane Scarlett,FWD
2025-26,533463,83,Dango Ouattara,MID
2025-26,590760,99,Daniel Adu-Adjei,FWD
2025-26,223827,531,Daniel Ballard,DEF
2025-26,79602,629,Daniel Bentley,GKP
2025-26,200617,353,Daniel James,MID
2025-26,247348,256,Daniel Muñoz Mejía,DEF
2025-26,50175,178,Danny Welbeck,FWD
2025-26,250735,204,Darko Churlinov,MID
2025-26,470294,361,Darko Gyabi,MID
2025-26,447203,397,Darwin Núñez Ribeiro,FWD
2025-26,183656,748,Dasilva,MID
2025-26,111317,86,David Brooks,MID
2025-26,451432,509,David Mota Veiga Teixeira do Carmo,DEF
2025-26,497949,682,David Møller Wolfe,DEF
2025-26,531989,280,David Ozoh,MID
2025-26,154561,1,David Raya Martín,GKP
2025-26,172649,253,Dean Henderson,GKP
2025-26,204480,21,Declan Rice,MID
2025-26,445044,583,Dejan Kulusevski,MID
2025-26,461195,535,Dennis Cirkin,DEF
2025-26,461537,435,Dermot Mee,GKP
2025-26,619734,829,Derry,MID
2025-26,487053,574,Destiny Udogie,DEF
2025-26,550090,144,Diego Coppola,DEF
2025-26,514254,169,Diego Gómez Amarilla,MID
2025-26,661712,439,Diego León Blanco,DEF
2025-26,476887,734,Dilane Bakwa,MID
2025-26,216051,440,Diogo Dalot Teixeira,DEF
2025-26,220362,815,Disasi,DEF
2025-26,590039,739,Divine Mukasa,MID
2025-26,232859,573,Djed Spence,DEF
2025-26,177815,691,Dominic Calvert-Lewin,FWD
2025-26,550596,94,Dominic Sadi,MID
2025-26,154566,596,Dominic Solanke-Mitchell,FWD
2025-26,424876,387,Dominik Szoboszlai,MID
2025-26,204646,53,Donyell Malen,MID
2025-26,230046,699,Douglas Luiz Soares de Paulo,MID
2025-26,672492,762,Drakes-Thomas,MID
2025-26,433154,300,Dwight McNeil,MID
2025-26,491007,247,Dário Luís Essugo,MID
2025-26,232413,266,Eberechi Eze,MID
2025-26,671606,833,Eboué,MID
2025-26,205533,284,Eddie Nketiah,FWD
2025-26,121160,399,Ederson Santana de Moraes,GKP
2025-26,213999,616,Edson Álvarez Velázquez,MID
2025-26,439135,154,Eiran Cashin,DEF
2025-26,613804,603,El Hadji Malick Diouf,DEF
2025-26,560262,100,Eli Junior Kroupi,FWD
2025-26,564406,561,Eliezer Mayenda Dossou,FWD
2025-26,491745,705,Elijah Campbell,DEF
2025-26,515046,812,Ellborg,GKP
2025-26,235448,102,Ellery Balcombe,GKP
2025-26,215379,517,Elliot Anderson,MID
2025-26,588555,433,Elyh Harrison,GKP
2025-26,611912,743,Emenalo,MID
2025-26,109533,604,Emerson Palmieri dos Santos,DEF
2025-26,111773,479,Emil Krafth,DEF
2025-26,209289,325,Emile Smith Rowe,MID
2025-26,195546,50,Emiliano Buendía Stati,MID
2025-26,98980,32,Emiliano Martínez Romero,GKP
2025-26,516939,631,Emmanuel Agbadou,DEF
2025-26,158983,392,Endo Wataru,MID
2025-26,168636,98,Enes Ünal,FWD
2025-26,578614,203,Enock Agyei,MID
2025-26,593001,652,Enso González Medina,MID
2025-26,491287,56,Enzo Barrenechea,MID
2025-26,448047,237,Enzo Fernández,MID
2025-26,484420,547,Enzo Le Fée,MID
2025-26,569014,523,Eric da Silva Moreira,MID
2025-26,223094,430,Erling Haaland,FWD
2025-26,624773,238,Estêvão Almeida de Oliveira Gonçalves,MID
2025-26,199598,354,Ethan Ampadu,MID
2025-26,499175,25,Ethan Nwaneri,MID
2025-26,231065,111,Ethan Pinnock,DEF
2025-26,575034,468,Ethan Wheatley,FWD
2025-26,489571,184,Etienne Green,GKP
2025-26,487117,179,Evan Ferguson,FWD
2025-26,485337,677,Evann Guessand,MID
2025-26,199798,38,Ezri Konsa Ngoyo,DEF
2025-26,119471,474,Fabian Schär,DEF
2025-26,536916,168,Facundo Buonanotte,MID
2025-26,223541,385,Federico Chiesa,MID
2025-26,485047,511,Felipe Rodrigues da Silva,DEF
2025-26,643135,645,Fer López González,MID
2025-26,231416,148,Ferdi Kadıoğlu,DEF
2025-26,508479,221,Filip Jörgensen,GKP
2025-26,462381,35,Filip Marschall,GKP
2025-26,519913,771,Fletcher,MID
2025-26,216055,722,Florentino Ibrain Morris Luís,MID
2025-26,494595,382,Florian Wirtz,MID
2025-26,40383,782,Forster,GKP
2025-26,444102,97,Francisco Evanilson de Lima Barbosa,FWD
2025-26,574398,282,Franco Umeh-Chibueze,MID
2025-26,428580,128,Frank Onyeka,MID
2025-26,490142,623,Freddie Potts,MID
2025-26,155503,369,Freddie Woodman,GKP
2025-26,593174,797,Furo,FWD
2025-26,438098,23,Fábio Ferreira Vieira,MID
2025-26,244858,123,Fábio Freitas Gouveia Carvalho,MID
2025-26,449988,655,Fábio Soares Silva,FWD
2025-26,205651,31,Gabriel Fernando de Jesus,FWD
2025-26,243526,347,Gabriel Gudmundsson,DEF
2025-26,444145,19,Gabriel Martinelli Silva,MID
2025-26,471798,223,Gabriel Słonina,GKP
2025-26,226597,5,Gabriel dos Santos Magalhães,DEF
2025-26,232787,796,Gallagher,MID
2025-26,564510,496,Garang Kuol,MID
2025-26,490885,620,George Earthy,MID
2025-26,577285,754,George Hemmings,MID
2025-26,463067,158,Georginio Rutter,MID
2025-26,204936,736,Gianluigi Donnarumma,GKP
2025-26,449027,367,Giorgi Mamardashvili,GKP
2025-26,647681,692,Giovanni Leoni,DEF
2025-26,643473,752,Golambeckis,DEF
2025-26,181284,647,Gonçalo Manuel Ganchinho Guedes,MID
2025-26,627888,831,Gracey,GKP
2025-26,629068,779,Graham,FWD
2025-26,84450,668,Granit Xhaka,MID
2025-26,516234,763,Gray,MID
2025-26,60307,783,Groß,MID
2025-26,184254,565,Guglielmo Vicario,GKP
2025-26,197024,618,Guido Rodríguez,MID
2025-26,626464,127,Gustavo Nunes Fernandes Gomes,MID
2025-26,547027,544,Habib Diarra,MID
2025-26,424044,93,Hamed Traorè,MID
2025-26,247245,188,Hannes Delcroix,DEF
2025-26,465527,207,Hannibal Mejbri,MID
2025-26,609873,305,Harrison Armstrong,MID
2025-26,441024,482,Harrison Ashby,DEF
2025-26,547410,557,Harrison Jones,MID
2025-26,153366,336,Harrison Reed,MID
2025-26,577974,445,Harry Amass,DEF
2025-26,600882,741,Harry Gray,FWD
2025-26,95658,442,Harry Maguire,DEF
2025-26,447325,289,Harry Tyrer,GKP
2025-26,153682,329,Harry Wilson,MID
2025-26,201666,487,Harvey Barnes,MID
2025-26,444884,389,Harvey Elliott,MID
2025-26,553742,825,Herrick,GKP
2025-26,580921,764,Heskey,MID
2025-26,478969,190,Hjalmar Ekdal,DEF
2025-26,516875,757,Hollingshead,GKP
2025-26,597320,795,Howell,MID
2025-26,490721,633,Hugo Bueno López,DEF
2025-26,510663,661,Hugo Ekitiké,FWD
2025-26,184754,642,Hwang Hee-chan,MID
2025-26,507433,105,Hákon Rafn Valdimarsson,GKP
2025-26,441302,39,Ian Maatsen,DEF
2025-26,215460,550,Ian Poveda-Ocampo,MID
2025-26,210462,521,Ibrahim Sangaré,MID
2025-26,204716,374,Ibrahima Konaté,DEF
2025-26,80801,302,Idrissa Gana Gueye,MID
2025-26,482973,526,Igor Jesus Maciel da Cruz,FWD
2025-26,223434,149,Igor Julio dos Santos de Paulo,DEF
2025-26,502500,136,Igor Thiago Nascimento Rodrigues,FWD
2025-26,486520,356,Ilia Gruev,MID
2025-26,440993,299,Iliman Ndiaye,MID
2025-26,437495,339,Illan Meslier,GKP
2025-26,477580,71,Illia Zabarnyi,DEF
2025-26,502988,798,Imray,DEF
2025-26,153127,495,Isaac Hayden,MID
2025-26,496279,308,Isaac Heath,MID
2025-26,492368,349,Isaac Schmidt,DEF
2025-26,232185,267,Ismaïla Sarr,MID
2025-26,588796,28,Ismeal Kabia,MID
2025-26,219924,320,Issa Diop,DEF
2025-26,533710,137,Iwan Morgan,FWD
2025-26,547037,462,Jack Fletcher,MID
2025-26,114283,419,Jack Grealish,MID
2025-26,221399,352,Jack Harrison,MID
2025-26,532529,163,Jack Hinshelwood,MID
2025-26,559684,464,Jack Moorhouse,MID
2025-26,523705,695,Jackson Tchatchoua,DEF
2025-26,179458,202,Jacob Bruun Larsen,MID
2025-26,114243,489,Jacob Murphy,MID
2025-26,232653,52,Jacob Ramsey,MID
2025-26,589100,155,Jacob Slater,DEF
2025-26,209243,456,Jadon Sancho,MID
2025-26,444180,200,Jaidon Anthony,MID
2025-26,575458,510,Jair Paula da Cunha Filho,DEF
2025-26,434752,344,Jaka Bijol,DEF
2025-26,512462,293,Jake O'Brien,DEF
2025-26,440854,9,Jakub Kiwior,DEF
2025-26,101148,480,Jamaal Lascelles,DEF
2025-26,559962,62,Jamaldeen Jimoh-Aloba,MID
2025-26,232928,303,James Garner,MID
2025-26,463981,77,James Hill,DEF
2025-26,220627,706,James Justin,DEF
2025-26,172780,581,James Maddison,MID
2025-26,432714,426,James McAtee,MID
2025-26,491501,394,James McConnell,MID
2025-26,15157,170,James Milner,MID
2025-26,17761,291,James Tarkowski,DEF
2025-26,432720,182,James Trafford,GKP
2025-26,101178,614,James Ward-Prowse,MID
2025-26,481283,688,James Wright,GKP
2025-26,463936,239,Jamie Bynoe-Gittens,MID
2025-26,469142,151,Jan Paul van Hecke,DEF
2025-26,480455,290,Jarrad Branthwaite,DEF
2025-26,178186,624,Jarrod Bowen,FWD
2025-26,49262,138,Jason Steele,GKP
2025-26,493837,558,Jay Matete,MID
2025-26,556639,461,Jayce Fitzgerald,MID
2025-26,651426,723,Jaydee Canvot,DEF
2025-26,226182,342,Jayden Bogle,DEF
2025-26,500058,398,Jayden Danns,FWD
2025-26,499717,118,Jayden Meghoma,DEF
2025-26,551206,213,Jaydon Banel,MID
2025-26,462116,609,Jean-Clair Todibo,DEF
2025-26,231747,283,Jean-Philippe Mateta,FWD
2025-26,231057,644,Jean-Ricner Bellegarde,MID
2025-26,152551,272,Jefferson Lerma Solís,MID
2025-26,232356,774,Jenson Jones,DEF
2025-26,491557,309,Jenson Metcalfe,MID
2025-26,519634,542,Jenson Seelt,DEF
2025-26,216094,370,Jeremie Frimpong,DEF
2025-26,441192,171,Jeremy Sarmiento Morante,MID
2025-26,450542,278,Jesurun Rak-Sakyi,MID
2025-26,230376,663,Jhon Arias,MID
2025-26,174874,317,Joachim Andersen,DEF
2025-26,699989,800,Jocelin.T,MID
2025-26,232820,534,Joe Anderson,DEF
2025-26,462492,34,Joe Gauci,GKP
2025-26,462635,360,Joe Gelhardt,MID
2025-26,171287,376,Joe Gomez,DEF
2025-26,240299,653,Joe Hodge,MID
2025-26,567121,175,Joe Knight,MID
2025-26,214225,348,Joe Rodon,DEF
2025-26,461484,498,Joe White,MID
2025-26,200089,494,Joe Willock,MID
2025-26,208912,199,Joe Worrall,DEF
2025-26,180974,490,Joelinton Cássio Apolinário de Lira,MID
2025-26,122806,54,John McGinn,MID
2025-26,97299,409,John Stones,DEF
2025-26,221389,715,John Victor Maciel Furtado,GKP
2025-26,631786,737,Jonah Kusi-Asare,FWD
2025-26,571087,822,Jones,MID
2025-26,241231,194,Jordan Beyer,DEF
2025-26,56979,124,Jordan Henderson,MID
2025-26,111234,287,Jordan Pickford,GKP
2025-26,246301,321,Jorge Cuenca Barreno,DEF
2025-26,551210,672,Jorrel Hato,DEF
2025-26,577016,233,Josh Acheampong,DEF
2025-26,172567,205,Josh Cullen,MID
2025-26,577725,335,Josh King,MID
2025-26,167887,209,Josh Laurent,MID
2025-26,499167,15,Josh Nichols,DEF
2025-26,458249,466,Joshua Zirkzee,FWD
2025-26,149065,628,José Malheiro de Sá,GKP
2025-26,154296,673,João Maria Lobo Alves Palhares Costa Palhinha Gonçalves,MID
2025-26,510500,518,João Pedro Ferreira da Silva,MID
2025-26,475168,249,João Pedro Junqueira de Jesus,FWD
2025-26,448089,646,João Victor Gomes da Silva,MID
2025-26,235826,362,Joël Piroe,FWD
2025-26,111478,152,Joël Veltman,DEF
2025-26,477424,403,Joško Gvardiol,DEF
2025-26,535017,104,Julian Eyestone,GKP
2025-26,474120,161,Julio Enciso Espínola,MID
2025-26,575901,80,Julio Soler Barreto,DEF
2025-26,436893,78,Julián Araujo Zúñiga,DEF
2025-26,640419,745,Jun'ai Byfield,DEF
2025-26,445122,8,Jurriën Timber,DEF
2025-26,489706,276,Justin Devenny,MID
2025-26,222683,81,Justin Kluivert,MID
2025-26,248875,418,Jérémy Doku,MID
2025-26,247412,654,Jørgen Strand Larsen,FWD
2025-26,537403,63,Kadan Young,MID
2025-26,530318,281,Kaden Rodney,MID
2025-26,518438,611,Kaelan Casey,DEF
2025-26,219847,30,Kai Havertz,FWD
2025-26,155405,429,Kalvin Phillips,MID
2025-26,59735,341,Karl Darlow,GKP
2025-26,463748,3,Karl Hein,GKP
2025-26,616286,834,Kavuma-McQueen,MID
2025-26,249231,107,Keane Lewis-Potter,DEF
2025-26,611134,248,Kendry Páez Andrade,MID
2025-26,167074,322,Kenny Tete,DEF
2025-26,109745,2,Kepa Arrizabalaga Revuelta,GKP
2025-26,135720,570,Kevin Danso,DEF
2025-26,560552,731,Kevin Santos Lopes de Macedo,MID
2025-26,513418,120,Kevin Schade,MID
2025-26,441271,638,Ki-Jana Hoever,DEF
2025-26,596042,746,Kieran Morrison,MID
2025-26,77794,478,Kieran Trippier,DEF
2025-26,215413,242,Kiernan Dewsbury-Hall,MID
2025-26,570241,117,Kim Ji-soo,DEF
2025-26,591384,793,King,DEF
2025-26,240514,142,Kjell Scherpen,GKP
2025-26,516895,458,Kobbie Mainoo,MID
2025-26,233963,606,Konstantinos Mavropanos,DEF
2025-26,214285,377,Konstantinos Tsimikas,DEF
2025-26,191866,108,Kristoffer Ajer,DEF
2025-26,483364,602,Krisztián Hegyi,GKP
2025-26,576637,788,Kukonki,DEF
2025-26,536134,811,Kyerematen,MID
2025-26,58621,187,Kyle Walker,DEF
2025-26,158534,659,Kyle Walker-Peters,DEF
2025-26,576628,755,Lacey,MID
2025-26,431248,709,Ladislav Krejcí,DEF
2025-26,572702,802,Lamadrid,MID
2025-26,515597,44,Lamare Bogarde,DEF
2025-26,433952,357,Largie Ramazani,MID
2025-26,151589,61,Leander Dendoncker,MID
2025-26,116216,20,Leandro Trossard,MID
2025-26,550864,444,Leny Yoro,DEF
2025-26,477547,536,Leo Fuhr Hjelde,DEF
2025-26,215711,49,Leon Bailey,MID
2025-26,589507,657,Leon Chiwome,FWD
2025-26,664015,768,Leon Routh,DEF
2025-26,503714,676,Lesley Ugochukwu,MID
2025-26,460028,227,Levi Samuels Colwill,DEF
2025-26,155408,88,Lewis Cook,MID
2025-26,461421,57,Lewis Dobbin,MID
2025-26,83299,146,Lewis Dunk,DEF
2025-26,487838,473,Lewis Hall,DEF
2025-26,547719,497,Lewis Miley,MID
2025-26,243345,520,Lewis O'Brien,MID
2025-26,518442,622,Lewis Orford,MID
2025-26,463034,250,Liam Delap,FWD
2025-26,643970,837,Lienou,DEF
2025-26,514315,45,Lino da Cruz Sousa,DEF
2025-26,221820,437,Lisandro Martínez,DEF
2025-26,469272,210,Loum Tchaouna,MID
2025-26,487702,208,Luca Koleosho,MID
2025-26,570526,586,Lucas Bergvall,MID
2025-26,101188,37,Lucas Digne,DEF
2025-26,201595,665,Lucas Estella Perri,GKP
2025-26,549329,195,Lucas Pires Silva,DEF
2025-26,224024,612,Lucas Tolentino Coelho de Lima,MID
2025-26,469130,805,Lucca,FWD
2025-26,519440,760,Lucky,DEF
2025-26,244731,383,Luis Díaz Marulanda,MID
2025-26,560441,729,Luis Eduardo Soares da Silva,DEF
2025-26,577114,619,Luis Guilherme Lira dos Santos,MID
2025-26,224995,91,Luis Sinisterra Lucumí,MID
2025-26,610799,578,Luka Vušković,DEF
2025-26,174594,365,Lukas Nmecha,FWD
2025-26,37096,738,Lukasz Fabianski,GKP
2025-26,515024,334,Luke Harris,MID
2025-26,167512,539,Luke O'Nien,DEF
2025-26,106760,443,Luke Shaw,DEF
2025-26,247955,724,Lutsharel Geertruida,DEF
2025-26,551153,563,Luís Hemir Silva Semedo,FWD
2025-26,435973,217,Lyle Foster,FWD
2025-26,467189,679,Mads Hermansen,GKP
2025-26,226956,112,Mads Roerslev Rasmussen,DEF
2025-26,450535,277,Malcolm Ebiowei,MID
2025-26,588793,14,Maldini Kacurri,DEF
2025-26,465642,684,Malick Thiaw,DEF
2025-26,611695,174,Malick Yalcouyé,MID
2025-26,482609,228,Malo Gusto,DEF
2025-26,574458,231,Mamadou Sarr,DEF
2025-26,436416,806,Mandas,GKP
2025-26,235674,589,Manor Solomon,MID
2025-26,211975,404,Manuel Akanji,DEF
2025-26,183751,201,Manuel Benson Hedilazio,MID
2025-26,232112,459,Manuel Ugarte Ribeiro,MID
2025-26,647671,749,Mané,FWD
2025-26,179268,224,Marc Cucurella Saseta,DEF
2025-26,499309,252,Marc Guiu Paz,FWD
2025-26,209036,260,Marc Guéhi,DEF
2025-26,72147,33,Marco Bizot,GKP
2025-26,221466,72,Marcos Senesi Barón,DEF
2025-26,122074,401,Marcus Bettinelli,GKP
2025-26,174592,206,Marcus Edwards,MID
2025-26,176297,451,Marcus Rashford,MID
2025-26,201658,84,Marcus Tavernier,MID
2025-26,81441,471,Mark Gillespie,GKP
2025-26,229600,288,Mark Travers,GKP
2025-26,495161,524,Marko Stamenić,MID
2025-26,433312,648,Marshall Munetsi,MID
2025-26,573062,333,Martial Godo,MID
2025-26,67089,470,Martin Dúbravka,GKP
2025-26,536241,313,Martin Sherif,FWD
2025-26,184029,17,Martin Ødegaard,MID
2025-26,481655,26,Martín Zubimendi Ibáñez,MID
2025-26,184341,455,Mason Mount,MID
2025-26,541462,75,Matai Akinmboni,DEF
2025-26,565297,364,Mateo Joseph Fernández-Regatillo,FWD
2025-26,91651,422,Mateo Kovačić,MID
2025-26,551226,708,Mateus Gonçalo Espanha Fernandes,MID
2025-26,536694,279,Matheus França de Oliveira,MID
2025-26,465351,407,Matheus Nunes,DEF
2025-26,430871,450,Matheus Santos Carneiro da Cunha,MID
2025-26,207283,126,Mathias Jensen,MID
2025-26,511499,584,Mathys Tel,MID
2025-26,467779,173,Mats Wieffer,MID
2025-26,87835,632,Matt Doherty,DEF
2025-26,219249,164,Matt O'Riley,MID
2025-26,169359,484,Matt Targett,DEF
2025-26,224068,504,Matt Turner,GKP
2025-26,503300,103,Matthew Cox,GKP
2025-26,209365,436,Matthijs de Ligt,DEF
2025-26,199796,36,Matty Cash,DEF
2025-26,85633,502,Matz Sels,GKP
2025-26,616077,700,Max Dowman,MID
2025-26,518030,183,Max Weiß,GKP
2025-26,437499,257,Maxence Lacroix,DEF
2025-26,465730,145,Maxim De Cuyper,DEF
2025-26,477717,191,Maxime Estève,DEF
2025-26,214048,605,Maximilian Kilman,DEF
2025-26,149519,617,Maxwel Cornet,MID
2025-26,602903,747,Mayers,DEF
2025-26,644593,820,McMahon-Brown,MID
2025-26,587433,824,McManus,DEF
2025-26,505079,786,McNally,GKP
2025-26,513466,728,Merlin Röhl,MID
2025-26,518335,789,Merrick,GKP
2025-26,567119,840,Mheuka,FWD
2025-26,607464,110,Michael Kayode,DEF
2025-26,106611,295,Michael Keane,DEF
2025-26,220598,219,Michael Obafemi,FWD
2025-26,491279,575,Micky van de Ven,DEF
2025-26,549939,222,Mike Penders,GKP
2025-26,437748,214,Mike Trésor Ndayishimiye,MID
2025-26,195384,22,Mikel Merino Zazón,MID
2025-26,499721,592,Mikey Moore,MID
2025-26,440089,121,Mikkel Damsgaard,MID
2025-26,626844,546,Milan Aleksić,MID
2025-26,544877,371,Milos Kerkez,DEF
2025-26,578512,483,Miodrag Pivaš,DEF
2025-26,451340,157,Mitoma Kaoru,MID
2025-26,630699,758,Mohamadou Kanté,MID
2025-26,118748,381,Mohamed Salah,MID
2025-26,460842,582,Mohammed Kudus,MID
2025-26,486672,241,Moisés Caicedo Corozo,MID
2025-26,222531,515,Morgan Gibbs-White,MID
2025-26,244850,47,Morgan Rogers,MID
2025-26,575476,506,Murillo Costa dos Santos,DEF
2025-26,465920,245,Mykhailo Mudryk,MID
2025-26,499169,10,Myles Lewis-Skelly,DEF
2025-26,450539,133,Myles Peart-Harris,MID
2025-26,466117,275,Naouirou Ahamada,MID
2025-26,126184,405,Nathan Aké,DEF
2025-26,432830,106,Nathan Collins,DEF
2025-26,531363,658,Nathan Fraser,FWD
2025-26,243571,296,Nathan Patterson,DEF
2025-26,57328,263,Nathaniel Clyne,DEF
2025-26,210494,607,Nayef Aguerd,DEF
2025-26,440955,564,Nazarii Rusyn,FWD
2025-26,718875,832,Ndiaye,DEF
2025-26,215136,508,Neco Williams,DEF
2025-26,500696,559,Nectarios Triantis,MID
2025-26,556637,744,Nehemiah Oriola,MID
2025-26,470315,814,Netz,DEF
2025-26,492066,537,Niall Huggins,DEF
2025-26,98747,469,Nick Pope,GKP
2025-26,470313,714,Nick Woltemade,FWD
2025-26,91889,625,Niclas Füllkrug,FWD
2025-26,465694,423,Nico González Iglesias,MID
2025-26,472769,411,Nico O'Reilly,DEF
2025-26,517052,251,Nicolas Jackson,FWD
2025-26,250199,519,Nicolás Domínguez,MID
2025-26,500151,716,Nicolò Savona,DEF
2025-26,227444,505,Nikola Milenković,DEF
2025-26,435997,698,Noah Okafor,MID
2025-26,577669,552,Noah Sadiki,MID
2025-26,248857,18,Noni Madueke,MID
2025-26,486385,311,Norberto Bercique Gomes Betuncal,FWD
2025-26,69752,66,Norberto Murara Neto,GKP
2025-26,200834,694,Nordi Mukiele,DEF
2025-26,230001,438,Noussair Mazraoui,DEF
2025-26,199670,285,Odsonne Édouard,FWD
2025-26,111452,472,Odysseas Vlachodimos,GKP
2025-26,514362,777,Ojinnaka,MID
2025-26,159506,507,Ola Aina,DEF
2025-26,601956,766,Olagunju,DEF
2025-26,206325,12,Oleksandr Zinchenko,DEF
2025-26,519895,197,Oliver Sonne,DEF
2025-26,204120,143,Olivier Boscagli,DEF
2025-26,536109,608,Ollie Scarles,DEF
2025-26,178301,64,Ollie Watkins,FWD
2025-26,576323,212,Oluwaseun Adewumi,MID
2025-26,201895,683,Omar Alderete,DEF
2025-26,438234,413,Omar Marmoush,MID
2025-26,204822,512,Omar Richards,DEF
2025-26,503301,693,Omari Hutchinson,MID
2025-26,477555,424,Oscar Bobb,MID
2025-26,547671,826,Owen,MID
2025-26,518906,76,Owen Bevan,DEF
2025-26,461567,189,Owen Dodgson,DEF
2025-26,530335,785,Pablo,FWD
2025-26,482442,593,Pape Matar Sarr,MID
2025-26,220695,132,Paris Maghoma,MID
2025-26,222694,343,Pascal Struijk,DEF
2025-26,106617,363,Patrick Bamford,FWD
2025-26,596777,441,Patrick Dorgu,DEF
2025-26,124165,545,Patrick Roberts,MID
2025-26,244954,41,Pau Torres,DEF
2025-26,641221,640,Pedro Cardoso de Lima,DEF
2025-26,247632,236,Pedro Lomba Neto,MID
2025-26,441164,568,Pedro Porro Sauceda,DEF
2025-26,204214,147,Pervis Estupiñán Tenorio,DEF
2025-26,209244,414,Phil Foden,MID
2025-26,168991,89,Philip Billing,MID
2025-26,448104,725,Piero Hincapié,DEF
2025-26,458297,556,Pierre Ekwah Elimby,MID
2025-26,647960,776,Pimlott,MID
2025-26,494960,192,Quilindschy Hartman,DEF
2025-26,493125,572,Radu Drăgușin,DEF
2025-26,247693,726,Randal Kolo Muani,FWD
2025-26,497894,465,Rasmus Højlund,FWD
2025-26,605319,767,Rawlings,MID
2025-26,499604,807,Rayan,MID
2025-26,448514,402,Rayan Aït-Nouri,DEF
2025-26,466052,417,Rayan Cherki,MID
2025-26,102057,337,Raúl Jiménez Rodríguez,FWD
2025-26,225796,225,Reece James,DEF
2025-26,474907,298,Reece Welch,DEF
2025-26,434399,541,Reinildo Mandava,DEF
2025-26,200641,27,Reiss Nelson,MID
2025-26,169593,255,Remi Matthews,GKP
2025-26,606774,687,Remy Rees-Dottin,MID
2025-26,219937,379,Rhys Williams,DEF
2025-26,466075,7,Riccardo Calafiori,DEF
2025-26,212319,597,Richarlison de Andrade,FWD
2025-26,194010,109,Rico Henry,DEF
2025-26,477064,410,Rico Lewis,DEF
2025-26,619536,770,Ridgeon,MID
2025-26,590014,690,Rio Cardines,MID
2025-26,611922,686,Rio Ngumoha,MID
2025-26,156074,264,Rob Holding,DEF
2025-26,215059,220,Robert Lynch Sánchez,GKP
2025-26,498016,670,Robin Roefs,GKP
2025-26,220566,421,Rodrigo 'Rodri' Hernandez Cascante,MID
2025-26,202993,585,Rodrigo Bentancur,MID
2025-26,483081,635,Rodrigo Martins Gomes,DEF
2025-26,244042,338,Rodrigo Muniz Carvalho,FWD
2025-26,606921,269,Romain Esse,MID
2025-26,441240,92,Romain Faivre,MID
2025-26,461199,548,Romaine Mundle,MID
2025-26,496178,297,Roman Dixon,DEF
2025-26,606689,130,Romelle Donovan,MID
2025-26,514356,244,Roméo Lavia,MID
2025-26,88894,55,Ross Barkley,MID
2025-26,499716,750,Rowswell,DEF
2025-26,19236,753,Ruddy,GKP
2025-26,158499,87,Ryan Christie,MID
2025-26,441266,390,Ryan Gravenberch,MID
2025-26,616288,742,Ryan McAidoo,MID
2025-26,184349,328,Ryan Sessegnon,MID
2025-26,591357,134,Ryan Trevitt,MID
2025-26,204968,522,Ryan Yates,MID
2025-26,171314,408,Rúben dos Santos Gato Alves Dias,DEF
2025-26,616065,759,Salmon,DEF
2025-26,113564,346,Sam Byram,DEF
2025-26,248937,355,Sam Greenwood,MID
2025-26,101982,627,Sam Johnstone,GKP
2025-26,564505,703,Sam Proctor,GKP
2025-26,591385,323,Samuel Amissah,DEF
2025-26,218328,727,Samuel Chukwueze,MID
2025-26,469247,51,Samuel Iling-Junior,MID
2025-26,207189,330,Sander Berge,MID
2025-26,432422,491,Sandro Tonali,MID
2025-26,231480,636,Santiago Ignacio Bueno,DEF
2025-26,429414,656,Saša Kalajdžić,FWD
2025-26,212314,332,Saša Lukić,MID
2025-26,180135,493,Sean Longstaff,MID
2025-26,599303,501,Sean Neave,FWD
2025-26,437738,345,Sebastiaan Bornauw,DEF
2025-26,465247,733,Senne Lammens,GKP
2025-26,444765,113,Sepp van den Berg,DEF
2025-26,623110,689,Seung-Soo Park,MID
2025-26,553746,765,Shahar,DEF
2025-26,499857,803,Sharman-Lowe,GKP
2025-26,494556,819,Shield,DEF
2025-26,450072,196,Shurandy Sambo,DEF
2025-26,604988,761,Simmonds,DEF
2025-26,535818,543,Simon Adingra,MID
2025-26,74854,529,Simon Moore,GKP
2025-26,590040,836,Sinclair,MID
2025-26,109345,159,Solly March,MID
2025-26,85971,579,Son Heung-min,MID
2025-26,564940,718,Soungoutou Magassa,MID
2025-26,616221,804,Souza,DEF
2025-26,535928,393,Stefan Bajčetić Maquieira,MID
2025-26,88248,400,Stefan Ortega Moreno,GKP
2025-26,608181,180,Stefanos Tzimas,FWD
2025-26,566213,740,Stephen Mfuni,DEF
2025-26,649240,823,Stephenson,DEF
2025-26,428971,315,Steven Benda,GKP
2025-26,658013,799,Stevens,MID
2025-26,589121,778,Sutherland,MID
2025-26,220237,475,Sven Botman,DEF
2025-26,566164,428,Sverre Nypan,MID
2025-26,510281,415,Sávio Moreira de Oliveira,MID
2025-26,59949,294,Séamus Coleman,DEF
2025-26,618873,463,Sékou Koné,MID
2025-26,210156,527,Taiwo Awoniyi,FWD
2025-26,553299,577,Takai Kōta,DEF
2025-26,248056,358,Tanaka Ao,MID
2025-26,232792,150,Tariq Lamptey,DEF
2025-26,247670,791,Taty,FWD
2025-26,497606,650,Tawanda Chirewa,MID
2025-26,586309,310,Thierno Barry,FWD
2025-26,576634,827,Thwaites,MID
2025-26,433036,427,Tijjani Reijnders,MID
2025-26,490094,304,Tim Iroegbunam,MID
2025-26,166477,319,Timothy Castagne,DEF
2025-26,465702,540,Timothée Pembélé,DEF
2025-26,441191,477,Tino Livramento,DEF
2025-26,490881,460,Toby Collyer,MID
2025-26,488213,720,Tolu Arokodare,FWD
2025-26,76357,331,Tom Cairney,MID
2025-26,596054,651,Tom Edozie,MID
2025-26,21205,434,Tom Heaton,GKP
2025-26,138001,630,Tom King,GKP
2025-26,209288,140,Tom McGill,GKP
2025-26,549074,172,Tom Watson,MID
2025-26,551221,4,Tommy Setford,GKP
2025-26,215439,613,Tomáš Souček,MID
2025-26,109646,232,Tosin Adarabioyo,DEF
2025-26,510362,637,Toti Gomes,DEF
2025-26,487676,532,Trai Hume,DEF
2025-26,534836,710,Travis Patterson,DEF
2025-26,180736,226,Trevoh Chalobah,DEF
2025-26,591386,396,Trey Nyoni,MID
2025-26,569577,701,Triston Rowe,DEF
2025-26,604211,775,Tutierov,MID
2025-26,200785,85,Tyler Adams,MID
2025-26,496661,707,Tyler Dibling,MID
2025-26,547676,446,Tyler Fredricson,DEF
2025-26,440148,395,Tyler Morton,MID
2025-26,461446,704,Tyler Onyango,MID
2025-26,222690,448,Tyrell Malacia,DEF
2025-26,244723,258,Tyrick Mitchell,DEF
2025-26,550615,243,Tyrique George,MID
2025-26,149484,40,Tyrone Mings,DEF
2025-26,614574,801,Tóth.A,MID
2025-26,620487,721,Veljko Milosavljevic,DEF
2025-26,184667,719,Victor Lindelöf,DEF
2025-26,224117,666,Viktor Gyökeres,FWD
2025-26,97032,373,Virgil van Dijk,DEF
2025-26,224967,292,Vitalii Mykolenko,DEF
2025-26,204580,125,Vitaly Janelt,MID
2025-26,616222,412,Vitor de Oliveira Nunes dos Reis,DEF
2025-26,51943,185,Václav Hladký,GKP
2025-26,121709,254,Walter Benítez,GKP
2025-26,82143,601,Wes Foderingham,GKP
2025-26,444463,230,Wesley Fofana,DEF
2025-26,568159,835,Whitehall,MID
2025-26,570929,821,Whittaker,MID
2025-26,492859,351,Wilfried Gnonto,MID
2025-26,444172,68,Will Dennis,GKP
2025-26,108413,270,Will Hughes,MID
2025-26,552427,598,Will Lankshear,FWD
2025-26,538207,500,William Osula,FWD
2025-26,462424,6,William Saliba,DEF
2025-26,611917,790,Williams-Barnett,MID
2025-26,90585,514,Willy Boly,DEF
2025-26,613232,818,Wilson,FWD
2025-26,437505,560,Wilson Isidor,FWD
2025-26,550839,588,Wilson Odobert,MID
2025-26,677945,830,Wright,FWD
2025-26,493362,717,Xavi Simons,MID
2025-26,623095,594,Yang Min-hyeok,MID
2025-26,592031,160,Yankuba Minteh,MID
2025-26,509416,166,Yasin Ayari,MID
2025-26,587178,46,Yasin Özcan,DEF
2025-26,508395,129,Yehor Yarmoliuk,MID
2025-26,501837,634,Yerson Mosquera Valdelamar,DEF
2025-26,216646,135,Yoane Wissa,FWD
2025-26,166989,48,Youri Tielemans,MID
2025-26,491012,312,Youssef Ramalho Chermiti,FWD
2025-26,628204,131,Yunus Emre Konak,MID
2025-26,227127,587,Yves Bissouma,MID
2025-26,488024,712,Yéremy Pino Santos,MID
2025-26,549067,513,Zach Abbott,DEF
2025-26,576980,286,Zach Marsh,FWD
2025-26,530121,95,Zain Silcott-Duberry,MID
2025-26,514613,538,Zak Johnson,DEF
2025-26,492831,216,Zeki Amdouni,FWD
2025-26,431639,215,Zian Flemming,FWD
2025-26,576756,65,Zépiqueno Redmond,FWD
2025-26,551483,713,Álex Jiménez Sánchez,DEF
2025-26,106468,43,Álex Moreno Lopera,DEF
2025-26,586268,368,Ármin Pécsi,GKP
2025-26,457569,67,Đorđe Petrović,GKP
2025-26,59859,420,İlkay Gündoğan,MID
